Week,co2
1974-05-19,333.34
1974-05-26,332.95
1974-06-02,332.32
1974-06-09,332.18
1974-06-16,332.37
1974-06-23,331.59
1974-06-30,331.68
1974-07-07,331.44
1974-07-14,330.85
1974-07-21,330.76
1974-07-28,329.80
1974-08-04,329.85
1974-08-11,329.05
1974-08-18,329.06
1974-08-25,328.33
1974-09-01,328.05
1974-09-08,327.57
1974-09-15,326.73
1974-09-22,326.96
1974-09-29,327.31
1974-10-06,327.07
1974-10-13,327.23
1974-10-20,327.40
1974-10-27,327.64
1974-11-03,327.80
1974-11-10,328.50
1974-11-17,328.56
1974-11-24,328.46
1974-12-01,328.76
1974-12-08,329.39
1974-12-15,329.77
1974-12-22,329.96
1974-12-29,330.38
1975-01-05,330.43
1975-01-12,330.59
1975-01-19,330.80
1975-01-26,331.22
1975-02-02,331.64
1975-02-09,331.12
1975-02-16,331.41
1975-02-23,331.96
1975-03-02,331.73
1975-03-09,331.61
1975-03-16,332.11
1975-03-23,331.86
1975-03-30,333.30
1975-04-06,332.79
1975-04-13,333.31
1975-04-20,333.39
1975-04-27,333.49
1975-05-04,333.94
1975-05-11,334.25
1975-05-18,333.45
1975-05-25,334.00
1975-06-01,333.96
1975-06-08,333.32
1975-06-15,333.22
1975-06-22,333.47
1975-06-29,333.01
1975-07-06,332.32
1975-07-13,331.83
1975-07-20,331.36
1975-07-27,331.21
1975-08-03,331.01
1975-08-10,330.38
1975-08-17,329.48
1975-08-24,328.73
1975-08-31,329.24
1975-09-07,329.42
1975-09-14,327.95
1975-09-21,327.96
1975-09-28,327.97
1975-10-05,-999.99
1975-10-12,328.35
1975-10-19,328.63
1975-10-26,328.80
1975-11-02,329.03
1975-11-09,329.01
1975-11-16,329.25
1975-11-23,330.18
1975-11-30,329.72
1975-12-07,-999.99
1975-12-14,-999.99
1975-12-21,-999.99
1975-12-28,-999.99
1976-01-04,331.33
1976-01-11,331.62
1976-01-18,331.66
1976-01-25,331.87
1976-02-01,332.45
1976-02-08,332.51
1976-02-15,332.64
1976-02-22,333.49
1976-02-29,332.43
1976-03-07,332.99
1976-03-14,333.56
1976-03-21,334.15
1976-03-28,334.67
1976-04-04,335.06
1976-04-11,333.65
1976-04-18,334.50
1976-04-25,334.93
1976-05-02,334.17
1976-05-09,334.33
1976-05-16,335.29
1976-05-23,335.38
1976-05-30,334.43
1976-06-06,334.25
1976-06-13,334.18
1976-06-20,334.02
1976-06-27,-999.99
1976-07-04,333.59
1976-07-11,333.48
1976-07-18,332.41
1976-07-25,332.24
1976-08-01,331.69
1976-08-08,330.70
1976-08-15,330.44
1976-08-22,330.23
1976-08-29,330.43
1976-09-05,329.54
1976-09-12,329.54
1976-09-19,328.58
1976-09-26,328.03
1976-10-03,328.55
1976-10-10,328.54
1976-10-17,329.27
1976-10-24,328.77
1976-10-31,329.32
1976-11-07,330.46
1976-11-14,330.17
1976-11-21,330.55
1976-11-28,330.68
1976-12-05,331.19
1976-12-12,332.39
1976-12-19,331.70
1976-12-26,332.39
1977-01-02,332.29
1977-01-09,332.49
1977-01-16,332.88
1977-01-23,332.98
1977-01-30,332.93
1977-02-06,333.21
1977-02-13,333.15
1977-02-20,333.09
1977-02-27,334.34
1977-03-06,334.27
1977-03-13,335.18
1977-03-20,335.32
1977-03-27,335.16
1977-04-03,335.96
1977-04-10,335.85
1977-04-17,336.30
1977-04-24,336.58
1977-05-01,337.00
1977-05-08,336.58
1977-05-15,337.14
1977-05-22,336.97
1977-05-29,336.63
1977-06-05,336.12
1977-06-12,336.01
1977-06-19,336.34
1977-06-26,335.74
1977-07-03,335.46
1977-07-10,335.23
1977-07-17,334.59
1977-07-24,334.09
1977-07-31,333.42
1977-08-07,332.54
1977-08-14,332.84
1977-08-21,331.82
1977-08-28,332.25
1977-09-04,331.18
1977-09-11,331.49
1977-09-18,330.94
1977-09-25,330.92
1977-10-02,330.93
1977-10-09,331.54
1977-10-16,331.27
1977-10-23,331.36
1977-10-30,331.87
1977-11-06,332.08
1977-11-13,332.53
1977-11-20,332.92
1977-11-27,332.65
1977-12-04,333.34
1977-12-11,333.40
1977-12-18,334.03
1977-12-25,333.99
1978-01-01,334.66
1978-01-08,334.56
1978-01-15,334.94
1978-01-22,335.68
1978-01-29,335.23
1978-02-05,334.74
1978-02-12,335.27
1978-02-19,335.50
1978-02-26,335.95
1978-03-05,336.06
1978-03-12,336.73
1978-03-19,336.91
1978-03-26,337.29
1978-04-02,337.33
1978-04-09,338.00
1978-04-16,337.62
1978-04-23,337.87
1978-04-30,338.27
1978-05-07,338.04
1978-05-14,337.89
1978-05-21,337.79
1978-05-28,338.44
1978-06-04,338.46
1978-06-11,338.12
1978-06-18,337.62
1978-06-25,337.47
1978-07-02,336.55
1978-07-09,336.79
1978-07-16,336.34
1978-07-23,335.74
1978-07-30,335.43
1978-08-06,334.64
1978-08-13,334.69
1978-08-20,334.21
1978-08-27,333.78
1978-09-03,332.81
1978-09-10,331.86
1978-09-17,331.75
1978-09-24,332.81
1978-10-01,332.21
1978-10-08,331.85
1978-10-15,332.66
1978-10-22,332.77
1978-10-29,333.22
1978-11-05,333.57
1978-11-12,333.60
1978-11-19,334.12
1978-11-26,334.10
1978-12-03,334.46
1978-12-10,334.96
1978-12-17,335.20
1978-12-24,335.07
1978-12-31,335.20
1979-01-07,335.48
1979-01-14,336.64
1979-01-21,336.93
1979-01-28,337.02
1979-02-04,336.61
1979-02-11,336.52
1979-02-18,336.76
1979-02-25,336.97
1979-03-04,337.93
1979-03-11,338.10
1979-03-18,338.65
1979-03-25,338.97
1979-04-01,338.87
1979-04-08,338.78
1979-04-15,338.77
1979-04-22,339.38
1979-04-29,339.56
1979-05-06,338.60
1979-05-13,339.19
1979-05-20,-999.99
1979-05-27,339.80
1979-06-03,339.74
1979-06-10,339.03
1979-06-17,339.13
1979-06-24,338.92
1979-07-01,338.14
1979-07-08,337.70
1979-07-15,337.91
1979-07-22,336.67
1979-07-29,336.84
1979-08-05,336.35
1979-08-12,336.18
1979-08-19,334.81
1979-08-26,335.25
1979-09-02,333.74
1979-09-09,334.40
1979-09-16,333.61
1979-09-23,333.61
1979-09-30,334.10
1979-10-07,334.53
1979-10-14,334.09
1979-10-21,334.12
1979-10-28,334.54
1979-11-04,334.80
1979-11-11,335.34
1979-11-18,335.63
1979-11-25,335.88
1979-12-02,336.39
1979-12-09,336.72
1979-12-16,337.01
1979-12-23,337.18
1979-12-30,337.53
1980-01-06,337.40
1980-01-13,337.71
1980-01-20,338.65
1980-01-27,337.89
1980-02-03,338.47
1980-02-10,338.19
1980-02-17,338.35
1980-02-24,338.91
1980-03-02,339.51
1980-03-09,339.83
1980-03-16,339.51
1980-03-23,340.84
1980-03-30,340.64
1980-04-06,340.76
1980-04-13,340.98
1980-04-20,341.15
1980-04-27,341.35
1980-05-04,341.39
1980-05-11,341.71
1980-05-18,341.45
1980-05-25,341.32
1980-06-01,341.64
1980-06-08,341.61
1980-06-15,341.50
1980-06-22,340.76
1980-06-29,340.40
1980-07-06,339.42
1980-07-13,339.31
1980-07-20,338.77
1980-07-27,338.81
1980-08-03,336.78
1980-08-10,338.07
1980-08-17,338.36
1980-08-24,337.21
1980-08-31,336.90
1980-09-07,336.24
1980-09-14,336.24
1980-09-21,335.36
1980-09-28,335.99
1980-10-05,335.72
1980-10-12,336.11
1980-10-19,336.51
1980-10-26,336.69
1980-11-02,336.97
1980-11-09,337.49
1980-11-16,337.20
1980-11-23,337.64
1980-11-30,337.88
1980-12-07,338.11
1980-12-14,338.50
1980-12-21,338.52
1980-12-28,338.60
1981-01-04,339.12
1981-01-11,339.25
1981-01-18,339.55
1981-01-25,339.67
1981-02-01,339.89
1981-02-08,340.70
1981-02-15,340.18
1981-02-22,341.34
1981-03-01,341.23
1981-03-08,340.97
1981-03-15,341.53
1981-03-22,342.49
1981-03-29,342.23
1981-04-05,342.62
1981-04-12,342.80
1981-04-19,342.54
1981-04-26,342.71
1981-05-03,343.08
1981-05-10,343.04
1981-05-17,342.95
1981-05-24,343.00
1981-05-31,342.87
1981-06-07,342.83
1981-06-14,342.40
1981-06-21,342.19
1981-06-28,341.71
1981-07-05,341.30
1981-07-12,340.54
1981-07-19,340.72
1981-07-26,340.05
1981-08-02,339.30
1981-08-09,338.98
1981-08-16,338.18
1981-08-23,337.25
1981-08-30,337.60
1981-09-06,337.10
1981-09-13,336.92
1981-09-20,336.84
1981-09-27,336.24
1981-10-04,336.66
1981-10-11,337.11
1981-10-18,337.22
1981-10-25,337.68
1981-11-01,338.13
1981-11-08,338.29
1981-11-15,338.43
1981-11-22,339.23
1981-11-29,339.72
1981-12-06,339.70
1981-12-13,339.64
1981-12-20,340.03
1981-12-27,340.51
1982-01-03,340.59
1982-01-10,340.75
1982-01-17,340.80
1982-01-24,341.64
1982-01-31,341.77
1982-02-07,341.58
1982-02-14,341.34
1982-02-21,341.97
1982-02-28,342.71
1982-03-07,342.47
1982-03-14,342.71
1982-03-21,-999.99
1982-03-28,342.84
1982-04-04,343.37
1982-04-11,-999.99
1982-04-18,-999.99
1982-04-25,344.91
1982-05-02,344.24
1982-05-09,344.81
1982-05-16,344.67
1982-05-23,344.81
1982-05-30,343.96
1982-06-06,344.05
1982-06-13,344.07
1982-06-20,343.40
1982-06-27,343.28
1982-07-04,342.91
1982-07-11,342.27
1982-07-18,342.09
1982-07-25,341.76
1982-08-01,341.06
1982-08-08,340.60
1982-08-15,340.43
1982-08-22,339.15
1982-08-29,338.88
1982-09-05,338.74
1982-09-12,338.96
1982-09-19,337.24
1982-09-26,337.51
1982-10-03,337.81
1982-10-10,337.96
1982-10-17,338.25
1982-10-24,339.22
1982-10-31,339.02
1982-11-07,339.26
1982-11-14,339.56
1982-11-21,340.37
1982-11-28,339.82
1982-12-05,340.57
1982-12-12,340.81
1982-12-19,341.35
1982-12-26,341.42
1983-01-02,341.69
1983-01-09,342.18
1983-01-16,341.44
1983-01-23,341.72
1983-01-30,342.08
1983-02-06,342.78
1983-02-13,343.05
1983-02-20,343.03
1983-02-27,342.71
1983-03-06,342.63
1983-03-13,343.74
1983-03-20,344.93
1983-03-27,343.74
1983-04-03,344.74
1983-04-10,345.03
1983-04-17,345.60
1983-04-24,345.82
1983-05-01,345.64
1983-05-08,345.94
1983-05-15,346.36
1983-05-22,346.07
1983-05-29,345.95
1983-06-05,346.09
1983-06-12,345.73
1983-06-19,345.39
1983-06-26,344.96
1983-07-03,345.02
1983-07-10,344.31
1983-07-17,344.10
1983-07-24,343.39
1983-07-31,342.75
1983-08-07,-999.99
1983-08-14,342.06
1983-08-21,341.89
1983-08-28,340.95
1983-09-04,340.34
1983-09-11,340.23
1983-09-18,340.29
1983-09-25,340.39
1983-10-02,339.98
1983-10-09,340.20
1983-10-16,340.82
1983-10-23,340.67
1983-10-30,341.07
1983-11-06,341.37
1983-11-13,341.66
1983-11-20,341.71
1983-11-27,342.24
1983-12-04,342.48
1983-12-11,342.74
1983-12-18,343.43
1983-12-25,343.63
1984-01-01,344.09
1984-01-08,343.78
1984-01-15,343.98
1984-01-22,344.39
1984-01-29,344.59
1984-02-05,344.86
1984-02-12,344.67
1984-02-19,344.98
1984-02-26,344.91
1984-03-04,345.23
1984-03-11,345.52
1984-03-18,345.66
1984-03-25,345.76
1984-04-01,-999.99
1984-04-08,-999.99
1984-04-15,-999.99
1984-04-22,-999.99
1984-04-29,347.60
1984-05-06,347.36
1984-05-13,347.86
1984-05-20,347.53
1984-05-27,347.51
1984-06-03,347.07
1984-06-10,347.36
1984-06-17,346.97
1984-06-24,346.50
1984-07-01,346.21
1984-07-08,346.07
1984-07-15,345.35
1984-07-22,344.89
1984-07-29,344.74
1984-08-05,344.35
1984-08-12,344.12
1984-08-19,343.05
1984-08-26,342.12
1984-09-02,340.88
1984-09-09,341.10
1984-09-16,341.87
1984-09-23,341.24
1984-09-30,341.90
1984-10-07,341.16
1984-10-14,341.99
1984-10-21,341.91
1984-10-28,342.06
1984-11-04,342.60
1984-11-11,343.08
1984-11-18,343.53
1984-11-25,343.48
1984-12-02,-999.99
1984-12-09,344.64
1984-12-16,344.93
1984-12-23,344.70
1984-12-30,345.24
1985-01-06,345.30
1985-01-13,345.18
1985-01-20,345.18
1985-01-27,345.62
1985-02-03,346.01
1985-02-10,345.72
1985-02-17,346.49
1985-02-24,346.72
1985-03-03,347.21
1985-03-10,347.57
1985-03-17,347.92
1985-03-24,348.34
1985-03-31,348.23
1985-04-07,348.24
1985-04-14,347.94
1985-04-21,348.69
1985-04-28,348.96
1985-05-05,349.24
1985-05-12,349.10
1985-05-19,349.07
1985-05-26,348.91
1985-06-02,348.86
1985-06-09,348.55
1985-06-16,348.37
1985-06-23,347.79
1985-06-30,347.24
1985-07-07,347.10
1985-07-14,346.89
1985-07-21,346.47
1985-07-28,345.86
1985-08-04,345.33
1985-08-11,344.23
1985-08-18,344.61
1985-08-25,344.76
1985-09-01,344.14
1985-09-08,343.61
1985-09-15,343.38
1985-09-22,342.29
1985-09-29,342.34
1985-10-06,342.92
1985-10-13,342.95
1985-10-20,343.48
1985-10-27,343.75
1985-11-03,343.76
1985-11-10,344.36
1985-11-17,344.81
1985-11-24,345.29
1985-12-01,345.29
1985-12-08,345.90
1985-12-15,345.88
1985-12-22,346.04
1985-12-29,346.68
1986-01-05,346.59
1986-01-12,346.43
1986-01-19,346.77
1986-01-26,346.50
1986-02-02,346.96
1986-02-09,347.22
1986-02-16,347.61
1986-02-23,347.44
1986-03-02,347.01
1986-03-09,347.11
1986-03-16,347.88
1986-03-23,349.36
1986-03-30,348.95
1986-04-06,349.62
1986-04-13,349.79
1986-04-20,350.10
1986-04-27,350.67
1986-05-04,350.42
1986-05-11,350.59
1986-05-18,350.64
1986-05-25,350.10
1986-06-01,350.32
1986-06-08,350.28
1986-06-15,350.04
1986-06-22,349.57
1986-06-29,349.06
1986-07-06,348.81
1986-07-13,347.62
1986-07-20,347.86
1986-07-27,347.74
1986-08-03,346.70
1986-08-10,346.19
1986-08-17,345.66
1986-08-24,345.65
1986-08-31,345.22
1986-09-07,345.64
1986-09-14,345.74
1986-09-21,344.44
1986-09-28,344.86
1986-10-05,344.17
1986-10-12,344.37
1986-10-19,344.46
1986-10-26,345.27
1986-11-02,345.47
1986-11-09,345.98
1986-11-16,345.91
1986-11-23,346.27
1986-11-30,347.13
1986-12-07,347.04
1986-12-14,347.08
1986-12-21,347.23
1986-12-28,347.57
1987-01-04,348.05
1987-01-11,348.79
1987-01-18,348.55
1987-01-25,348.97
1987-02-01,348.41
1987-02-08,348.19
1987-02-15,348.91
1987-02-22,349.54
1987-03-01,349.08
1987-03-08,349.43
1987-03-15,350.00
1987-03-22,350.38
1987-03-29,351.10
1987-04-05,350.74
1987-04-12,351.07
1987-04-19,351.63
1987-04-26,351.73
1987-05-03,352.03
1987-05-10,352.07
1987-05-17,352.02
1987-05-24,352.32
1987-05-31,352.11
1987-06-07,351.75
1987-06-14,351.34
1987-06-21,351.27
1987-06-28,350.58
1987-07-05,350.77
1987-07-12,349.69
1987-07-19,350.21
1987-07-26,349.72
1987-08-02,346.98
1987-08-09,348.76
1987-08-16,348.22
1987-08-23,347.77
1987-08-30,346.80
1987-09-06,346.55
1987-09-13,346.81
1987-09-20,345.76
1987-09-27,346.22
1987-10-04,346.36
1987-10-11,346.56
1987-10-18,346.96
1987-10-25,346.89
1987-11-01,347.38
1987-11-08,347.51
1987-11-15,348.07
1987-11-22,348.71
1987-11-29,348.75
1987-12-06,348.73
1987-12-13,349.23
1987-12-20,349.37
1987-12-27,349.76
1988-01-03,350.14
1988-01-10,350.28
1988-01-17,350.54
1988-01-24,350.71
1988-01-31,351.73
1988-02-07,351.26
1988-02-14,351.24
1988-02-21,352.15
1988-02-28,353.04
1988-03-06,352.40
1988-03-13,351.95
1988-03-20,351.74
1988-03-27,353.05
1988-04-03,353.38
1988-04-10,353.52
1988-04-17,353.61
1988-04-24,354.40
1988-05-01,353.92
1988-05-08,354.19
1988-05-15,354.19
1988-05-22,354.65
1988-05-29,353.94
1988-06-05,354.28
1988-06-12,353.73
1988-06-19,353.34
1988-06-26,353.31
1988-07-03,352.84
1988-07-10,352.99
1988-07-17,352.93
1988-07-24,351.99
1988-07-31,350.89
1988-08-07,350.82
1988-08-14,350.14
1988-08-21,350.18
1988-08-28,349.53
1988-09-04,348.85
1988-09-11,349.13
1988-09-18,348.86
1988-09-25,348.75
1988-10-02,348.95
1988-10-09,348.69
1988-10-16,349.30
1988-10-23,349.45
1988-10-30,349.77
1988-11-06,349.86
1988-11-13,350.15
1988-11-20,350.56
1988-11-27,350.61
1988-12-04,350.90
1988-12-11,351.44
1988-12-18,351.57
1988-12-25,352.08
1989-01-01,352.48
1989-01-08,353.15
1989-01-15,353.00
1989-01-22,352.65
1989-01-29,353.31
1989-02-05,352.80
1989-02-12,353.33
1989-02-19,353.61
1989-02-26,353.77
1989-03-05,353.63
1989-03-12,353.59
1989-03-19,354.09
1989-03-26,354.78
1989-04-02,354.74
1989-04-09,355.40
1989-04-16,356.08
1989-04-23,356.32
1989-04-30,355.76
1989-05-07,355.58
1989-05-14,356.11
1989-05-21,355.96
1989-05-28,356.13
1989-06-04,355.57
1989-06-11,355.46
1989-06-18,354.98
1989-06-25,355.00
1989-07-02,354.76
1989-07-09,354.41
1989-07-16,353.55
1989-07-23,353.26
1989-07-30,353.22
1989-08-06,352.62
1989-08-13,351.95
1989-08-20,350.75
1989-08-27,350.74
1989-09-03,350.96
1989-09-10,349.39
1989-09-17,349.55
1989-09-24,349.90
1989-10-01,350.41
1989-10-08,349.86
1989-10-15,350.34
1989-10-22,350.70
1989-10-29,350.44
1989-11-05,351.32
1989-11-12,351.64
1989-11-19,351.84
1989-11-26,352.05
1989-12-03,352.30
1989-12-10,353.07
1989-12-17,352.90
1989-12-24,352.98
1989-12-31,353.67
1990-01-07,353.53
1990-01-14,353.93
1990-01-21,353.87
1990-01-28,354.34
1990-02-04,354.98
1990-02-11,355.03
1990-02-18,355.37
1990-02-25,355.12
1990-03-04,355.70
1990-03-11,355.73
1990-03-18,355.48
1990-03-25,356.07
1990-04-01,356.21
1990-04-08,356.11
1990-04-15,356.16
1990-04-22,356.80
1990-04-29,356.93
1990-05-06,357.65
1990-05-13,357.20
1990-05-20,357.28
1990-05-27,357.33
1990-06-03,356.93
1990-06-10,356.20
1990-06-17,356.13
1990-06-24,355.74
1990-07-01,356.17
1990-07-08,354.95
1990-07-15,354.25
1990-07-22,354.33
1990-07-29,353.95
1990-08-05,353.13
1990-08-12,353.41
1990-08-19,353.01
1990-08-26,351.73
1990-09-02,351.09
1990-09-09,350.80
1990-09-16,351.69
1990-09-23,351.39
1990-09-30,351.33
1990-10-07,351.48
1990-10-14,351.51
1990-10-21,351.65
1990-10-28,352.33
1990-11-04,352.64
1990-11-11,353.08
1990-11-18,353.38
1990-11-25,353.62
1990-12-02,353.83
1990-12-09,354.39
1990-12-16,354.26
1990-12-23,354.75
1990-12-30,354.71
1991-01-06,354.50
1991-01-13,354.93
1991-01-20,354.85
1991-01-27,355.52
1991-02-03,355.23
1991-02-10,355.79
1991-02-17,356.44
1991-02-24,355.73
1991-03-03,357.08
1991-03-10,357.65
1991-03-17,357.17
1991-03-24,357.39
1991-03-31,358.34
1991-04-07,357.97
1991-04-14,358.65
1991-04-21,359.26
1991-04-28,359.19
1991-05-05,358.86
1991-05-12,359.34
1991-05-19,359.65
1991-05-26,358.74
1991-06-02,358.28
1991-06-09,358.45
1991-06-16,358.07
1991-06-23,357.80
1991-06-30,357.20
1991-07-07,356.67
1991-07-14,356.13
1991-07-21,355.15
1991-07-28,355.45
1991-08-04,354.50
1991-08-11,354.29
1991-08-18,353.21
1991-08-25,353.01
1991-09-01,353.04
1991-09-08,352.51
1991-09-15,351.86
1991-09-22,351.88
1991-09-29,351.66
1991-10-06,352.05
1991-10-13,352.52
1991-10-20,352.69
1991-10-27,352.94
1991-11-03,353.75
1991-11-10,353.71
1991-11-17,353.83
1991-11-24,354.10
1991-12-01,354.56
1991-12-08,354.90
1991-12-15,355.14
1991-12-22,355.50
1991-12-29,356.46
1992-01-05,356.11
1992-01-12,356.25
1992-01-19,356.29
1992-01-26,356.09
1992-02-02,356.89
1992-02-09,357.12
1992-02-16,357.29
1992-02-23,357.26
1992-03-01,356.62
1992-03-08,357.87
1992-03-15,358.30
1992-03-22,358.77
1992-03-29,357.96
1992-04-05,359.13
1992-04-12,359.16
1992-04-19,359.65
1992-04-26,359.26
1992-05-03,359.69
1992-05-10,358.94
1992-05-17,359.13
1992-05-24,360.40
1992-05-31,360.47
1992-06-07,359.77
1992-06-14,358.88
1992-06-21,358.64
1992-06-28,358.77
1992-07-05,357.68
1992-07-12,356.93
1992-07-19,356.36
1992-07-26,355.61
1992-08-02,355.27
1992-08-09,355.62
1992-08-16,355.33
1992-08-23,354.34
1992-08-30,352.89
1992-09-06,354.07
1992-09-13,352.87
1992-09-20,352.60
1992-09-27,352.86
1992-10-04,353.24
1992-10-11,353.58
1992-10-18,353.20
1992-10-25,353.17
1992-11-01,354.26
1992-11-08,353.94
1992-11-15,354.16
1992-11-22,354.72
1992-11-29,354.84
1992-12-06,355.28
1992-12-13,355.44
1992-12-20,355.99
1992-12-27,356.28
1993-01-03,356.93
1993-01-10,357.22
1993-01-17,356.85
1993-01-24,357.05
1993-01-31,357.28
1993-02-07,356.99
1993-02-14,357.16
1993-02-21,357.79
1993-02-28,358.57
1993-03-07,358.32
1993-03-14,358.67
1993-03-21,357.84
1993-03-28,359.19
1993-04-04,358.83
1993-04-11,359.10
1993-04-18,359.63
1993-04-25,359.75
1993-05-02,359.47
1993-05-09,360.12
1993-05-16,360.55
1993-05-23,360.75
1993-05-30,359.99
1993-06-06,359.77
1993-06-13,359.65
1993-06-20,359.18
1993-06-27,358.69
1993-07-04,357.72
1993-07-11,357.72
1993-07-18,357.10
1993-07-25,356.53
1993-08-01,356.43
1993-08-08,355.77
1993-08-15,355.41
1993-08-22,354.83
1993-08-29,354.80
1993-09-05,354.18
1993-09-12,353.84
1993-09-19,353.99
1993-09-26,354.16
1993-10-03,354.06
1993-10-10,353.88
1993-10-17,354.36
1993-10-24,354.34
1993-10-31,354.63
1993-11-07,355.01
1993-11-14,355.61
1993-11-21,355.99
1993-11-28,356.14
1993-12-05,356.52
1993-12-12,356.64
1993-12-19,357.53
1993-12-26,357.48
1994-01-02,358.11
1994-01-09,358.12
1994-01-16,358.40
1994-01-23,358.24
1994-01-30,358.28
1994-02-06,358.92
1994-02-13,358.64
1994-02-20,359.39
1994-02-27,358.88
1994-03-06,359.35
1994-03-13,360.46
1994-03-20,360.60
1994-03-27,360.81
1994-04-03,361.09
1994-04-10,361.01
1994-04-17,361.30
1994-04-24,361.81
1994-05-01,361.98
1994-05-08,361.38
1994-05-15,361.70
1994-05-22,361.51
1994-05-29,361.41
1994-06-05,360.89
1994-06-12,360.89
1994-06-19,360.82
1994-06-26,360.02
1994-07-03,359.95
1994-07-10,359.64
1994-07-17,359.21
1994-07-24,358.83
1994-07-31,358.45
1994-08-07,357.88
1994-08-14,357.70
1994-08-21,356.87
1994-08-28,356.19
1994-09-04,356.48
1994-09-11,355.26
1994-09-18,355.67
1994-09-25,355.35
1994-10-02,355.70
1994-10-09,355.85
1994-10-16,356.14
1994-10-23,356.56
1994-10-30,356.68
1994-11-06,356.97
1994-11-13,358.15
1994-11-20,357.65
1994-11-27,358.07
1994-12-04,358.74
1994-12-11,359.38
1994-12-18,358.82
1994-12-25,359.34
1995-01-01,359.70
1995-01-08,359.54
1995-01-15,360.37
1995-01-22,360.03
1995-01-29,360.14
1995-02-05,360.76
1995-02-12,361.05
1995-02-19,361.01
1995-02-26,361.68
1995-03-05,361.78
1995-03-12,361.10
1995-03-19,361.76
1995-03-26,362.84
1995-04-02,363.75
1995-04-09,362.81
1995-04-16,363.01
1995-04-23,363.51
1995-04-30,362.83
1995-05-07,363.85
1995-05-14,364.40
1995-05-21,363.67
1995-05-28,363.67
1995-06-04,363.79
1995-06-11,363.05
1995-06-18,362.91
1995-06-25,362.44
1995-07-02,362.31
1995-07-09,362.10
1995-07-16,361.42
1995-07-23,360.99
1995-07-30,360.14
1995-08-06,359.76
1995-08-13,358.76
1995-08-20,358.66
1995-08-27,357.84
1995-09-03,358.31
1995-09-10,358.58
1995-09-17,358.77
1995-09-24,357.59
1995-10-01,357.81
1995-10-08,357.72
1995-10-15,357.99
1995-10-22,358.23
1995-10-29,358.83
1995-11-05,359.09
1995-11-12,359.49
1995-11-19,359.80
1995-11-26,359.82
1995-12-03,360.21
1995-12-10,360.55
1995-12-17,360.62
1995-12-24,361.40
1995-12-31,361.84
1996-01-07,362.19
1996-01-14,361.91
1996-01-21,362.21
1996-01-28,362.34
1996-02-04,362.92
1996-02-11,363.03
1996-02-18,363.57
1996-02-25,363.93
1996-03-03,364.09
1996-03-10,363.69
1996-03-17,364.45
1996-03-24,364.49
1996-03-31,364.25
1996-04-07,364.61
1996-04-14,364.70
1996-04-21,364.55
1996-04-28,365.02
1996-05-05,364.69
1996-05-12,365.47
1996-05-19,365.28
1996-05-26,365.04
1996-06-02,364.97
1996-06-09,365.28
1996-06-16,365.07
1996-06-23,364.50
1996-06-30,364.42
1996-07-07,363.82
1996-07-14,363.50
1996-07-21,363.12
1996-07-28,362.04
1996-08-04,362.03
1996-08-11,361.79
1996-08-18,361.01
1996-08-25,360.86
1996-09-01,360.08
1996-09-08,359.94
1996-09-15,359.01
1996-09-22,359.22
1996-09-29,359.29
1996-10-06,359.44
1996-10-13,359.76
1996-10-20,359.52
1996-10-27,359.98
1996-11-03,360.27
1996-11-10,360.85
1996-11-17,361.37
1996-11-24,361.25
1996-12-01,361.63
1996-12-08,362.23
1996-12-15,362.48
1996-12-22,362.32
1996-12-29,362.76
1997-01-05,362.96
1997-01-12,362.97
1997-01-19,363.50
1997-01-26,363.20
1997-02-02,363.56
1997-02-09,364.29
1997-02-16,363.64
1997-02-23,364.74
1997-03-02,363.87
1997-03-09,364.16
1997-03-16,364.63
1997-03-23,365.19
1997-03-30,365.74
1997-04-06,365.96
1997-04-13,366.50
1997-04-20,366.70
1997-04-27,366.61
1997-05-04,366.48
1997-05-11,366.82
1997-05-18,367.01
1997-05-25,366.24
1997-06-01,366.07
1997-06-08,365.76
1997-06-15,365.35
1997-06-22,365.22
1997-06-29,365.10
1997-07-06,364.78
1997-07-13,364.47
1997-07-20,363.60
1997-07-27,363.58
1997-08-03,363.19
1997-08-10,362.63
1997-08-17,361.19
1997-08-24,361.54
1997-08-31,361.44
1997-09-07,360.08
1997-09-14,360.33
1997-09-21,359.88
1997-09-28,359.99
1997-10-05,360.53
1997-10-12,360.72
1997-10-19,361.02
1997-10-26,361.30
1997-11-02,362.05
1997-11-09,362.14
1997-11-16,362.52
1997-11-23,363.27
1997-11-30,363.95
1997-12-07,364.04
1997-12-14,364.33
1997-12-21,364.75
1997-12-28,365.03
1998-01-04,365.31
1998-01-11,365.31
1998-01-18,365.10
1998-01-25,365.38
1998-02-01,365.97
1998-02-08,365.62
1998-02-15,365.67
1998-02-22,366.67
1998-03-01,367.10
1998-03-08,366.66
1998-03-15,366.83
1998-03-22,367.77
1998-03-29,368.81
1998-04-05,368.34
1998-04-12,368.47
1998-04-19,368.35
1998-04-26,369.55
1998-05-03,369.72
1998-05-10,368.32
1998-05-17,369.58
1998-05-24,369.94
1998-05-31,369.61
1998-06-07,369.14
1998-06-14,368.80
1998-06-21,368.75
1998-06-28,368.19
1998-07-05,368.41
1998-07-12,367.73
1998-07-19,367.90
1998-07-26,367.10
1998-08-02,366.90
1998-08-09,366.23
1998-08-16,365.54
1998-08-23,365.34
1998-08-30,364.74
1998-09-06,364.32
1998-09-13,363.65
1998-09-20,363.51
1998-09-27,364.06
1998-10-04,364.10
1998-10-11,364.30
1998-10-18,364.53
1998-10-25,364.79
1998-11-01,364.94
1998-11-08,365.39
1998-11-15,365.95
1998-11-22,365.82
1998-11-29,366.59
1998-12-06,366.80
1998-12-13,367.15
1998-12-20,367.28
1998-12-27,367.63
1999-01-03,367.80
1999-01-10,368.10
1999-01-17,367.82
1999-01-24,369.08
1999-01-31,369.27
1999-02-07,369.11
1999-02-14,368.62
1999-02-21,369.08
1999-02-28,368.03
1999-03-07,369.24
1999-03-14,370.18
1999-03-21,370.56
1999-03-28,370.66
1999-04-04,371.73
1999-04-11,371.51
1999-04-18,370.29
1999-04-25,370.60
1999-05-02,371.52
1999-05-09,371.07
1999-05-16,370.58
1999-05-23,370.72
1999-05-30,370.71
1999-06-06,370.39
1999-06-13,370.41
1999-06-20,369.89
1999-06-27,369.78
1999-07-04,370.05
1999-07-11,370.13
1999-07-18,369.09
1999-07-25,368.27
1999-08-01,367.70
1999-08-08,367.35
1999-08-15,366.60
1999-08-22,366.27
1999-08-29,365.18
1999-09-05,364.36
1999-09-12,365.16
1999-09-19,365.05
1999-09-26,364.67
1999-10-03,365.15
1999-10-10,365.19
1999-10-17,365.60
1999-10-24,365.65
1999-10-31,365.98
1999-11-07,366.65
1999-11-14,366.76
1999-11-21,367.08
1999-11-28,367.44
1999-12-05,367.87
1999-12-12,367.89
1999-12-19,368.27
1999-12-26,368.73
2000-01-02,368.74
2000-01-09,368.87
2000-01-16,370.03
2000-01-23,370.08
2000-01-30,369.26
2000-02-06,369.61
2000-02-13,369.98
2000-02-20,369.36
2000-02-27,370.11
2000-03-05,370.07
2000-03-12,370.64
2000-03-19,370.93
2000-03-26,371.13
2000-04-02,371.06
2000-04-09,372.00
2000-04-16,372.33
2000-04-23,371.92
2000-04-30,370.91
2000-05-07,371.88
2000-05-14,371.50
2000-05-21,372.08
2000-05-28,371.87
2000-06-04,371.92
2000-06-11,371.67
2000-06-18,371.79
2000-06-25,371.25
2000-07-02,370.22
2000-07-09,370.15
2000-07-16,369.94
2000-07-23,369.19
2000-07-30,368.93
2000-08-06,368.48
2000-08-13,368.25
2000-08-20,367.56
2000-08-27,367.56
2000-09-03,367.18
2000-09-10,367.19
2000-09-17,366.74
2000-09-24,366.72
2000-10-01,366.65
2000-10-08,366.73
2000-10-15,366.99
2000-10-22,367.47
2000-10-29,367.85
2000-11-05,368.05
2000-11-12,368.59
2000-11-19,368.48
2000-11-26,368.69
2000-12-03,369.68
2000-12-10,369.66
2000-12-17,369.64
2000-12-24,369.86
2000-12-31,370.17
2001-01-07,370.30
2001-01-14,370.67
2001-01-21,370.52
2001-01-28,371.36
2001-02-04,371.58
2001-02-11,371.96
2001-02-18,371.48
2001-02-25,371.73
2001-03-04,372.19
2001-03-11,372.53
2001-03-18,372.54
2001-03-25,372.40
2001-04-01,372.45
2001-04-08,373.61
2001-04-15,373.71
2001-04-22,373.60
2001-04-29,373.55
2001-05-06,373.93
2001-05-13,373.70
2001-05-20,373.90
2001-05-27,373.87
2001-06-03,373.47
2001-06-10,373.05
2001-06-17,373.11
2001-06-24,373.02
2001-07-01,372.48
2001-07-08,371.34
2001-07-15,371.30
2001-07-22,370.87
2001-07-29,370.88
2001-08-05,369.92
2001-08-12,369.20
2001-08-19,369.32
2001-08-26,369.28
2001-09-02,368.33
2001-09-09,368.56
2001-09-16,368.05
2001-09-23,367.81
2001-09-30,368.04
2001-10-07,368.29
2001-10-14,368.17
2001-10-21,368.71
2001-10-28,369.13
2001-11-04,369.09
2001-11-11,369.83
2001-11-18,370.22
2001-11-25,370.44
2001-12-02,370.78
2001-12-09,371.23
2001-12-16,371.27
2001-12-23,371.69
2001-12-30,372.20
2002-01-06,372.20
2002-01-13,372.74
2002-01-20,372.58
2002-01-27,372.82
2002-02-03,372.95
2002-02-10,373.00
2002-02-17,373.08
2002-02-24,373.74
2002-03-03,373.88
2002-03-10,374.13
2002-03-17,374.64
2002-03-24,374.28
2002-03-31,374.26
2002-04-07,374.53
2002-04-14,375.23
2002-04-21,375.41
2002-04-28,376.05
2002-05-05,375.60
2002-05-12,375.07
2002-05-19,375.93
2002-05-26,376.24
2002-06-02,375.90
2002-06-09,375.45
2002-06-16,375.23
2002-06-23,375.49
2002-06-30,374.82
2002-07-07,374.47
2002-07-14,374.01
2002-07-21,373.34
2002-07-28,373.33
2002-08-04,372.57
2002-08-11,371.81
2002-08-18,371.33
2002-08-25,370.93
2002-09-01,370.26
2002-09-08,371.63
2002-09-15,370.83
2002-09-22,370.50
2002-09-29,369.88
2002-10-06,369.91
2002-10-13,371.24
2002-10-20,370.68
2002-10-27,371.06
2002-11-03,371.97
2002-11-10,371.86
2002-11-17,372.73
2002-11-24,372.77
2002-12-01,373.04
2002-12-08,373.59
2002-12-15,373.57
2002-12-22,374.47
2002-12-29,374.69
2003-01-05,374.55
2003-01-12,375.02
2003-01-19,374.92
2003-01-26,375.30
2003-02-02,375.17
2003-02-09,375.11
2003-02-16,376.38
2003-02-23,376.02
2003-03-02,376.30
2003-03-09,376.36
2003-03-16,375.96
2003-03-23,377.00
2003-03-30,376.85
2003-04-06,377.13
2003-04-13,377.79
2003-04-20,378.35
2003-04-27,378.63
2003-05-04,378.07
2003-05-11,378.07
2003-05-18,379.43
2003-05-25,378.72
2003-06-01,378.42
2003-06-08,378.49
2003-06-15,378.12
2003-06-22,378.31
2003-06-29,377.58
2003-07-06,376.57
2003-07-13,377.23
2003-07-20,376.39
2003-07-27,375.91
2003-08-03,374.94
2003-08-10,374.67
2003-08-17,373.89
2003-08-24,373.44
2003-08-31,373.21
2003-09-07,373.12
2003-09-14,372.88
2003-09-21,373.35
2003-09-28,373.28
2003-10-05,372.92
2003-10-12,372.79
2003-10-19,373.43
2003-10-26,373.40
2003-11-02,373.96
2003-11-09,374.52
2003-11-16,374.89
2003-11-23,375.27
2003-11-30,375.32
2003-12-07,375.74
2003-12-14,376.34
2003-12-21,376.14
2003-12-28,376.35
2004-01-04,376.34
2004-01-11,376.95
2004-01-18,377.12
2004-01-25,377.95
2004-02-01,377.87
2004-02-08,378.43
2004-02-15,377.49
2004-02-22,377.62
2004-02-29,378.29
2004-03-07,378.96
2004-03-14,379.23
2004-03-21,378.50
2004-03-28,379.72
2004-04-04,380.00
2004-04-11,380.73
2004-04-18,380.38
2004-04-25,380.64
2004-05-02,380.72
2004-05-09,380.71
2004-05-16,380.25
2004-05-23,381.07
2004-05-30,379.94
2004-06-06,380.09
2004-06-13,380.16
2004-06-20,379.37
2004-06-27,379.14
2004-07-04,378.33
2004-07-11,377.89
2004-07-18,376.74
2004-07-25,376.42
2004-08-01,376.76
2004-08-08,376.26
2004-08-15,375.77
2004-08-22,376.09
2004-08-29,373.99
2004-09-05,374.44
2004-09-12,374.05
2004-09-19,374.40
2004-09-26,374.31
2004-10-03,373.98
2004-10-10,374.22
2004-10-17,374.57
2004-10-24,374.96
2004-10-31,375.31
2004-11-07,375.44
2004-11-14,376.80
2004-11-21,376.73
2004-11-28,376.82
2004-12-05,377.54
2004-12-12,377.24
2004-12-19,377.78
2004-12-26,377.83
2005-01-02,378.21
2005-01-09,378.44
2005-01-16,378.35
2005-01-23,378.63
2005-01-30,379.42
2005-02-06,379.23
2005-02-13,379.92
2005-02-20,379.87
2005-02-27,381.36
2005-03-06,380.06
2005-03-13,381.28
2005-03-20,380.22
2005-03-27,381.76
2005-04-03,382.30
2005-04-10,382.10
2005-04-17,382.18
2005-04-24,382.57
2005-05-01,381.94
2005-05-08,381.98
2005-05-15,382.63
2005-05-22,383.01
2005-05-29,382.79
2005-06-05,382.63
2005-06-12,382.41
2005-06-19,381.95
2005-06-26,381.36
2005-07-03,381.11
2005-07-10,380.85
2005-07-17,380.74
2005-07-24,380.14
2005-07-31,379.83
2005-08-07,378.90
2005-08-14,378.83
2005-08-21,378.00
2005-08-28,377.95
2005-09-04,377.32
2005-09-11,376.16
2005-09-18,376.35
2005-09-25,376.46
2005-10-02,376.65
2005-10-09,376.91
2005-10-16,-999.99
2005-10-23,377.52
2005-10-30,377.80
2005-11-06,377.94
2005-11-13,378.86
2005-11-20,378.48
2005-11-27,379.02
2005-12-04,379.93
2005-12-11,380.18
2005-12-18,380.24
2005-12-25,380.49
2006-01-01,381.26
2006-01-08,381.20
2006-01-15,381.55
2006-01-22,381.62
2006-01-29,381.62
2006-02-05,382.28
2006-02-12,382.59
2006-02-19,381.94
2006-02-26,382.14
2006-03-05,382.89
2006-03-12,382.89
2006-03-19,382.91
2006-03-26,382.43
2006-04-02,384.17
2006-04-09,384.74
2006-04-16,384.86
2006-04-23,384.76
2006-04-30,384.88
2006-05-07,385.03
2006-05-14,385.32
2006-05-21,384.96
2006-05-28,384.66
2006-06-04,384.18
2006-06-11,384.28
2006-06-18,383.93
2006-06-25,383.44
2006-07-02,383.11
2006-07-09,382.83
2006-07-16,381.80
2006-07-23,382.11
2006-07-30,381.51
2006-08-06,380.59
2006-08-13,380.40
2006-08-20,379.79
2006-08-27,379.55
2006-09-03,378.69
2006-09-10,379.14
2006-09-17,378.66
2006-09-24,378.87
2006-10-01,378.92
2006-10-08,378.90
2006-10-15,378.93
2006-10-22,379.48
2006-10-29,379.64
2006-11-05,379.76
2006-11-12,380.00
2006-11-19,380.38
2006-11-26,381.24
2006-12-03,381.47
2006-12-10,381.70
2006-12-17,382.18
2006-12-24,382.00
2006-12-31,382.08
2007-01-07,382.92
2007-01-14,382.43
2007-01-21,383.55
2007-01-28,383.67
2007-02-04,383.26
2007-02-11,384.81
2007-02-18,384.71
2007-02-25,384.00
2007-03-04,383.41
2007-03-11,384.33
2007-03-18,385.08
2007-03-25,385.85
2007-04-01,385.85
2007-04-08,385.78
2007-04-15,387.29
2007-04-22,386.96
2007-04-29,386.60
2007-05-06,386.25
2007-05-13,386.65
2007-05-20,386.51
2007-05-27,386.91
2007-06-03,386.90
2007-06-10,386.43
2007-06-17,385.70
2007-06-24,385.04
2007-07-01,385.38
2007-07-08,385.12
2007-07-15,384.08
2007-07-22,383.80
2007-07-29,382.87
2007-08-05,382.39
2007-08-12,381.87
2007-08-19,382.09
2007-08-26,381.62
2007-09-02,381.52
2007-09-09,380.65
2007-09-16,380.79
2007-09-23,380.67
2007-09-30,380.87
2007-10-07,380.94
2007-10-14,381.02
2007-10-21,381.34
2007-10-28,381.75
2007-11-04,382.01
2007-11-11,382.21
2007-11-18,383.04
2007-11-25,382.87
2007-12-02,383.66
2007-12-09,383.68
2007-12-16,384.38
2007-12-23,383.88
2007-12-30,384.76
2008-01-06,384.39
2008-01-13,385.79
2008-01-20,385.99
2008-01-27,386.76
2008-02-03,386.01
2008-02-10,385.95
2008-02-17,385.30
2008-02-24,385.36
2008-03-02,385.81
2008-03-09,385.72
2008-03-16,385.82
2008-03-23,386.74
2008-03-30,388.09
2008-04-06,386.73
2008-04-13,386.48
2008-04-20,387.33
2008-04-27,387.27
2008-05-04,388.52
2008-05-11,388.87
2008-05-18,388.89
2008-05-25,388.59
2008-06-01,388.54
2008-06-08,387.47
2008-06-15,387.88
2008-06-22,387.34
2008-06-29,-999.99
2008-07-06,-999.99
2008-07-13,-999.99
2008-07-20,386.37
2008-07-27,384.90
2008-08-03,385.23
2008-08-10,383.93
2008-08-17,383.68
2008-08-24,383.30
2008-08-31,383.51
2008-09-07,383.03
2008-09-14,383.37
2008-09-21,383.06
2008-09-28,382.75
2008-10-05,382.87
2008-10-12,382.85
2008-10-19,383.07
2008-10-26,383.99
2008-11-02,383.79
2008-11-09,384.11
2008-11-16,384.34
2008-11-23,384.49
2008-11-30,385.05
2008-12-07,385.29
2008-12-14,385.54
2008-12-21,385.93
2008-12-28,386.23
2009-01-04,386.40
2009-01-11,387.02
2009-01-18,387.14
2009-01-25,387.50
2009-02-01,387.03
2009-02-08,386.94
2009-02-15,387.62
2009-02-22,388.22
2009-03-01,389.08
2009-03-08,388.80
2009-03-15,388.20
2009-03-22,389.29
2009-03-29,389.04
2009-04-05,389.43
2009-04-12,388.93
2009-04-19,389.56
2009-04-26,390.52
2009-05-03,389.76
2009-05-10,390.17
2009-05-17,390.38
2009-05-24,390.41
2009-05-31,389.85
2009-06-07,390.20
2009-06-14,389.42
2009-06-21,388.49
2009-06-28,388.69
2009-07-05,388.48
2009-07-12,388.36
2009-07-19,387.68
2009-07-26,387.37
2009-08-02,387.06
2009-08-09,386.01
2009-08-16,385.70
2009-08-23,385.86
2009-08-30,385.15
2009-09-06,384.69
2009-09-13,384.76
2009-09-20,384.62
2009-09-27,384.03
2009-10-04,383.88
2009-10-11,384.38
2009-10-18,384.71
2009-10-25,385.01
2009-11-01,385.36
2009-11-08,385.69
2009-11-15,386.34
2009-11-22,386.38
2009-11-29,387.07
2009-12-06,386.97
2009-12-13,386.87
2009-12-20,388.40
2009-12-27,388.60
2010-01-03,388.17
2010-01-10,388.33
2010-01-17,388.33
2010-01-24,389.01
2010-01-31,390.71
2010-02-07,390.35
2010-02-14,390.22
2010-02-21,389.57
2010-02-28,390.93
2010-03-07,391.38
2010-03-14,391.17
2010-03-21,390.29
2010-03-28,391.77
2010-04-04,391.19
2010-04-11,392.71
2010-04-18,393.30
2010-04-25,393.20
2010-05-02,393.01
2010-05-09,392.60
2010-05-16,393.42
2010-05-23,392.71
2010-05-30,393.30
2010-06-06,392.75
2010-06-13,391.85
2010-06-20,391.64
2010-06-27,391.15
2010-07-04,390.55
2010-07-11,389.85
2010-07-18,390.26
2010-07-25,389.82
2010-08-01,388.86
2010-08-08,388.82
2010-08-15,388.47
2010-08-22,387.62
2010-08-29,387.53
2010-09-05,386.14
2010-09-12,387.06
2010-09-19,386.78
2010-09-26,386.78
2010-10-03,386.95
2010-10-10,386.84
2010-10-17,387.43
2010-10-24,387.83
2010-10-31,388.05
2010-11-07,387.96
2010-11-14,388.63
2010-11-21,389.49
2010-11-28,389.66
2010-12-05,389.78
2010-12-12,389.44
2010-12-19,390.15
2010-12-26,389.94
2011-01-02,391.64
2011-01-09,390.76
2011-01-16,391.52
2011-01-23,391.37
2011-01-30,392.07
2011-02-06,391.44
2011-02-13,391.65
2011-02-20,392.05
2011-02-27,392.06
2011-03-06,391.88
2011-03-13,392.49
2011-03-20,392.89
2011-03-27,394.00
2011-04-03,393.00
2011-04-10,393.08
2011-04-17,393.55
2011-04-24,393.31
2011-05-01,394.14
2011-05-08,392.89
2011-05-15,394.91
2011-05-22,394.85
2011-05-29,394.19
2011-06-05,393.49
2011-06-12,393.79
2011-06-19,393.54
2011-06-26,393.45
2011-07-03,393.50
2011-07-10,393.29
2011-07-17,391.32
2011-07-24,391.98
2011-07-31,391.19
2011-08-07,390.60
2011-08-14,390.14
2011-08-21,389.39
2011-08-28,389.52
2011-09-04,389.04
2011-09-11,389.14
2011-09-18,389.08
2011-09-25,388.67
2011-10-02,388.77
2011-10-09,388.80
2011-10-16,389.03
2011-10-23,389.24
2011-10-30,389.61
2011-11-06,389.76
2011-11-13,390.44
2011-11-20,390.51
2011-11-27,391.15
2011-12-04,391.36
2011-12-11,392.01
2011-12-18,392.35
2011-12-25,392.20
2012-01-01,392.96
2012-01-08,393.37
2012-01-15,392.97
2012-01-22,393.34
2012-01-29,393.24
2012-02-05,393.71
2012-02-12,393.49
2012-02-19,394.44
2012-02-26,394.26
2012-03-04,393.55
2012-03-11,394.27
2012-03-18,394.79
2012-03-25,395.12
2012-04-01,395.32
2012-04-08,396.62
2012-04-15,396.16
2012-04-22,396.61
2012-04-29,396.92
2012-05-06,397.12
2012-05-13,396.99
2012-05-20,396.12
2012-05-27,396.30
2012-06-03,395.73
2012-06-10,396.24
2012-06-17,395.57
2012-06-24,395.25
2012-07-01,394.96
2012-07-08,394.36
2012-07-15,394.47
2012-07-22,394.08
2012-07-29,393.43
2012-08-05,393.24
2012-08-12,392.49
2012-08-19,391.36
2012-08-26,391.79
2012-09-02,391.86
2012-09-09,390.91
2012-09-16,390.79
2012-09-23,390.89
2012-09-30,390.81
2012-10-07,390.96
2012-10-14,390.89
2012-10-21,391.33
2012-10-28,391.56
2012-11-04,392.29
2012-11-11,393.26
2012-11-18,393.16
2012-11-25,393.71
2012-12-02,393.64
2012-12-09,394.40
2012-12-16,394.53
2012-12-23,394.84
2012-12-30,394.50
2013-01-06,395.34
2013-01-13,395.98
2013-01-20,395.78
2013-01-27,395.77
2013-02-03,396.63
2013-02-10,396.97
2013-02-17,397.15
2013-02-24,396.73
2013-03-03,397.65
2013-03-10,396.94
2013-03-17,397.36
2013-03-24,397.96
2013-03-31,398.07
2013-04-07,397.76
2013-04-14,397.96
2013-04-21,399.20
2013-04-28,399.53
2013-05-05,399.52
2013-05-12,399.74
2013-05-19,399.93
2013-05-26,399.88
2013-06-02,399.18
2013-06-09,398.61
2013-06-16,398.14
2013-06-23,398.64
2013-06-30,398.24
2013-07-07,397.74
2013-07-14,397.08
2013-07-21,396.82
2013-07-28,396.68
2013-08-04,395.67
2013-08-11,395.13
2013-08-18,395.15
2013-08-25,394.22
2013-09-01,393.85
2013-09-08,393.35
2013-09-15,393.30
2013-09-22,393.38
2013-09-29,393.31
2013-10-06,393.34
2013-10-13,393.68
2013-10-20,393.98
2013-10-27,394.24
2013-11-03,394.46
2013-11-10,395.53
2013-11-17,394.87
2013-11-24,396.00
2013-12-01,396.26
2013-12-08,396.14
2013-12-15,397.43
2013-12-22,397.27
2013-12-29,397.41
2014-01-05,398.23
2014-01-12,397.75
2014-01-19,397.97
2014-01-26,397.83
2014-02-02,397.97
2014-02-09,397.87
2014-02-16,398.09
2014-02-23,397.97
2014-03-02,398.43
2014-03-09,399.88
2014-03-16,401.18
2014-03-23,400.10
2014-03-30,400.61
2014-04-06,401.11
2014-04-13,401.54
2014-04-20,401.59
2014-04-27,401.74
2014-05-04,401.72
2014-05-11,401.73
2014-05-18,401.75
2014-05-25,401.82
2014-06-01,401.81
2014-06-08,401.51
2014-06-15,401.03
2014-06-22,400.94
2014-06-29,400.22
2014-07-06,399.84
2014-07-13,398.82
2014-07-20,398.81
2014-07-27,397.42
2014-08-03,397.78
2014-08-10,397.23
2014-08-17,396.77
2014-08-24,396.31
2014-08-31,396.35
2014-09-07,395.03
2014-09-14,395.07
2014-09-21,395.45
2014-09-28,395.33
2014-10-05,395.56
2014-10-12,395.65
2014-10-19,395.87
2014-10-26,397.52
2014-11-02,396.78
2014-11-09,397.22
2014-11-16,397.32
2014-11-23,397.89
2014-11-30,398.20
2014-12-07,399.12
2014-12-14,399.10
2014-12-21,398.92
2014-12-28,399.84
2015-01-04,399.85
2015-01-11,400.16
2015-01-18,399.51
2015-01-25,400.20
2015-02-01,400.17
2015-02-08,399.95
2015-02-15,399.92
2015-02-22,401.34
2015-03-01,401.28
2015-03-08,401.87
2015-03-15,400.77
2015-03-22,401.77
2015-03-29,401.81
2015-04-05,403.20
2015-04-12,404.04
2015-04-19,403.07
2015-04-26,403.80
2015-05-03,404.13
2015-05-10,403.97
2015-05-17,403.97
2015-05-24,403.82
2015-05-31,403.20
2015-06-07,403.24
2015-06-14,402.39
2015-06-21,402.71
2015-06-28,402.15
2015-07-05,401.73
2015-07-12,401.39
2015-07-19,401.25
2015-07-26,400.20
2015-08-02,398.36
2015-08-09,399.19
2015-08-16,399.14
2015-08-23,398.85
2015-08-30,398.49
2015-09-06,397.77
2015-09-13,397.24
2015-09-20,397.33
2015-09-27,397.22
2015-10-04,398.37
2015-10-11,398.18
2015-10-18,398.52
2015-10-25,398.48
2015-11-01,399.06
2015-11-08,400.44
2015-11-15,400.34
2015-11-22,400.37
2015-11-29,400.80
2015-12-06,401.31
2015-12-13,402.34
2015-12-20,402.60
2015-12-27,402.08
2016-01-03,402.15
2016-01-10,402.48
2016-01-17,402.61
2016-01-24,402.98
2016-01-31,404.58
2016-02-07,403.81
2016-02-14,403.67
2016-02-21,404.41
2016-02-28,404.06
2016-03-06,404.00
2016-03-13,404.79
2016-03-20,405.66
2016-03-27,405.45
2016-04-03,406.60
2016-04-10,408.72
2016-04-17,407.45
2016-04-24,407.72
2016-05-01,407.55
2016-05-08,407.86
2016-05-15,407.31
2016-05-22,408.33
2016-05-29,407.47
2016-06-05,406.87
2016-06-12,407.21
2016-06-19,406.67
2016-06-26,405.99
2016-07-03,405.57
2016-07-10,404.50
2016-07-17,403.41
2016-07-24,403.85
2016-07-31,403.49
2016-08-07,402.90
2016-08-14,401.87
2016-08-21,401.89
2016-08-28,400.97
2016-09-04,400.99
2016-09-11,401.35
2016-09-18,400.89
2016-09-25,400.75
2016-10-02,400.94
2016-10-09,401.59
2016-10-16,401.67
2016-10-23,402.16
2016-10-30,402.80
2016-11-06,402.81
2016-11-13,403.60
2016-11-20,404.00
2016-11-27,404.57
2016-12-04,403.90
2016-12-11,404.83
2016-12-18,404.43
2016-12-25,404.77
2017-01-01,405.95
2017-01-08,406.02
2017-01-15,406.22
2017-01-22,406.52
2017-01-29,406.24
2017-02-05,406.07
2017-02-12,405.95
2017-02-19,406.98
2017-02-26,407.41
2017-03-05,406.15
2017-03-12,407.10
2017-03-19,406.82
2017-03-26,408.41
2017-04-02,407.64
2017-04-09,408.84
2017-04-16,409.65
2017-04-23,409.97
2017-04-30,409.20
2017-05-07,409.32
2017-05-14,410.40
2017-05-21,410.00
2017-05-28,409.57
2017-06-04,409.69
2017-06-11,409.43
2017-06-18,408.32
2017-06-25,407.76
2017-07-02,408.07
2017-07-09,407.06
2017-07-16,406.81
2017-07-23,406.73
2017-07-30,406.47
2017-08-06,405.53
2017-08-13,405.20
2017-08-20,404.54
2017-08-27,404.20
2017-09-03,403.69
2017-09-10,403.68
2017-09-17,403.05
2017-09-24,402.76
2017-10-01,402.95
2017-10-08,403.41
2017-10-15,403.95
2017-10-22,404.00
2017-10-29,404.15
2017-11-05,404.25
2017-11-12,405.07
2017-11-19,406.12
2017-11-26,406.33
2017-12-03,406.74
2017-12-10,406.55
2017-12-17,406.84
2017-12-24,407.21
2017-12-31,407.37
2018-01-07,408.14
2018-01-14,407.89
2018-01-21,408.27
2018-01-28,407.88
2018-02-04,408.20
2018-02-11,408.37
2018-02-18,408.45
2018-02-25,408.90
2018-03-04,409.83
2018-03-11,408.71
2018-03-18,409.12
2018-03-25,410.02
2018-04-01,409.19
2018-04-08,409.45
2018-04-15,411.05
2018-04-22,411.68
2018-04-29,409.66
2018-05-06,411.06
2018-05-13,411.87
2018-05-20,411.45
2018-05-27,411.41
2018-06-03,410.94
2018-06-10,411.16
2018-06-17,410.36
2018-06-24,410.56
2018-07-01,409.38
2018-07-08,409.15
2018-07-15,408.54
2018-07-22,408.28
2018-07-29,407.46
2018-08-05,407.23
2018-08-12,407.07
2018-08-19,406.84
2018-08-26,406.11
2018-09-02,405.49
2018-09-09,405.39
2018-09-16,405.69
2018-09-23,405.55
2018-09-30,405.50
2018-10-07,405.58
2018-10-14,406.01
2018-10-21,406.62
2018-10-28,406.48
2018-11-04,406.99
2018-11-11,408.73
2018-11-18,408.59
2018-11-25,408.39
2018-12-02,408.49
2018-12-09,409.40
2018-12-16,409.31
2018-12-23,409.14
2018-12-30,409.60
2019-01-06,410.67
2019-01-13,410.35
2019-01-20,411.98
2019-01-27,411.02
2019-02-03,411.62
2019-02-10,412.40
2019-02-17,410.98
2019-02-24,412.40
2019-03-03,412.16
2019-03-10,412.16
2019-03-17,411.82
2019-03-24,411.32
2019-03-31,412.19
2019-04-07,413.14
2019-04-14,413.60
2019-04-21,413.77
2019-04-28,414.29
2019-05-05,414.32
2019-05-12,415.40
2019-05-19,414.74
2019-05-26,414.30
2019-06-02,414.39
2019-06-09,414.08
2019-06-16,413.86
2019-06-23,413.41
2019-06-30,413.42
2019-07-07,412.08
2019-07-14,412.14
2019-07-21,410.84
2019-07-28,410.06
2019-08-04,410.34
2019-08-11,410.27
2019-08-18,409.57
2019-08-25,409.44
2019-09-01,408.81
2019-09-08,408.59
2019-09-15,408.50
2019-09-22,408.32
2019-09-29,407.96
2019-10-06,408.38
2019-10-13,408.62
2019-10-20,408.72
2019-10-27,409.29
2019-11-03,409.90
2019-11-10,410.19
2019-11-17,410.19
2019-11-24,410.72
2019-12-01,411.07
2019-12-08,411.32
2019-12-15,411.89
2019-12-22,412.21
2019-12-29,412.99
2020-01-05,413.38
2020-01-12,412.80
2020-01-19,413.66
2020-01-26,414.03
2020-02-02,414.30
2020-02-09,414.40
2020-02-16,414.06
2020-02-23,413.72
2020-03-01,413.86
2020-03-08,414.11
2020-03-15,414.28
2020-03-22,415.55
2020-03-29,415.75
2020-04-05,416.45
2020-04-12,416.27
2020-04-19,415.88
2020-04-26,416.82
2020-05-03,416.83
2020-05-10,416.79
2020-05-17,416.97
2020-05-24,417.43
2020-05-31,417.20
2020-06-07,416.34
2020-06-14,416.27
2020-06-21,416.05
2020-06-28,415.43
2020-07-05,415.24
2020-07-12,414.53
2020-07-19,413.90
2020-07-26,413.22
2020-08-02,413.17
2020-08-09,412.74
2020-08-16,412.39
2020-08-23,411.96
2020-08-30,411.59
2020-09-06,411.37
2020-09-13,411.47
2020-09-20,411.00
2020-09-27,411.06
2020-10-04,411.05
2020-10-11,411.12
2020-10-18,411.52
2020-10-25,411.48
2020-11-01,411.76
2020-11-08,412.75
2020-11-15,412.53
2020-11-22,413.84
2020-11-29,413.76
2020-12-06,413.39
2020-12-13,413.92
2020-12-20,414.60
2020-12-27,415.09
2021-01-03,415.25