Week,Crude_oil_production
1983-01-07,8634
1983-01-14,8634
1983-01-21,8634
1983-01-28,8634
1983-02-04,8660
1983-02-11,8660
1983-02-18,8660
1983-02-25,8660
1983-03-04,8677
1983-03-11,8677
1983-03-18,8677
1983-03-25,8677
1983-04-01,8677
1983-04-08,8686
1983-04-15,8686
1983-04-29,8686
1983-05-13,8682
1983-05-20,8682
1983-06-03,8676
1983-06-10,8676
1983-06-17,8676
1983-06-24,8676
1983-07-01,8676
1983-07-08,8647
1983-07-15,8647
1983-07-22,8647
1983-07-29,8647
1983-08-05,8653
1983-08-12,8653
1983-08-19,8653
1983-08-26,8653
1983-09-02,8666
1983-09-09,8666
1983-09-16,8666
1983-09-23,8666
1983-09-30,8666
1983-10-07,8654
1983-10-14,8654
1983-10-21,8654
1983-10-28,8654
1983-11-04,8624
1983-11-11,8624
1983-11-18,8624
1983-11-25,8624
1983-12-02,8612
1983-12-09,8612
1983-12-16,8612
1983-12-23,8612
1983-12-30,8612
1984-01-06,8659
1984-01-13,8659
1984-01-20,8659
1984-01-27,8659
1984-02-03,8726
1984-02-10,8726
1984-02-17,8726
1984-02-24,8726
1984-03-02,8718
1984-03-09,8718
1984-03-16,8718
1984-03-23,8718
1984-03-30,8718
1984-04-06,8688
1984-04-13,8688
1984-04-20,8688
1984-04-27,8688
1984-05-04,8753
1984-05-11,8753
1984-05-18,8753
1984-05-25,8753
1984-06-01,8743
1984-06-08,8743
1984-06-15,8743
1984-06-22,8743
1984-06-29,8743
1984-07-06,8769
1984-07-13,8769
1984-07-20,8769
1984-07-27,8769
1984-08-03,8781
1984-08-10,8781
1984-08-17,8781
1984-08-24,8781
1984-08-31,8781
1984-09-07,8759
1984-09-14,8759
1984-09-21,8759
1984-09-28,8759
1984-10-05,8847
1984-10-12,8847
1984-10-19,8847
1984-10-26,8847
1984-11-02,8846
1984-11-09,8846
1984-11-16,8846
1984-11-23,8846
1984-11-30,8846
1984-12-07,8797
1984-12-14,8797
1984-12-21,8797
1984-12-28,8797
1985-01-04,8929
1985-01-11,8929
1985-01-18,8929
1985-01-25,8929
1985-02-01,8928
1985-02-08,8928
1985-02-15,8928
1985-02-22,8928
1985-03-01,8927
1985-03-08,8927
1985-03-15,8927
1985-03-22,8927
1985-03-29,8927
1985-04-05,8842
1985-04-12,8842
1985-04-19,8842
1985-04-26,8842
1985-05-03,8969
1985-05-10,8969
1985-05-17,8969
1985-05-24,8969
1985-05-31,8969
1985-06-07,8965
1985-06-14,8965
1985-06-21,8965
1985-06-28,8965
1985-07-05,8904
1985-07-12,8904
1985-07-19,8904
1985-07-26,8904
1985-08-02,8895
1985-08-09,8895
1985-08-16,8895
1985-08-23,8895
1985-08-30,8895
1985-09-06,8874
1985-09-13,8874
1985-09-20,8874
1985-09-27,8874
1985-10-04,8943
1985-10-11,8943
1985-10-18,8943
1985-10-25,8943
1985-11-01,8932
1985-11-08,8932
1985-11-15,8932
1985-11-22,8932
1985-11-29,8932
1985-12-06,8930
1985-12-13,8930
1985-12-20,8930
1985-12-27,8930
1986-01-03,8942
1986-01-10,8942
1986-01-17,8942
1986-01-24,8942
1986-01-31,8942
1986-02-07,8940
1986-02-14,8940
1986-02-21,8940
1986-02-28,8939
1986-03-07,8939
1986-03-14,8939
1986-03-21,8939
1986-03-28,8939
1986-04-04,8815
1986-04-11,8815
1986-04-18,8815
1986-04-25,8815
1986-05-02,8805
1986-05-09,8805
1986-05-16,8805
1986-05-23,8805
1986-05-30,8805
1986-06-06,8792
1986-06-13,8792
1986-06-20,8792
1986-06-27,8792
1986-07-04,8737
1986-07-11,8737
1986-07-18,8737
1986-07-25,8737
1986-08-01,8737
1986-08-08,8708
1986-08-15,8708
1986-08-22,8708
1986-08-29,8708
1986-09-05,8671
1986-09-12,8671
1986-09-19,8671
1986-09-26,8671
1986-10-03,8773
1986-10-10,8773
1986-10-17,8773
1986-10-24,8773
1986-10-31,8773
1986-11-07,8321
1986-11-14,8321
1986-11-21,8321
1986-11-28,8321
1986-12-05,8348
1986-12-12,8348
1986-12-19,8348
1986-12-26,8348
1987-01-02,8353
1987-01-09,8354
1987-01-16,8354
1987-01-23,8354
1987-01-30,8354
1987-02-06,8383
1987-02-13,8383
1987-02-20,8383
1987-02-27,8383
1987-03-06,8336
1987-03-13,8336
1987-03-20,8336
1987-03-27,8336
1987-04-03,8361
1987-04-10,8361
1987-04-17,8361
1987-04-24,8361
1987-05-01,8361
1987-05-08,8296
1987-05-15,8296
1987-05-22,8296
1987-05-29,8296
1987-06-05,8303
1987-06-12,8303
1987-06-19,8303
1987-06-26,8303
1987-07-03,8287
1987-07-10,8287
1987-07-17,8287
1987-07-24,8287
1987-07-31,8287
1987-08-07,8204
1987-08-14,8204
1987-08-21,8204
1987-08-28,8204
1987-09-04,8162
1987-09-11,8162
1987-09-18,8162
1987-09-25,8162
1987-10-02,8281
1987-10-09,8281
1987-10-16,8281
1987-10-23,8281
1987-10-30,8281
1987-11-06,8283
1987-11-13,8283
1987-11-20,8283
1987-11-27,8283
1987-12-04,8348
1987-12-11,8348
1987-12-18,8348
1987-12-25,8348
1988-01-01,8348
1988-01-08,8395
1988-01-15,8395
1988-01-22,8395
1988-01-29,8395
1988-02-05,8353
1988-02-12,8353
1988-02-19,8353
1988-02-26,8353
1988-03-04,8306
1988-03-11,8306
1988-03-18,8306
1988-03-25,8306
1988-04-01,8306
1988-04-08,8269
1988-04-15,8269
1988-04-22,8269
1988-04-29,8269
1988-05-06,8240
1988-05-13,8240
1988-05-20,8240
1988-05-27,8240
1988-06-03,8210
1988-06-10,8210
1988-06-17,8210
1988-06-24,8210
1988-07-01,8210
1988-07-08,8189
1988-07-15,8189
1988-07-22,8189
1988-07-29,8189
1988-08-05,8128
1988-08-12,8128
1988-08-19,8128
1988-08-26,8128
1988-09-02,8147
1988-09-09,8147
1988-09-16,8147
1988-09-23,8147
1988-09-30,8147
1988-10-07,8085
1988-10-14,8085
1988-10-21,8085
1988-10-28,8085
1988-11-04,8026
1988-11-11,8026
1988-11-18,8026
1988-11-25,8026
1988-12-02,8035
1988-12-09,8035
1988-12-16,8035
1988-12-23,8035
1988-12-30,8035
1989-01-06,8021
1989-01-13,8021
1989-01-20,8021
1989-01-27,8021
1989-02-03,7965
1989-02-10,7965
1989-02-17,7965
1989-02-24,7965
1989-03-03,7921
1989-03-10,7921
1989-03-17,7921
1989-03-24,7921
1989-03-31,7921
1989-04-07,7880
1989-04-14,7880
1989-04-21,7880
1989-04-28,7880
1989-05-05,7843
1989-05-12,7843
1989-05-19,7843
1989-05-26,7843
1989-06-02,7726
1989-06-09,7726
1989-06-16,7726
1989-06-23,7726
1989-06-30,7726
1989-07-07,7622
1989-07-14,7622
1989-07-21,7622
1989-07-28,7622
1989-08-04,7662
1989-08-11,7662
1989-08-18,7662
1989-08-25,7662
1989-09-01,7662
1989-09-08,7641
1989-09-15,7641
1989-09-22,7641
1989-09-29,7641
1989-10-06,7644
1989-10-13,7644
1989-10-20,7644
1989-10-27,7644
1989-11-03,7601
1989-11-10,7601
1989-11-17,7601
1989-11-24,7601
1989-12-01,7601
1989-12-08,7565
1989-12-15,7565
1989-12-22,7565
1989-12-29,7565
1990-01-05,7512
1990-01-12,7512
1990-01-19,7512
1990-01-26,7512
1990-02-02,7399
1990-02-09,7399
1990-02-16,7399
1990-02-23,7399
1990-03-02,7411
1990-03-09,7411
1990-03-16,7411
1990-03-23,7411
1990-03-30,7411
1990-04-06,7310
1990-04-13,7310
1990-04-20,7310
1990-04-27,7310
1990-05-04,7241
1990-05-11,7241
1990-05-18,7241
1990-05-25,7241
1990-06-01,7241
1990-06-08,6981
1990-06-15,6981
1990-06-22,6981
1990-06-29,6981
1990-07-06,7130
1990-07-13,7130
1990-07-20,7130
1990-07-27,7130
1990-08-03,6971
1990-08-10,6971
1990-08-17,6971
1990-08-24,6971
1990-08-31,6971
1990-09-07,6991
1990-09-14,6991
1990-09-21,7041
1990-09-28,7041
1990-10-05,7261
1990-10-12,7261
1990-10-19,7261
1990-10-26,7329
1990-11-02,7342
1990-11-09,7284
1990-11-16,6910
1990-11-23,7440
1990-11-30,7235
1990-12-07,6996
1990-12-14,7474
1990-12-21,7245
1990-12-28,7559
1991-01-04,7481
1991-01-11,7475
1991-01-18,7461
1991-01-25,7219
1991-02-01,7477
1991-02-08,7463
1991-02-15,7427
1991-02-22,7415
1991-03-01,7404
1991-03-08,7394
1991-03-15,7412
1991-03-22,7385
1991-03-29,7383
1991-04-05,7356
1991-04-12,7334
1991-04-19,7370
1991-04-26,7346
1991-05-03,7295
1991-05-10,7303
1991-05-17,7280
1991-05-24,7336
1991-05-31,7323
1991-06-07,7301
1991-06-14,7359
1991-06-21,7338
1991-06-28,7377
1991-07-05,7383
1991-07-12,7365
1991-07-19,7348
1991-07-26,7355
1991-08-02,7342
1991-08-09,7228
1991-08-16,7302
1991-08-23,7215
1991-08-30,7274
1991-09-06,7150
1991-09-13,7267
1991-09-20,7327
1991-09-27,7365
1991-10-04,7381
1991-10-11,7387
1991-10-18,7381
1991-10-25,7384
1991-11-01,7359
1991-11-08,7140
1991-11-15,7426
1991-11-22,7388
1991-11-29,7226
1991-12-06,7376
1991-12-13,6731
1991-12-20,7451
1991-12-27,7449
1992-01-03,7422
1992-01-10,7410
1992-01-17,7235
1992-01-24,7343
1992-01-31,7357
1992-02-07,7382
1992-02-14,7364
1992-02-21,7329
1992-02-28,7365
1992-03-06,7357
1992-03-13,7345
1992-03-20,7324
1992-03-27,7283
1992-04-03,7327
1992-04-10,7277
1992-04-17,7353
1992-04-24,7238
1992-05-01,7235
1992-05-08,7248
1992-05-15,7160
1992-05-22,7205
1992-05-29,7219
1992-06-05,7240
1992-06-12,7228
1992-06-19,7218
1992-06-26,7194
1992-07-03,7221
1992-07-10,7125
1992-07-17,7144
1992-07-24,7095
1992-07-31,7059
1992-08-07,7124
1992-08-14,6990
1992-08-21,7120
1992-08-28,6678
1992-09-04,6847
1992-09-11,6955
1992-09-18,7012
1992-09-25,7049
1992-10-02,7046
1992-10-09,7011
1992-10-16,7032
1992-10-23,7036
1992-10-30,7041
1992-11-06,7011
1992-11-13,6954
1992-11-20,6987
1992-11-27,7064
1992-12-04,7074
1992-12-11,7087
1992-12-18,7098
1992-12-25,7053
1993-01-01,6995
1993-01-08,7015
1993-01-15,6994
1993-01-22,7043
1993-01-29,7035
1993-02-05,7031
1993-02-12,7033
1993-02-19,6960
1993-02-26,6981
1993-03-05,7018
1993-03-12,6981
1993-03-19,6979
1993-03-26,6964
1993-04-02,6971
1993-04-09,6883
1993-04-16,6896
1993-04-23,6912
1993-04-30,6913
1993-05-07,6902
1993-05-14,6846
1993-05-21,6818
1993-05-28,6842
1993-06-04,6789
1993-06-11,6817
1993-06-18,6766
1993-06-25,6749
1993-07-02,6742
1993-07-09,6772
1993-07-16,6643
1993-07-23,6540
1993-07-30,6730
1993-08-06,6753
1993-08-13,6761
1993-08-20,6774
1993-08-27,6790
1993-09-03,6734
1993-09-10,6665
1993-09-17,6706
1993-09-24,6650
1993-10-01,6684
1993-10-08,6654
1993-10-15,6772
1993-10-22,6837
1993-10-29,6868
1993-11-05,6872
1993-11-12,6882
1993-11-19,6847
1993-11-26,6878
1993-12-03,6943
1993-12-10,6923
1993-12-17,6897
1993-12-24,6854
1993-12-31,6857
1994-01-07,6875
1994-01-14,6880
1994-01-21,6845
1994-01-28,6886
1994-02-04,6836
1994-02-11,6802
1994-02-18,6546
1994-02-25,6792
1994-03-04,6763
1994-03-11,6704
1994-03-18,6728
1994-03-25,6599
1994-04-01,6683
1994-04-08,6641
1994-04-15,6711
1994-04-22,6292
1994-04-29,6748
1994-05-06,6706
1994-05-13,6657
1994-05-20,6732
1994-05-27,6629
1994-06-03,6695
1994-06-10,6530
1994-06-17,6648
1994-06-24,6656
1994-07-01,6604
1994-07-08,6591
1994-07-15,6618
1994-07-22,6522
1994-07-29,6566
1994-08-05,6582
1994-08-12,6521
1994-08-19,6540
1994-08-26,6583
1994-09-02,6552
1994-09-09,6545
1994-09-16,6526
1994-09-23,6595
1994-09-30,6640
1994-10-07,6692
1994-10-14,6703
1994-10-21,6703
1994-10-28,6633
1994-11-04,6620
1994-11-11,6616
1994-11-18,6668
1994-11-25,6626
1994-12-02,6472
1994-12-09,6670
1994-12-16,6655
1994-12-23,6703
1994-12-30,6675
1995-01-06,6651
1995-01-13,6672
1995-01-20,6571
1995-01-27,6526
1995-02-03,6662
1995-02-10,6595
1995-02-17,6613
1995-02-24,6546
1995-03-03,6660
1995-03-10,6598
1995-03-17,6632
1995-03-24,6474
1995-03-31,6380
1995-04-07,6554
1995-04-14,6597
1995-04-21,6603
1995-04-28,6539
1995-05-05,6604
1995-05-12,6610
1995-05-19,6598
1995-05-26,6626
1995-06-02,6592
1995-06-09,6593
1995-06-16,6560
1995-06-23,6529
1995-06-30,6545
1995-07-07,6518
1995-07-14,6448
1995-07-21,6417
1995-07-28,6484
1995-08-04,6444
1995-08-11,6476
1995-08-18,6475
1995-08-25,6483
1995-09-01,6507
1995-09-08,6491
1995-09-15,6248
1995-09-22,6414
1995-09-29,6450
1995-10-06,6215
1995-10-13,6404
1995-10-20,6497
1995-10-27,6512
1995-11-03,6539
1995-11-10,6516
1995-11-17,6493
1995-11-24,6484
1995-12-01,6450
1995-12-08,6428
1995-12-15,6411
1995-12-22,6467
1995-12-29,6474
1996-01-05,6464
1996-01-12,6498
1996-01-19,6516
1996-01-26,6405
1996-02-02,6413
1996-02-09,6505
1996-02-16,6511
1996-02-23,6501
1996-03-01,6496
1996-03-08,6461
1996-03-15,6490
1996-03-22,6473
1996-03-29,6440
1996-04-05,6441
1996-04-12,6390
1996-04-19,6425
1996-04-26,6173
1996-05-03,6454
1996-05-10,6065
1996-05-17,6363
1996-05-24,6412
1996-05-31,6392
1996-06-07,6421
1996-06-14,6515
1996-06-21,6452
1996-06-28,6489
1996-07-05,6499
1996-07-12,6499
1996-07-19,6345
1996-07-26,6394
1996-08-02,6297
1996-08-09,6286
1996-08-16,6445
1996-08-23,6481
1996-08-30,6526
1996-09-06,6497
1996-09-13,6498
1996-09-20,6467
1996-09-27,6520
1996-10-04,6485
1996-10-11,6485
1996-10-18,6523
1996-10-25,6514
1996-11-01,6513
1996-11-08,6541
1996-11-15,6531
1996-11-22,6512
1996-11-29,6538
1996-12-06,6534
1996-12-13,6518
1996-12-20,6523
1996-12-27,6506
1997-01-03,6454
1997-01-10,6499
1997-01-17,6476
1997-01-24,6513
1997-01-31,6505
1997-02-07,6483
1997-02-14,6502
1997-02-21,6496
1997-02-28,6501
1997-03-07,6440
1997-03-14,6449
1997-03-21,6391
1997-03-28,6409
1997-04-04,6493
1997-04-11,6433
1997-04-18,6412
1997-04-25,6465
1997-05-02,6409
1997-05-09,6430
1997-05-16,6426
1997-05-23,6423
1997-05-30,6439
1997-06-06,6435
1997-06-13,6415
1997-06-20,6334
1997-06-27,6357
1997-07-04,6338
1997-07-11,6351
1997-07-18,6352
1997-07-25,6337
1997-08-01,6360
1997-08-08,6127
1997-08-15,6221
1997-08-22,6387
1997-08-29,6400
1997-09-05,6362
1997-09-12,6393
1997-09-19,6366
1997-09-26,6396
1997-10-03,6375
1997-10-10,6371
1997-10-17,6408
1997-10-24,6407
1997-10-31,6400
1997-11-07,6418
1997-11-14,6385
1997-11-21,6390
1997-11-28,6416
1997-12-05,6448
1997-12-12,6440
1997-12-19,6463
1997-12-26,6462
1998-01-02,6459
1998-01-09,6430
1998-01-16,6376
1998-01-23,6359
1998-01-30,6377
1998-02-06,6412
1998-02-13,6424
1998-02-20,6415
1998-02-27,6368
1998-03-06,6440
1998-03-13,6420
1998-03-20,6336
1998-03-27,6405
1998-04-03,6443
1998-04-10,6407
1998-04-17,6417
1998-04-24,6397
1998-05-01,6422
1998-05-08,6422
1998-05-15,6378
1998-05-22,6368
1998-05-29,6346
1998-06-05,6333
1998-06-12,6372
1998-06-19,6383
1998-06-26,6269
1998-07-03,6311
1998-07-10,6354
1998-07-17,6351
1998-07-24,6354
1998-07-31,6340
1998-08-07,6336
1998-08-14,6319
1998-08-21,6315
1998-08-28,6346
1998-09-04,6349
1998-09-11,6366
1998-09-18,6411
1998-09-25,6396
1998-10-02,5950
1998-10-09,6368
1998-10-16,6418
1998-10-23,6442
1998-10-30,6417
1998-11-06,6398
1998-11-13,6401
1998-11-20,6399
1998-11-27,6401
1998-12-04,6390
1998-12-11,6390
1998-12-18,6449
1998-12-25,6437
1999-01-01,6342
1999-01-08,6393
1999-01-15,6373
1999-01-22,6352
1999-01-29,6363
1999-02-05,6369
1999-02-12,6052
1999-02-19,5899
1999-02-26,5911
1999-03-05,5920
1999-03-12,5895
1999-03-19,5894
1999-03-26,5864
1999-04-02,5879
1999-04-09,5740
1999-04-16,5849
1999-04-23,5707
1999-04-30,5877
1999-05-07,5835
1999-05-14,5804
1999-05-21,5857
1999-05-28,5845
1999-06-04,5864
1999-06-11,5868
1999-06-18,5926
1999-06-25,5884
1999-07-02,5662
1999-07-09,5808
1999-07-16,5952
1999-07-23,5927
1999-07-30,5898
1999-08-06,5925
1999-08-13,5950
1999-08-20,5970
1999-08-27,5994
1999-09-03,6014
1999-09-10,5917
1999-09-17,5692
1999-09-24,5973
1999-10-01,6032
1999-10-08,6082
1999-10-15,6090
1999-10-22,6101
1999-10-29,6111
1999-11-05,6134
1999-11-12,6128
1999-11-19,6059
1999-11-26,6006
1999-12-03,6087
1999-12-10,6057
1999-12-17,6043
1999-12-24,6058
1999-12-31,6043
2000-01-07,6000
2000-01-14,6019
2000-01-21,6013
2000-01-28,5988
2000-02-04,6011
2000-02-11,5994
2000-02-18,5989
2000-02-25,6007
2000-03-03,5974
2000-03-10,5857
2000-03-17,5859
2000-03-24,5863
2000-03-31,5873
2000-04-07,5820
2000-04-14,5840
2000-04-21,5836
2000-04-28,5838
2000-05-05,5798
2000-05-12,5757
2000-05-19,5793
2000-05-26,5784
2000-06-02,5704
2000-06-09,5804
2000-06-16,5791
2000-06-23,5726
2000-06-30,5732
2000-07-07,5766
2000-07-14,5788
2000-07-21,5769
2000-07-28,5764
2000-08-04,5778
2000-08-11,5745
2000-08-18,5773
2000-08-25,5782
2000-09-01,5783
2000-09-08,5802
2000-09-15,5803
2000-09-22,5680
2000-09-29,5862
2000-10-06,5867
2000-10-13,5864
2000-10-20,5880
2000-10-27,5894
2000-11-03,5903
2000-11-10,5889
2000-11-17,5854
2000-11-24,5883
2000-12-01,5925
2000-12-08,5903
2000-12-15,5897
2000-12-22,5875
2000-12-29,5903
2001-01-05,5944
2001-01-12,5949
2001-01-19,5912
2001-01-26,5935
2001-02-02,5929
2001-02-09,5866
2001-02-16,5857
2001-02-23,5875
2001-03-02,5876
2001-03-09,5868
2001-03-16,5883
2001-03-23,5868
2001-03-30,5883
2001-04-06,5867
2001-04-13,5855
2001-04-20,5861
2001-04-27,5884
2001-05-04,5831
2001-05-11,5780
2001-05-18,5785
2001-05-25,5819
2001-06-01,5823
2001-06-08,5746
2001-06-15,5726
2001-06-22,5740
2001-06-29,5756
2001-07-06,5756
2001-07-13,5770
2001-07-20,5731
2001-07-27,5705
2001-08-03,5745
2001-08-10,5773
2001-08-17,5785
2001-08-24,5796
2001-08-31,5751
2001-09-07,5829
2001-09-14,5814
2001-09-21,5789
2001-09-28,5735
2001-10-05,5736
2001-10-12,5515
2001-10-19,5828
2001-10-26,5879
2001-11-02,5859
2001-11-09,5863
2001-11-16,5872
2001-11-23,5882
2001-11-30,5873
2001-12-07,5856
2001-12-14,5884
2001-12-21,5911
2001-12-28,5902
2002-01-04,5922
2002-01-11,5922
2002-01-18,5911
2002-01-25,5909
2002-02-01,5916
2002-02-08,5952
2002-02-15,5927
2002-02-22,5956
2002-03-01,5966
2002-03-08,5947
2002-03-15,5975
2002-03-22,5948
2002-03-29,5956
2002-04-05,5916
2002-04-12,5922
2002-04-19,5896
2002-04-26,5865
2002-05-03,5879
2002-05-10,5889
2002-05-17,5894
2002-05-24,5890
2002-05-31,5896
2002-06-07,5897
2002-06-14,5910
2002-06-21,5939
2002-06-28,5917
2002-07-05,5898
2002-07-12,5885
2002-07-19,5839
2002-07-26,5844
2002-08-02,5604
2002-08-09,5858
2002-08-16,5907
2002-08-23,5918
2002-08-30,5883
2002-09-06,5773
2002-09-13,5716
2002-09-20,5736
2002-09-27,5190
2002-10-04,4803
2002-10-11,5490
2002-10-18,5721
2002-10-25,5714
2002-11-01,5711
2002-11-08,5349
2002-11-15,5738
2002-11-22,5754
2002-11-29,5740
2002-12-06,5763
2002-12-13,5752
2002-12-20,5758
2002-12-27,5749
2003-01-03,5752
2003-01-10,5728
2003-01-17,5702
2003-01-24,5739
2003-01-31,5764
2003-02-07,5899
2003-02-14,5906
2003-02-21,5898
2003-02-28,5901
2003-03-07,5872
2003-03-14,5886
2003-03-21,5906
2003-03-28,5906
2003-04-04,5866
2003-04-11,5801
2003-04-18,5772
2003-04-25,5766
2003-05-02,5829
2003-05-09,5855
2003-05-16,5807
2003-05-23,5813
2003-05-30,5837
2003-06-06,5803
2003-06-13,5860
2003-06-20,5900
2003-06-27,5867
2003-07-04,5815
2003-07-11,5770
2003-07-18,5777
2003-07-25,5699
2003-08-01,5738
2003-08-08,5747
2003-08-15,5750
2003-08-22,5736
2003-08-29,5723
2003-09-05,5727
2003-09-12,5703
2003-09-19,5739
2003-09-26,5734
2003-10-03,5678
2003-10-10,5559
2003-10-17,5605
2003-10-24,5614
2003-10-31,5550
2003-11-07,5596
2003-11-14,5692
2003-11-21,5683
2003-11-28,5709
2003-12-05,5597
2003-12-12,5592
2003-12-19,5663
2003-12-26,5658
2004-01-02,5664
2004-01-09,5705
2004-01-16,5717
2004-01-23,5709
2004-01-30,5710
2004-02-06,5703
2004-02-13,5658
2004-02-20,5622
2004-02-27,5661
2004-03-05,5675
2004-03-12,5658
2004-03-19,5657
2004-03-26,5658
2004-04-02,5661
2004-04-09,5611
2004-04-16,5588
2004-04-23,5618
2004-04-30,5624
2004-05-07,5626
2004-05-14,5611
2004-05-21,5608
2004-05-28,5460
2004-06-04,5452
2004-06-11,5411
2004-06-18,5434
2004-06-25,5394
2004-07-02,5404
2004-07-09,5485
2004-07-16,5334
2004-07-23,5446
2004-07-30,5367
2004-08-06,5414
2004-08-13,5243
2004-08-20,5113
2004-08-27,5401
2004-09-03,5360
2004-09-10,5337
2004-09-17,5087
2004-09-24,4946
2004-10-01,4656
2004-10-08,5033
2004-10-15,5090
2004-10-22,5110
2004-10-29,5176
2004-11-05,5319
2004-11-12,5391
2004-11-19,5395
2004-11-26,5408
2004-12-03,5396
2004-12-10,5439
2004-12-17,5461
2004-12-24,5421
2004-12-31,5430
2005-01-07,5430
2005-01-14,5417
2005-01-21,5456
2005-01-28,5437
2005-02-04,5421
2005-02-11,5427
2005-02-18,5436
2005-02-25,5492
2005-03-04,5489
2005-03-11,5504
2005-03-18,5480
2005-03-25,5496
2005-04-01,5504
2005-04-08,5428
2005-04-15,5441
2005-04-22,5415
2005-04-29,5423
2005-05-06,5510
2005-05-13,5521
2005-05-20,5539
2005-05-27,5537
2005-06-03,5515
2005-06-10,5542
2005-06-17,5541
2005-06-24,5359
2005-07-01,5498
2005-07-08,5463
2005-07-15,4758
2005-07-22,5448
2005-07-29,5149
2005-08-05,5417
2005-08-12,5359
2005-08-19,5395
2005-08-26,5427
2005-09-02,4360
2005-09-09,4268
2005-09-16,4500
2005-09-23,4348
2005-09-30,3813
2005-10-07,3901
2005-10-14,4147
2005-10-21,4108
2005-10-28,4068
2005-11-04,4306
2005-11-11,4583
2005-11-18,4579
2005-11-25,4765
2005-12-02,5021
2005-12-09,4933
2005-12-16,4890
2005-12-23,4891
2005-12-30,4864
2006-01-06,5023
2006-01-13,5110
2006-01-20,5119
2006-01-27,4862
2006-02-03,4903
2006-02-10,5003
2006-02-17,4997
2006-02-24,4985
2006-03-03,5054
2006-03-10,5154
2006-03-17,5027
2006-03-24,5016
2006-03-31,5024
2006-04-07,5053
2006-04-14,5125
2006-04-21,5127
2006-04-28,5122
2006-05-05,5128
2006-05-12,5069
2006-05-19,5093
2006-05-26,5088
2006-06-02,5097
2006-06-09,5211
2006-06-16,5198
2006-06-23,5162
2006-06-30,5129
2006-07-07,5275
2006-07-14,5265
2006-07-21,5141
2006-07-28,4940
2006-08-04,5144
2006-08-11,5150
2006-08-18,5087
2006-08-25,5099
2006-09-01,5101
2006-09-08,5076
2006-09-15,5109
2006-09-22,5106
2006-09-29,5151
2006-10-06,5253
2006-10-13,5132
2006-10-20,5221
2006-10-27,5307
2006-11-03,5329
2006-11-10,5326
2006-11-17,5269
2006-11-24,5030
2006-12-01,5368
2006-12-08,5357
2006-12-15,5348
2006-12-22,5361
2006-12-29,5369
2007-01-05,5370
2007-01-12,5317
2007-01-19,5241
2007-01-26,5224
2007-02-02,5283
2007-02-09,5316
2007-02-16,5323
2007-02-23,5285
2007-03-02,5267
2007-03-09,5218
2007-03-16,5235
2007-03-23,5218
2007-03-30,5243
2007-04-06,5179
2007-04-13,5125
2007-04-20,5128
2007-04-27,5089
2007-05-04,5131
2007-05-11,5201
2007-05-18,5207
2007-05-25,5148
2007-06-01,5180
2007-06-08,5170
2007-06-15,5093
2007-06-22,5108
2007-06-29,5122
2007-07-06,5198
2007-07-13,5201
2007-07-20,5184
2007-07-27,5206
2007-08-03,5142
2007-08-10,5192
2007-08-17,5119
2007-08-24,5161
2007-08-31,5021
2007-09-07,5129
2007-09-14,5039
2007-09-21,5027
2007-09-28,5064
2007-10-05,5059
2007-10-12,5102
2007-10-19,5122
2007-10-26,5114
2007-11-02,5126
2007-11-09,5134
2007-11-16,4942
2007-11-23,5117
2007-11-30,5133
2007-12-07,5117
2007-12-14,5110
2007-12-21,5117
2007-12-28,5078
2008-01-04,5051
2008-01-11,5013
2008-01-18,5042
2008-01-25,4998
2008-02-01,5013
2008-02-08,5044
2008-02-15,5034
2008-02-22,5044
2008-02-29,5050
2008-03-07,5100
2008-03-14,5100
2008-03-21,5103
2008-03-28,5087
2008-04-04,5097
2008-04-11,5096
2008-04-18,5101
2008-04-25,5098
2008-05-02,5099
2008-05-09,5128
2008-05-16,5045
2008-05-23,5128
2008-05-30,5139
2008-06-06,5114
2008-06-13,5145
2008-06-20,5120
2008-06-27,5123
2008-07-04,4960
2008-07-11,5139
2008-07-18,5165
2008-07-25,5160
2008-08-01,5172
2008-08-08,5139
2008-08-15,5078
2008-08-22,4906
2008-08-29,5097
2008-09-05,4084
2008-09-12,3988
2008-09-19,3932
2008-09-26,3839
2008-10-03,4422
2008-10-10,4572
2008-10-17,4630
2008-10-24,4675
2008-10-31,4776
2008-11-07,4885
2008-11-14,4943
2008-11-21,5006
2008-11-28,5118
2008-12-05,5152
2008-12-12,4967
2008-12-19,4972
2008-12-26,4979
2009-01-02,4935
2009-01-09,4917
2009-01-16,5052
2009-01-23,5045
2009-01-30,5235
2009-02-06,5327
2009-02-13,5323
2009-02-20,5300
2009-02-27,5373
2009-03-06,5401
2009-03-13,5414
2009-03-20,5432
2009-03-27,5480
2009-04-03,5469
2009-04-10,5482
2009-04-17,5421
2009-04-24,5269
2009-05-01,5280
2009-05-08,5306
2009-05-15,5352
2009-05-22,5364
2009-05-29,5358
2009-06-05,5358
2009-06-12,5273
2009-06-19,5257
2009-06-26,5163
2009-07-03,5171
2009-07-10,5171
2009-07-17,5176
2009-07-24,5107
2009-07-31,5246
2009-08-07,5172
2009-08-14,5169
2009-08-21,5173
2009-08-28,5244
2009-09-04,5266
2009-09-11,5304
2009-09-18,5300
2009-09-25,5375
2009-10-02,5360
2009-10-09,5377
2009-10-16,5371
2009-10-23,5357
2009-10-30,5391
2009-11-06,5506
2009-11-13,5317
2009-11-20,5433
2009-11-27,5561
2009-12-04,5538
2009-12-11,5524
2009-12-18,5524
2009-12-25,5512
2010-01-01,5507
2010-01-08,5496
2010-01-15,5404
2010-01-22,5421
2010-01-29,5403
2010-02-05,5475
2010-02-12,5482
2010-02-19,5505
2010-02-26,5510
2010-03-05,5527
2010-03-12,5540
2010-03-19,5536
2010-03-26,5489
2010-04-02,5473
2010-04-09,5475
2010-04-16,5466
2010-04-23,5488
2010-04-30,5522
2010-05-07,5533
2010-05-14,5516
2010-05-21,5540
2010-05-28,5320
2010-06-04,5445
2010-06-11,5503
2010-06-18,5501
2010-06-25,5257
2010-07-02,5414
2010-07-09,5352
2010-07-16,5460
2010-07-23,5486
2010-07-30,5440
2010-08-06,5239
2010-08-13,5352
2010-08-20,5511
2010-08-27,5602
2010-09-03,5603
2010-09-10,5573
2010-09-17,5556
2010-09-24,5562
2010-10-01,5514
2010-10-08,5528
2010-10-15,5536
2010-10-22,5540
2010-10-29,5593
2010-11-05,5596
2010-11-12,5597
2010-11-19,5581
2010-11-26,5555
2010-12-03,5582
2010-12-10,5604
2010-12-17,5598
2010-12-24,5575
2010-12-31,5598
2011-01-07,5575
2011-01-14,5205
2011-01-21,5321
2011-01-28,5568
2011-02-04,5597
2011-02-11,5610
2011-02-18,5604
2011-02-25,5591
2011-03-04,5593
2011-03-11,5591
2011-03-18,5570
2011-03-25,5568
2011-04-01,5638
2011-04-08,5635
2011-04-15,5625
2011-04-22,5610
2011-04-29,5623
2011-05-06,5609
2011-05-13,5618
2011-05-20,5583
2011-05-27,5609
2011-06-03,5633
2011-06-10,5643
2011-06-17,5650
2011-06-24,5593
2011-07-01,5520
2011-07-08,5578
2011-07-15,5591
2011-07-22,5377
2011-07-29,5523
2011-08-05,5529
2011-08-12,5561
2011-08-19,5591
2011-08-26,5598
2011-09-02,5642
2011-09-09,5083
2011-09-16,5747
2011-09-23,5756
2011-09-30,5800
2011-10-07,5878
2011-10-14,5891
2011-10-21,5876
2011-10-28,5818
2011-11-04,5846
2011-11-11,5894
2011-11-18,5887
2011-11-25,5864
2011-12-02,5861
2011-12-09,5862
2011-12-16,5862
2011-12-23,5846
2011-12-30,5851
2012-01-06,5844
2012-01-13,5726
2012-01-20,5722
2012-01-27,5720
2012-02-03,5763
2012-02-10,5819
2012-02-17,5817
2012-02-24,5814
2012-03-02,5806
2012-03-09,5830
2012-03-16,5826
2012-03-23,5821
2012-03-30,6049
2012-04-06,6040
2012-04-13,6043
2012-04-20,6113
2012-04-27,6121
2012-05-04,6136
2012-05-11,6149
2012-05-18,6239
2012-05-25,6227
2012-06-01,6245
2012-06-08,6236
2012-06-15,6353
2012-06-22,6257
2012-06-29,6094
2012-07-06,6249
2012-07-13,6245
2012-07-20,6364
2012-07-27,6320
2012-08-03,6218
2012-08-10,6181
2012-08-17,6246
2012-08-24,6258
2012-08-31,5486
2012-09-07,5526
2012-09-14,6277
2012-09-21,6509
2012-09-28,6520
2012-10-05,6598
2012-10-12,6606
2012-10-19,6610
2012-10-26,6669
2012-11-02,6677
2012-11-09,6709
2012-11-16,6710
2012-11-23,6818
2012-11-30,6817
2012-12-07,6852
2012-12-14,6863
2012-12-21,6984
2012-12-28,6985
2013-01-04,7002
2013-01-11,7041
2013-01-18,6989
2013-01-25,6993
2013-02-01,6997
2013-02-08,7064
2013-02-15,7118
2013-02-22,7096
2013-03-01,7093
2013-03-08,7159
2013-03-15,7150
2013-03-22,7151
2013-03-29,7151
2013-04-05,7181
2013-04-12,7208
2013-04-19,7326
2013-04-26,7312
2013-05-03,7369
2013-05-10,7321
2013-05-17,7258
2013-05-24,7292
2013-05-31,7300
2013-06-07,7224
2013-06-14,7129
2013-06-21,7261
2013-06-28,7267
2013-07-05,7401
2013-07-12,7490
2013-07-19,7555
2013-07-26,7542
2013-08-02,7560
2013-08-09,7571
2013-08-16,7518
2013-08-23,7609
2013-08-30,7621
2013-09-06,7745
2013-09-13,7827
2013-09-20,7777
2013-09-27,7784
2013-10-04,7809
2013-10-11,7428
2013-10-18,7896
2013-10-25,7853
2013-11-01,7858
2013-11-08,7981
2013-11-15,7974
2013-11-22,8019
2013-11-29,8011
2013-12-06,8075
2013-12-13,8058
2013-12-20,8111
2013-12-27,8121
2014-01-03,8145
2014-01-10,8159
2014-01-17,8052
2014-01-24,8044
2014-01-31,8044
2014-02-07,8132
2014-02-14,8148
2014-02-21,8059
2014-02-28,8077
2014-03-07,8182
2014-03-14,8215
2014-03-21,8190
2014-03-28,8192
2014-04-04,8229
2014-04-11,8301
2014-04-18,8360
2014-04-25,8352
2014-05-02,8350
2014-05-09,8428
2014-05-16,8434
2014-05-23,8472
2014-05-30,8383
2014-06-06,8460
2014-06-13,8477
2014-06-20,8446
2014-06-27,8442
2014-07-04,8514
2014-07-11,8592
2014-07-18,8565
2014-07-25,8443
2014-08-01,8453
2014-08-08,8556
2014-08-15,8577
2014-08-22,8631
2014-08-29,8630
2014-09-05,8590
2014-09-12,8838
2014-09-19,8867
2014-09-26,8837
2014-10-03,8875
2014-10-10,8951
2014-10-17,8934
2014-10-24,8970
2014-10-31,8972
2014-11-07,9063
2014-11-14,9004
2014-11-21,9077
2014-11-28,9083
2014-12-05,9118
2014-12-12,9137
2014-12-19,9127
2014-12-26,9121
2015-01-02,9132
2015-01-09,9192
2015-01-16,9186
2015-01-23,9213
2015-01-30,9177
2015-02-06,9226
2015-02-13,9280
2015-02-20,9285
2015-02-27,9324
2015-03-06,9366
2015-03-13,9419
2015-03-20,9422
2015-03-27,9386
2015-04-03,9404
2015-04-10,9384
2015-04-17,9366
2015-04-24,9373
2015-05-01,9369
2015-05-08,9374
2015-05-15,9262
2015-05-22,9566
2015-05-29,9586
2015-06-05,9610
2015-06-12,9589
2015-06-19,9604
2015-06-26,9595
2015-07-03,9604
2015-07-10,9562
2015-07-17,9558
2015-07-24,9413
2015-07-31,9465
2015-08-07,9395
2015-08-14,9348
2015-08-21,9337
2015-08-28,9218
2015-09-04,9135
2015-09-11,9117
2015-09-18,9136
2015-09-25,9096
2015-10-02,9172
2015-10-09,9096
2015-10-16,9096
2015-10-23,9112
2015-10-30,9160
2015-11-06,9185
2015-11-13,9182
2015-11-20,9165
2015-11-27,9202
2015-12-04,9164
2015-12-11,9176
2015-12-18,9179
2015-12-25,9202
2016-01-01,9219
2016-01-08,9227
2016-01-15,9235
2016-01-22,9221
2016-01-29,9214
2016-02-05,9186
2016-02-12,9135
2016-02-19,9102
2016-02-26,9077
2016-03-04,9078
2016-03-11,9068
2016-03-18,9038
2016-03-25,9022
2016-04-01,9008
2016-04-08,8977
2016-04-15,8953
2016-04-22,8938
2016-04-29,8825
2016-05-06,8802
2016-05-13,8791
2016-05-20,8767
2016-05-27,8735
2016-06-03,8745
2016-06-10,8716
2016-06-17,8677
2016-06-24,8622
2016-07-01,8428
2016-07-08,8485
2016-07-15,8494
2016-07-22,8515
2016-07-29,8460
2016-08-05,8445
2016-08-12,8597
2016-08-19,8548
2016-08-26,8488
2016-09-02,8458
2016-09-09,8493
2016-09-16,8512
2016-09-23,8497
2016-09-30,8467
2016-10-07,8450
2016-10-14,8464
2016-10-21,8504
2016-10-28,8522
2016-11-04,8692
2016-11-11,8681
2016-11-18,8690
2016-11-25,8699
2016-12-02,8697
2016-12-09,8796
2016-12-16,8786
2016-12-23,8766
2016-12-30,8770
2017-01-06,8946
2017-01-13,8944
2017-01-20,8961
2017-01-27,8915
2017-02-03,8978
2017-02-10,8977
2017-02-17,9001
2017-02-24,9032
2017-03-03,9088
2017-03-10,9109
2017-03-17,9129
2017-03-24,9147
2017-03-31,9199
2017-04-07,9235
2017-04-14,9252
2017-04-21,9265
2017-04-28,9293
2017-05-05,9314
2017-05-12,9305
2017-05-19,9320
2017-05-26,9342
2017-06-02,9318
2017-06-09,9330
2017-06-16,9350
2017-06-23,9250
2017-06-30,9338
2017-07-07,9397
2017-07-14,9429
2017-07-21,9410
2017-07-28,9430
2017-08-04,9423
2017-08-11,9502
2017-08-18,9528
2017-08-25,9530
2017-09-01,8781
2017-09-08,9353
2017-09-15,9510
2017-09-22,9547
2017-09-29,9561
2017-10-06,9480
2017-10-13,8406
2017-10-20,9507
2017-10-27,9553
2017-11-03,9620
2017-11-10,9645
2017-11-17,9658
2017-11-24,9682
2017-12-01,9707
2017-12-08,9780
2017-12-15,9789
2017-12-22,9754
2017-12-29,9782
2018-01-05,9492
2018-01-12,9750
2018-01-19,9878
2018-01-26,9919
2018-02-02,10251
2018-02-09,10271
2018-02-16,10270
2018-02-23,10283
2018-03-02,10369
2018-03-09,10381
2018-03-16,10407
2018-03-23,10433
2018-03-30,10460
2018-04-06,10525
2018-04-13,10540
2018-04-20,10586
2018-04-27,10619
2018-05-04,10703
2018-05-11,10723
2018-05-18,10725
2018-05-25,10769
2018-06-01,10800
2018-06-08,10900
2018-06-15,10900
2018-06-22,10900
2018-06-29,10900
2018-07-06,10900
2018-07-13,11000
2018-07-20,11000
2018-07-27,10900
2018-08-03,10800
2018-08-10,10900
2018-08-17,11000
2018-08-24,11000
2018-08-31,11000
2018-09-07,10900
2018-09-14,11000
2018-09-21,11100
2018-09-28,11100
2018-10-05,11200
2018-10-12,10900
2018-10-19,10900
2018-10-26,11200
2018-11-02,11600
2018-11-09,11700
2018-11-16,11700
2018-11-23,11700
2018-11-30,11700
2018-12-07,11600
2018-12-14,11600
2018-12-21,11700
2018-12-28,11700
2019-01-04,11700
2019-01-11,11900
2019-01-18,11900
2019-01-25,11900
2019-02-01,11900
2019-02-08,11900
2019-02-15,12000
2019-02-22,12100
2019-03-01,12100
2019-03-08,12000
2019-03-15,12100
2019-03-22,12100
2019-03-29,12200
2019-04-05,12200
2019-04-12,12100
2019-04-19,12200
2019-04-26,12300
2019-05-03,12200
2019-05-10,12100
2019-05-17,12200
2019-05-24,12300
2019-05-31,12400
2019-06-07,12300
2019-06-14,12200
2019-06-21,12100
2019-06-28,12200
2019-07-05,12300
2019-07-12,12000
2019-07-19,11300
2019-07-26,12200
2019-08-02,12300
2019-08-09,12300
2019-08-16,12300
2019-08-23,12500
2019-08-30,12400
2019-09-06,12400
2019-09-13,12400
2019-09-20,12500
2019-09-27,12400
2019-10-04,12600
2019-10-11,12600
2019-10-18,12600
2019-10-25,12600
2019-11-01,12600
2019-11-08,12800
2019-11-15,12800
2019-11-22,12900
2019-11-29,12900
2019-12-06,12800
2019-12-13,12800
2019-12-20,12900
2019-12-27,12900
2020-01-03,12900
2020-01-10,13000
2020-01-17,13000
2020-01-24,13000
2020-01-31,12900
2020-02-07,13000
2020-02-14,13000
2020-02-21,13000
2020-02-28,13100
2020-03-06,13000
2020-03-13,13100
2020-03-20,13000
2020-03-27,13000
2020-04-03,12400
2020-04-10,12300
2020-04-17,12200
2020-04-24,12100
2020-05-01,11900
2020-05-08,11600
2020-05-15,11500
2020-05-22,11400
2020-05-29,11200
2020-06-05,11100
2020-06-12,10500
2020-06-19,11000
2020-06-26,11000
2020-07-03,11000
2020-07-10,11000
2020-07-17,11100
2020-07-24,11100
2020-07-31,11000
2020-08-07,10700
2020-08-14,10700
2020-08-21,10800
2020-08-28,9700
2020-09-04,10000
2020-09-11,10900
2020-09-18,10700
2020-09-25,10700
2020-10-02,11000
2020-10-09,10500
2020-10-16,9900
2020-10-23,11100
2020-10-30,10500
2020-11-06,10500
2020-11-13,10900
2020-11-20,11000
2020-11-27,11100
2020-12-04,11100
2020-12-11,11000
2020-12-18,11000
2020-12-25,11000
2021-01-01,11000
2021-01-08,11000
2021-01-15,11000
2021-01-22,10900