Week,public_road_mileage
1981-01-06,3859837.0
1981-01-13,3859695.3846153845
1981-01-20,3859553.769230769
1981-01-27,3859412.153846154
1981-02-03,3859270.5384615385
1981-02-10,3859128.923076923
1981-02-17,3858987.3076923075
1981-02-24,3858845.6923076925
1981-03-03,3858704.076923077
1981-03-10,3858562.4615384615
1981-03-17,3858420.846153846
1981-03-24,3858279.230769231
1981-03-31,3858137.6153846155
1981-04-07,3857996.0
1981-04-14,3857854.3846153845
1981-04-21,3857712.769230769
1981-04-28,3857571.153846154
1981-05-05,3857429.5384615385
1981-05-12,3857287.923076923
1981-05-19,3857146.3076923075
1981-05-26,3857004.6923076925
1981-06-02,3856863.076923077
1981-06-09,3856721.4615384615
1981-06-16,3856579.846153846
1981-06-23,3856438.230769231
1981-06-30,3856296.6153846155
1981-07-07,3856155.0
1981-07-14,3856013.3846153845
1981-07-21,3855871.769230769
1981-07-28,3855730.153846154
1981-08-04,3855588.5384615385
1981-08-11,3855446.923076923
1981-08-18,3855305.3076923075
1981-08-25,3855163.6923076925
1981-09-01,3855022.076923077
1981-09-08,3854880.4615384615
1981-09-15,3854738.846153846
1981-09-22,3854597.230769231
1981-09-29,3854455.6153846155
1981-10-06,3854314.0
1981-10-13,3854172.3846153845
1981-10-20,3854030.769230769
1981-10-27,3853889.153846154
1981-11-03,3853747.5384615385
1981-11-10,3853605.923076923
1981-11-17,3853464.3076923075
1981-11-24,3853322.6923076925
1981-12-01,3853181.076923077
1981-12-08,3853039.4615384615
1981-12-15,3852897.846153846
1981-12-22,3852756.230769231
1981-12-29,3852614.6153846155
1982-01-04,3852473.0
1982-01-11,3852731.096153846
1982-01-18,3852989.1923076925
1982-01-25,3853247.2884615385
1982-02-01,3853505.3846153845
1982-02-08,3853763.480769231
1982-02-15,3854021.576923077
1982-02-22,3854279.673076923
1982-03-01,3854537.769230769
1982-03-08,3854795.8653846155
1982-03-15,3855053.9615384615
1982-03-22,3855312.0576923075
1982-03-29,3855570.153846154
1982-04-05,3855828.25
1982-04-12,3856086.346153846
1982-04-19,3856344.4423076925
1982-04-26,3856602.5384615385
1982-05-03,3856860.6346153845
1982-05-10,3857118.730769231
1982-05-17,3857376.826923077
1982-05-24,3857634.923076923
1982-05-31,3857893.019230769
1982-06-07,3858151.1153846155
1982-06-14,3858409.2115384615
1982-06-21,3858667.3076923075
1982-06-28,3858925.403846154
1982-07-05,3859183.5
1982-07-12,3859441.596153846
1982-07-19,3859699.6923076925
1982-07-26,3859957.7884615385
1982-08-02,3860215.8846153845
1982-08-09,3860473.980769231
1982-08-16,3860732.076923077
1982-08-23,3860990.173076923
1982-08-30,3861248.269230769
1982-09-06,3861506.3653846155
1982-09-13,3861764.4615384615
1982-09-20,3862022.5576923075
1982-09-27,3862280.653846154
1982-10-04,3862538.75
1982-10-11,3862796.846153846
1982-10-18,3863054.9423076925
1982-10-25,3863313.0384615385
1982-11-01,3863571.1346153845
1982-11-08,3863829.230769231
1982-11-15,3864087.326923077
1982-11-22,3864345.423076923
1982-11-29,3864603.519230769
1982-12-06,3864861.6153846155
1982-12-13,3865119.7115384615
1982-12-20,3865377.8076923075
1982-12-27,3865635.903846154
1983-01-03,3865894.0
1983-01-10,3866157.903846154
1983-01-17,3866421.8076923075
1983-01-24,3866685.7115384615
1983-01-31,3866949.6153846155
1983-02-07,3867213.519230769
1983-02-14,3867477.423076923
1983-02-21,3867741.326923077
1983-02-28,3868005.230769231
1983-03-07,3868269.1346153845
1983-03-14,3868533.0384615385
1983-03-21,3868796.9423076925
1983-03-28,3869060.846153846
1983-04-04,3869324.75
1983-04-11,3869588.653846154
1983-04-18,3869852.5576923075
1983-04-25,3870116.4615384615
1983-05-02,3870380.3653846155
1983-05-09,3870644.269230769
1983-05-16,3870908.173076923
1983-05-23,3871172.076923077
1983-05-30,3871435.980769231
1983-06-06,3871699.8846153845
1983-06-13,3871963.7884615385
1983-06-20,3872227.6923076925
1983-06-27,3872491.596153846
1983-07-04,3872755.5
1983-07-11,3873019.403846154
1983-07-18,3873283.3076923075
1983-07-25,3873547.2115384615
1983-08-01,3873811.1153846155
1983-08-08,3874075.019230769
1983-08-15,3874338.923076923
1983-08-22,3874602.826923077
1983-08-29,3874866.730769231
1983-09-05,3875130.6346153845
1983-09-12,3875394.5384615385
1983-09-19,3875658.4423076925
1983-09-26,3875922.346153846
1983-10-03,3876186.25
1983-10-10,3876450.153846154
1983-10-17,3876714.0576923075
1983-10-24,3876977.9615384615
1983-10-31,3877241.8653846155
1983-11-07,3877505.769230769
1983-11-14,3877769.673076923
1983-11-21,3878033.576923077
1983-11-28,3878297.480769231
1983-12-05,3878561.3846153845
1983-12-12,3878825.2884615385
1983-12-19,3879089.1923076925
1983-12-26,3879353.096153846
1984-01-02,3879617.0
1984-01-09,3879844.826923077
1984-01-16,3880072.653846154
1984-01-23,3880300.480769231
1984-01-30,3880528.3076923075
1984-02-06,3880756.1346153845
1984-02-13,3880983.9615384615
1984-02-20,3881211.7884615385
1984-02-27,3881439.6153846155
1984-03-05,3881667.4423076925
1984-03-12,3881895.269230769
1984-03-19,3882123.096153846
1984-03-26,3882350.923076923
1984-04-02,3882578.75
1984-04-09,3882806.576923077
1984-04-16,3883034.403846154
1984-04-23,3883262.230769231
1984-04-30,3883490.0576923075
1984-05-07,3883717.8846153845
1984-05-14,3883945.7115384615
1984-05-21,3884173.5384615385
1984-05-28,3884401.3653846155
1984-06-04,3884629.1923076925
1984-06-11,3884857.019230769
1984-06-18,3885084.846153846
1984-06-25,3885312.673076923
1984-07-02,3885540.5
1984-07-09,3885768.326923077
1984-07-16,3885996.153846154
1984-07-23,3886223.980769231
1984-07-30,3886451.8076923075
1984-08-06,3886679.6346153845
1984-08-13,3886907.4615384615
1984-08-20,3887135.2884615385
1984-08-27,3887363.1153846155
1984-09-03,3887590.9423076925
1984-09-10,3887818.769230769
1984-09-17,3888046.596153846
1984-09-24,3888274.423076923
1984-10-01,3888502.25
1984-10-08,3888730.076923077
1984-10-15,3888957.903846154
1984-10-22,3889185.730769231
1984-10-29,3889413.5576923075
1984-11-05,3889641.3846153845
1984-11-12,3889869.2115384615
1984-11-19,3890097.0384615385
1984-11-26,3890324.8653846155
1984-12-03,3890552.6923076925
1984-12-10,3890780.519230769
1984-12-17,3891008.346153846
1984-12-24,3891236.173076923
1985-01-01,3891464.0
1985-01-08,3890944.150943396
1985-01-15,3890424.3018867923
1985-01-22,3889904.452830189
1985-01-29,3889384.603773585
1985-02-05,3888864.754716981
1985-02-12,3888344.9056603773
1985-02-19,3887825.0566037735
1985-02-26,3887305.2075471696
1985-03-05,3886785.3584905663
1985-03-12,3886265.5094339624
1985-03-19,3885745.6603773586
1985-03-26,3885225.8113207547
1985-04-02,3884705.962264151
1985-04-09,3884186.113207547
1985-04-16,3883666.2641509436
1985-04-23,3883146.4150943398
1985-04-30,3882626.566037736
1985-05-07,3882106.716981132
1985-05-14,3881586.867924528
1985-05-21,3881067.0188679243
1985-05-28,3880547.169811321
1985-06-04,3880027.320754717
1985-06-11,3879507.4716981133
1985-06-18,3878987.6226415094
1985-06-25,3878467.7735849055
1985-07-02,3877947.9245283017
1985-07-09,3877428.0754716983
1985-07-16,3876908.2264150945
1985-07-23,3876388.3773584906
1985-07-30,3875868.5283018867
1985-08-06,3875348.679245283
1985-08-13,3874828.830188679
1985-08-20,3874308.9811320757
1985-08-27,3873789.132075472
1985-09-03,3873269.283018868
1985-09-10,3872749.433962264
1985-09-17,3872229.5849056602
1985-09-24,3871709.7358490564
1985-10-01,3871189.886792453
1985-10-08,3870670.037735849
1985-10-15,3870150.1886792453
1985-10-22,3869630.3396226414
1985-10-29,3869110.4905660376
1985-11-05,3868590.6415094337
1985-11-12,3868070.7924528304
1985-11-19,3867550.9433962265
1985-11-26,3867031.0943396227
1985-12-03,3866511.245283019
1985-12-10,3865991.396226415
1985-12-17,3865471.547169811
1985-12-24,3864951.6981132077
1985-12-31,3864431.849056604
1986-01-06,3863912.0
1986-01-13,3864181.7884615385
1986-01-20,3864451.576923077
1986-01-27,3864721.3653846155
1986-02-03,3864991.153846154
1986-02-10,3865260.9423076925
1986-02-17,3865530.730769231
1986-02-24,3865800.519230769
1986-03-03,3866070.3076923075
1986-03-10,3866340.096153846
1986-03-17,3866609.8846153845
1986-03-24,3866879.673076923
1986-03-31,3867149.4615384615
1986-04-07,3867419.25
1986-04-14,3867689.0384615385
1986-04-21,3867958.826923077
1986-04-28,3868228.6153846155
1986-05-05,3868498.403846154
1986-05-12,3868768.1923076925
1986-05-19,3869037.980769231
1986-05-26,3869307.769230769
1986-06-02,3869577.5576923075
1986-06-09,3869847.346153846
1986-06-16,3870117.1346153845
1986-06-23,3870386.923076923
1986-06-30,3870656.7115384615
1986-07-07,3870926.5
1986-07-14,3871196.2884615385
1986-07-21,3871466.076923077
1986-07-28,3871735.8653846155
1986-08-04,3872005.653846154
1986-08-11,3872275.4423076925
1986-08-18,3872545.230769231
1986-08-25,3872815.019230769
1986-09-01,3873084.8076923075
1986-09-08,3873354.596153846
1986-09-15,3873624.3846153845
1986-09-22,3873894.173076923
1986-09-29,3874163.9615384615
1986-10-06,3874433.75
1986-10-13,3874703.5384615385
1986-10-20,3874973.326923077
1986-10-27,3875243.1153846155
1986-11-03,3875512.903846154
1986-11-10,3875782.6923076925
1986-11-17,3876052.480769231
1986-11-24,3876322.269230769
1986-12-01,3876592.0576923075
1986-12-08,3876861.846153846
1986-12-15,3877131.6346153845
1986-12-22,3877401.423076923
1986-12-29,3877671.2115384615
1987-01-05,3877941.0
1987-01-12,3877865.0576923075
1987-01-19,3877789.1153846155
1987-01-26,3877713.173076923
1987-02-02,3877637.230769231
1987-02-09,3877561.2884615385
1987-02-16,3877485.346153846
1987-02-23,3877409.403846154
1987-03-02,3877333.4615384615
1987-03-09,3877257.519230769
1987-03-16,3877181.576923077
1987-03-23,3877105.6346153845
1987-03-30,3877029.6923076925
1987-04-06,3876953.75
1987-04-13,3876877.8076923075
1987-04-20,3876801.8653846155
1987-04-27,3876725.923076923
1987-05-04,3876649.980769231
1987-05-11,3876574.0384615385
1987-05-18,3876498.096153846
1987-05-25,3876422.153846154
1987-06-01,3876346.2115384615
1987-06-08,3876270.269230769
1987-06-15,3876194.326923077
1987-06-22,3876118.3846153845
1987-06-29,3876042.4423076925
1987-07-06,3875966.5
1987-07-13,3875890.5576923075
1987-07-20,3875814.6153846155
1987-07-27,3875738.673076923
1987-08-03,3875662.730769231
1987-08-10,3875586.7884615385
1987-08-17,3875510.846153846
1987-08-24,3875434.903846154
1987-08-31,3875358.9615384615
1987-09-07,3875283.019230769
1987-09-14,3875207.076923077
1987-09-21,3875131.1346153845
1987-09-28,3875055.1923076925
1987-10-05,3874979.25
1987-10-12,3874903.3076923075
1987-10-19,3874827.3653846155
1987-10-26,3874751.423076923
1987-11-02,3874675.480769231
1987-11-09,3874599.5384615385
1987-11-16,3874523.596153846
1987-11-23,3874447.653846154
1987-11-30,3874371.7115384615
1987-12-07,3874295.769230769
1987-12-14,3874219.826923077
1987-12-21,3874143.8846153845
1987-12-28,3874067.9423076925
1988-01-04,3873992.0
1988-01-11,3873929.5384615385
1988-01-18,3873867.076923077
1988-01-25,3873804.6153846155
1988-02-01,3873742.153846154
1988-02-08,3873679.6923076925
1988-02-15,3873617.230769231
1988-02-22,3873554.769230769
1988-02-29,3873492.3076923075
1988-03-07,3873429.846153846
1988-03-14,3873367.3846153845
1988-03-21,3873304.923076923
1988-03-28,3873242.4615384615
1988-04-04,3873180.0
1988-04-11,3873117.5384615385
1988-04-18,3873055.076923077
1988-04-25,3872992.6153846155
1988-05-02,3872930.153846154
1988-05-09,3872867.6923076925
1988-05-16,3872805.230769231
1988-05-23,3872742.769230769
1988-05-30,3872680.3076923075
1988-06-06,3872617.846153846
1988-06-13,3872555.3846153845
1988-06-20,3872492.923076923
1988-06-27,3872430.4615384615
1988-07-04,3872368.0
1988-07-11,3872305.5384615385
1988-07-18,3872243.076923077
1988-07-25,3872180.6153846155
1988-08-01,3872118.153846154
1988-08-08,3872055.6923076925
1988-08-15,3871993.230769231
1988-08-22,3871930.769230769
1988-08-29,3871868.3076923075
1988-09-05,3871805.846153846
1988-09-12,3871743.3846153845
1988-09-19,3871680.923076923
1988-09-26,3871618.4615384615
1988-10-03,3871556.0
1988-10-10,3871493.5384615385
1988-10-17,3871431.076923077
1988-10-24,3871368.6153846155
1988-10-31,3871306.153846154
1988-11-07,3871243.6923076925
1988-11-14,3871181.230769231
1988-11-21,3871118.769230769
1988-11-28,3871056.3076923075
1988-12-05,3870993.846153846
1988-12-12,3870931.3846153845
1988-12-19,3870868.923076923
1988-12-26,3870806.4615384615
1989-01-03,3870744.0
1989-01-10,3870861.7115384615
1989-01-17,3870979.423076923
1989-01-24,3871097.1346153845
1989-01-31,3871214.846153846
1989-02-07,3871332.5576923075
1989-02-14,3871450.269230769
1989-02-21,3871567.980769231
1989-02-28,3871685.6923076925
1989-03-07,3871803.403846154
1989-03-14,3871921.1153846155
1989-03-21,3872038.826923077
1989-03-28,3872156.5384615385
1989-04-04,3872274.25
1989-04-11,3872391.9615384615
1989-04-18,3872509.673076923
1989-04-25,3872627.3846153845
1989-05-02,3872745.096153846
1989-05-09,3872862.8076923075
1989-05-16,3872980.519230769
1989-05-23,3873098.230769231
1989-05-30,3873215.9423076925
1989-06-06,3873333.653846154
1989-06-13,3873451.3653846155
1989-06-20,3873569.076923077
1989-06-27,3873686.7884615385
1989-07-04,3873804.5
1989-07-11,3873922.2115384615
1989-07-18,3874039.923076923
1989-07-25,3874157.6346153845
1989-08-01,3874275.346153846
1989-08-08,3874393.0576923075
1989-08-15,3874510.769230769
1989-08-22,3874628.480769231
1989-08-29,3874746.1923076925
1989-09-05,3874863.903846154
1989-09-12,3874981.6153846155
1989-09-19,3875099.326923077
1989-09-26,3875217.0384615385
1989-10-03,3875334.75
1989-10-10,3875452.4615384615
1989-10-17,3875570.173076923
1989-10-24,3875687.8846153845
1989-10-31,3875805.596153846
1989-11-07,3875923.3076923075
1989-11-14,3876041.019230769
1989-11-21,3876158.730769231
1989-11-28,3876276.4423076925
1989-12-05,3876394.153846154
1989-12-12,3876511.8653846155
1989-12-19,3876629.576923077
1989-12-26,3876747.2884615385
1990-01-01,3876865.0
1990-01-08,3876677.4716981133
1990-01-15,3876489.9433962265
1990-01-22,3876302.4150943398
1990-01-29,3876114.886792453
1990-02-05,3875927.3584905663
1990-02-12,3875739.830188679
1990-02-19,3875552.3018867923
1990-02-26,3875364.7735849055
1990-03-05,3875177.245283019
1990-03-12,3874989.716981132
1990-03-19,3874802.1886792453
1990-03-26,3874614.6603773586
1990-04-02,3874427.132075472
1990-04-09,3874239.603773585
1990-04-16,3874052.0754716983
1990-04-23,3873864.547169811
1990-04-30,3873677.0188679243
1990-05-07,3873489.4905660376
1990-05-14,3873301.962264151
1990-05-21,3873114.433962264
1990-05-28,3872926.9056603773
1990-06-04,3872739.3773584906
1990-06-11,3872551.849056604
1990-06-18,3872364.320754717
1990-06-25,3872176.7924528304
1990-07-02,3871989.2641509436
1990-07-09,3871801.7358490564
1990-07-16,3871614.2075471696
1990-07-23,3871426.679245283
1990-07-30,3871239.150943396
1990-08-06,3871051.6226415094
1990-08-13,3870864.0943396227
1990-08-20,3870676.566037736
1990-08-27,3870489.037735849
1990-09-03,3870301.5094339624
1990-09-10,3870113.9811320757
1990-09-17,3869926.452830189
1990-09-24,3869738.9245283017
1990-10-01,3869551.396226415
1990-10-08,3869363.867924528
1990-10-15,3869176.3396226414
1990-10-22,3868988.8113207547
1990-10-29,3868801.283018868
1990-11-05,3868613.754716981
1990-11-12,3868426.2264150945
1990-11-19,3868238.6981132077
1990-11-26,3868051.169811321
1990-12-03,3867863.6415094337
1990-12-10,3867676.113207547
1990-12-17,3867488.5849056602
1990-12-24,3867301.0566037735
1990-12-31,3867113.5283018867
1991-01-07,3866926.0
1991-01-14,3867252.8076923075
1991-01-21,3867579.6153846155
1991-01-28,3867906.423076923
1991-02-04,3868233.230769231
1991-02-11,3868560.0384615385
1991-02-18,3868886.846153846
1991-02-25,3869213.653846154
1991-03-04,3869540.4615384615
1991-03-11,3869867.269230769
1991-03-18,3870194.076923077
1991-03-25,3870520.8846153845
1991-04-01,3870847.6923076925
1991-04-08,3871174.5
1991-04-15,3871501.3076923075
1991-04-22,3871828.1153846155
1991-04-29,3872154.923076923
1991-05-06,3872481.730769231
1991-05-13,3872808.5384615385
1991-05-20,3873135.346153846
1991-05-27,3873462.153846154
1991-06-03,3873788.9615384615
1991-06-10,3874115.769230769
1991-06-17,3874442.576923077
1991-06-24,3874769.3846153845
1991-07-01,3875096.1923076925
1991-07-08,3875423.0
1991-07-15,3875749.8076923075
1991-07-22,3876076.6153846155
1991-07-29,3876403.423076923
1991-08-05,3876730.230769231
1991-08-12,3877057.0384615385
1991-08-19,3877383.846153846
1991-08-26,3877710.653846154
1991-09-02,3878037.4615384615
1991-09-09,3878364.269230769
1991-09-16,3878691.076923077
1991-09-23,3879017.8846153845
1991-09-30,3879344.6923076925
1991-10-07,3879671.5
1991-10-14,3879998.3076923075
1991-10-21,3880325.1153846155
1991-10-28,3880651.923076923
1991-11-04,3880978.730769231
1991-11-11,3881305.5384615385
1991-11-18,3881632.346153846
1991-11-25,3881959.153846154
1991-12-02,3882285.9615384615
1991-12-09,3882612.769230769
1991-12-16,3882939.576923077
1991-12-23,3883266.3846153845
1991-12-30,3883593.1923076925
1992-01-06,3883920.0
1992-01-13,3884250.019230769
1992-01-20,3884580.0384615385
1992-01-27,3884910.0576923075
1992-02-03,3885240.076923077
1992-02-10,3885570.096153846
1992-02-17,3885900.1153846155
1992-02-24,3886230.1346153845
1992-03-02,3886560.153846154
1992-03-09,3886890.173076923
1992-03-16,3887220.1923076925
1992-03-23,3887550.2115384615
1992-03-30,3887880.230769231
1992-04-06,3888210.25
1992-04-13,3888540.269230769
1992-04-20,3888870.2884615385
1992-04-27,3889200.3076923075
1992-05-04,3889530.326923077
1992-05-11,3889860.346153846
1992-05-18,3890190.3653846155
1992-05-25,3890520.3846153845
1992-06-01,3890850.403846154
1992-06-08,3891180.423076923
1992-06-15,3891510.4423076925
1992-06-22,3891840.4615384615
1992-06-29,3892170.480769231
1992-07-06,3892500.5
1992-07-13,3892830.519230769
1992-07-20,3893160.5384615385
1992-07-27,3893490.5576923075
1992-08-03,3893820.576923077
1992-08-10,3894150.596153846
1992-08-17,3894480.6153846155
1992-08-24,3894810.6346153845
1992-08-31,3895140.653846154
1992-09-07,3895470.673076923
1992-09-14,3895800.6923076925
1992-09-21,3896130.7115384615
1992-09-28,3896460.730769231
1992-10-05,3896790.75
1992-10-12,3897120.769230769
1992-10-19,3897450.7884615385
1992-10-26,3897780.8076923075
1992-11-02,3898110.826923077
1992-11-09,3898440.846153846
1992-11-16,3898770.8653846155
1992-11-23,3899100.8846153845
1992-11-30,3899430.903846154
1992-12-07,3899760.923076923
1992-12-14,3900090.9423076925
1992-12-21,3900420.9615384615
1992-12-28,3900750.980769231
1993-01-05,3901081.0
1993-01-12,3901160.423076923
1993-01-19,3901239.846153846
1993-01-26,3901319.269230769
1993-02-02,3901398.6923076925
1993-02-09,3901478.1153846155
1993-02-16,3901557.5384615385
1993-02-23,3901636.9615384615
1993-03-02,3901716.3846153845
1993-03-09,3901795.8076923075
1993-03-16,3901875.230769231
1993-03-23,3901954.653846154
1993-03-30,3902034.076923077
1993-04-06,3902113.5
1993-04-13,3902192.923076923
1993-04-20,3902272.346153846
1993-04-27,3902351.769230769
1993-05-04,3902431.1923076925
1993-05-11,3902510.6153846155
1993-05-18,3902590.0384615385
1993-05-25,3902669.4615384615
1993-06-01,3902748.8846153845
1993-06-08,3902828.3076923075
1993-06-15,3902907.730769231
1993-06-22,3902987.153846154
1993-06-29,3903066.576923077
1993-07-06,3903146.0
1993-07-13,3903225.423076923
1993-07-20,3903304.846153846
1993-07-27,3903384.269230769
1993-08-03,3903463.6923076925
1993-08-10,3903543.1153846155
1993-08-17,3903622.5384615385
1993-08-24,3903701.9615384615
1993-08-31,3903781.3846153845
1993-09-07,3903860.8076923075
1993-09-14,3903940.230769231
1993-09-21,3904019.653846154
1993-09-28,3904099.076923077
1993-10-05,3904178.5
1993-10-12,3904257.923076923
1993-10-19,3904337.346153846
1993-10-26,3904416.769230769
1993-11-02,3904496.1923076925
1993-11-09,3904575.6153846155
1993-11-16,3904655.0384615385
1993-11-23,3904734.4615384615
1993-11-30,3904813.8846153845
1993-12-07,3904893.3076923075
1993-12-14,3904972.730769231
1993-12-21,3905052.153846154
1993-12-28,3905131.576923077
1994-01-03,3905211.0
1994-01-10,3905237.6153846155
1994-01-17,3905264.230769231
1994-01-24,3905290.846153846
1994-01-31,3905317.4615384615
1994-02-07,3905344.076923077
1994-02-14,3905370.6923076925
1994-02-21,3905397.3076923075
1994-02-28,3905423.923076923
1994-03-07,3905450.5384615385
1994-03-14,3905477.153846154
1994-03-21,3905503.769230769
1994-03-28,3905530.3846153845
1994-04-04,3905557.0
1994-04-11,3905583.6153846155
1994-04-18,3905610.230769231
1994-04-25,3905636.846153846
1994-05-02,3905663.4615384615
1994-05-09,3905690.076923077
1994-05-16,3905716.6923076925
1994-05-23,3905743.3076923075
1994-05-30,3905769.923076923
1994-06-06,3905796.5384615385
1994-06-13,3905823.153846154
1994-06-20,3905849.769230769
1994-06-27,3905876.3846153845
1994-07-04,3905903.0
1994-07-11,3905929.6153846155
1994-07-18,3905956.230769231
1994-07-25,3905982.846153846
1994-08-01,3906009.4615384615
1994-08-08,3906036.076923077
1994-08-15,3906062.6923076925
1994-08-22,3906089.3076923075
1994-08-29,3906115.923076923
1994-09-05,3906142.5384615385
1994-09-12,3906169.153846154
1994-09-19,3906195.769230769
1994-09-26,3906222.3846153845
1994-10-03,3906249.0
1994-10-10,3906275.6153846155
1994-10-17,3906302.230769231
1994-10-24,3906328.846153846
1994-10-31,3906355.4615384615
1994-11-07,3906382.076923077
1994-11-14,3906408.6923076925
1994-11-21,3906435.3076923075
1994-11-28,3906461.923076923
1994-12-05,3906488.5384615385
1994-12-12,3906515.153846154
1994-12-19,3906541.769230769
1994-12-26,3906568.3846153845
1995-01-02,3906595.0
1995-01-09,3906705.5576923075
1995-01-16,3906816.1153846155
1995-01-23,3906926.673076923
1995-01-30,3907037.230769231
1995-02-06,3907147.7884615385
1995-02-13,3907258.346153846
1995-02-20,3907368.903846154
1995-02-27,3907479.4615384615
1995-03-06,3907590.019230769
1995-03-13,3907700.576923077
1995-03-20,3907811.1346153845
1995-03-27,3907921.6923076925
1995-04-03,3908032.25
1995-04-10,3908142.8076923075
1995-04-17,3908253.3653846155
1995-04-24,3908363.923076923
1995-05-01,3908474.480769231
1995-05-08,3908585.0384615385
1995-05-15,3908695.596153846
1995-05-22,3908806.153846154
1995-05-29,3908916.7115384615
1995-06-05,3909027.269230769
1995-06-12,3909137.826923077
1995-06-19,3909248.3846153845
1995-06-26,3909358.9423076925
1995-07-03,3909469.5
1995-07-10,3909580.0576923075
1995-07-17,3909690.6153846155
1995-07-24,3909801.173076923
1995-07-31,3909911.730769231
1995-08-07,3910022.2884615385
1995-08-14,3910132.846153846
1995-08-21,3910243.403846154
1995-08-28,3910353.9615384615
1995-09-04,3910464.519230769
1995-09-11,3910575.076923077
1995-09-18,3910685.6346153845
1995-09-25,3910796.1923076925
1995-10-02,3910906.75
1995-10-09,3911017.3076923075
1995-10-16,3911127.8653846155
1995-10-23,3911238.423076923
1995-10-30,3911348.980769231
1995-11-06,3911459.5384615385
1995-11-13,3911570.096153846
1995-11-20,3911680.653846154
1995-11-27,3911791.2115384615
1995-12-04,3911901.769230769
1995-12-11,3912012.326923077
1995-12-18,3912122.8846153845
1995-12-25,3912233.4423076925
1996-01-01,3912344.0
1996-01-08,3912757.5849056602
1996-01-15,3913171.169811321
1996-01-22,3913584.754716981
1996-01-29,3913998.3396226414
1996-02-05,3914411.9245283017
1996-02-12,3914825.5094339624
1996-02-19,3915239.0943396227
1996-02-26,3915652.679245283
1996-03-04,3916066.2641509436
1996-03-11,3916479.849056604
1996-03-18,3916893.433962264
1996-03-25,3917307.0188679243
1996-04-01,3917720.603773585
1996-04-08,3918134.1886792453
1996-04-15,3918547.7735849055
1996-04-22,3918961.3584905663
1996-04-29,3919374.9433962265
1996-05-06,3919788.5283018867
1996-05-13,3920202.113207547
1996-05-20,3920615.6981132077
1996-05-27,3921029.283018868
1996-06-03,3921442.867924528
1996-06-10,3921856.452830189
1996-06-17,3922270.037735849
1996-06-24,3922683.6226415094
1996-07-01,3923097.2075471696
1996-07-08,3923510.7924528304
1996-07-15,3923924.3773584906
1996-07-22,3924337.962264151
1996-07-29,3924751.547169811
1996-08-05,3925165.132075472
1996-08-12,3925578.716981132
1996-08-19,3925992.3018867923
1996-08-26,3926405.886792453
1996-09-02,3926819.4716981133
1996-09-09,3927233.0566037735
1996-09-16,3927646.6415094337
1996-09-23,3928060.2264150945
1996-09-30,3928473.8113207547
1996-10-07,3928887.396226415
1996-10-14,3929300.9811320757
1996-10-21,3929714.566037736
1996-10-28,3930128.150943396
1996-11-04,3930541.7358490564
1996-11-11,3930955.320754717
1996-11-18,3931368.9056603773
1996-11-25,3931782.4905660376
1996-12-02,3932196.0754716983
1996-12-09,3932609.6603773586
1996-12-16,3933023.245283019
1996-12-23,3933436.830188679
1996-12-30,3933850.4150943398
1997-01-07,3934264.0
1997-01-14,3934768.5384615385
1997-01-21,3935273.076923077
1997-01-28,3935777.6153846155
1997-02-04,3936282.153846154
1997-02-11,3936786.6923076925
1997-02-18,3937291.230769231
1997-02-25,3937795.769230769
1997-03-04,3938300.3076923075
1997-03-11,3938804.846153846
1997-03-18,3939309.3846153845
1997-03-25,3939813.923076923
1997-04-01,3940318.4615384615
1997-04-08,3940823.0
1997-04-15,3941327.5384615385
1997-04-22,3941832.076923077
1997-04-29,3942336.6153846155
1997-05-06,3942841.153846154
1997-05-13,3943345.6923076925
1997-05-20,3943850.230769231
1997-05-27,3944354.769230769
1997-06-03,3944859.3076923075
1997-06-10,3945363.846153846
1997-06-17,3945868.3846153845
1997-06-24,3946372.923076923
1997-07-01,3946877.4615384615
1997-07-08,3947382.0
1997-07-15,3947886.5384615385
1997-07-22,3948391.076923077
1997-07-29,3948895.6153846155
1997-08-05,3949400.153846154
1997-08-12,3949904.6923076925
1997-08-19,3950409.230769231
1997-08-26,3950913.769230769
1997-09-02,3951418.3076923075
1997-09-09,3951922.846153846
1997-09-16,3952427.3846153845
1997-09-23,3952931.923076923
1997-09-30,3953436.4615384615
1997-10-07,3953941.0
1997-10-14,3954445.5384615385
1997-10-21,3954950.076923077
1997-10-28,3955454.6153846155
1997-11-04,3955959.153846154
1997-11-11,3956463.6923076925
1997-11-18,3956968.230769231
1997-11-25,3957472.769230769
1997-12-02,3957977.3076923075
1997-12-09,3958481.846153846
1997-12-16,3958986.3846153845
1997-12-23,3959490.923076923
1997-12-30,3959995.4615384615
1998-01-05,3960500.0
1998-01-12,3959739.769230769
1998-01-19,3958979.5384615385
1998-01-26,3958219.3076923075
1998-02-02,3957459.076923077
1998-02-09,3956698.846153846
1998-02-16,3955938.6153846155
1998-02-23,3955178.3846153845
1998-03-02,3954418.153846154
1998-03-09,3953657.923076923
1998-03-16,3952897.6923076925
1998-03-23,3952137.4615384615
1998-03-30,3951377.230769231
1998-04-06,3950617.0
1998-04-13,3949856.769230769
1998-04-20,3949096.5384615385
1998-04-27,3948336.3076923075
1998-05-04,3947576.076923077
1998-05-11,3946815.846153846
1998-05-18,3946055.6153846155
1998-05-25,3945295.3846153845
1998-06-01,3944535.153846154
1998-06-08,3943774.923076923
1998-06-15,3943014.6923076925
1998-06-22,3942254.4615384615
1998-06-29,3941494.230769231
1998-07-06,3940734.0
1998-07-13,3939973.769230769
1998-07-20,3939213.5384615385
1998-07-27,3938453.3076923075
1998-08-03,3937693.076923077
1998-08-10,3936932.846153846
1998-08-17,3936172.6153846155
1998-08-24,3935412.3846153845
1998-08-31,3934652.153846154
1998-09-07,3933891.923076923
1998-09-14,3933131.6923076925
1998-09-21,3932371.4615384615
1998-09-28,3931611.230769231
1998-10-05,3930851.0
1998-10-12,3930090.769230769
1998-10-19,3929330.5384615385
1998-10-26,3928570.3076923075
1998-11-02,3927810.076923077
1998-11-09,3927049.846153846
1998-11-16,3926289.6153846155
1998-11-23,3925529.3846153845
1998-11-30,3924769.153846154
1998-12-07,3924008.923076923
1998-12-14,3923248.6923076925
1998-12-21,3922488.4615384615
1998-12-28,3921728.230769231
1999-01-04,3920968.0
1999-01-11,3921180.480769231
1999-01-18,3921392.9615384615
1999-01-25,3921605.4423076925
1999-02-01,3921817.923076923
1999-02-08,3922030.403846154
1999-02-15,3922242.8846153845
1999-02-22,3922455.3653846155
1999-03-01,3922667.846153846
1999-03-08,3922880.326923077
1999-03-15,3923092.8076923075
1999-03-22,3923305.2884615385
1999-03-29,3923517.769230769
1999-04-05,3923730.25
1999-04-12,3923942.730769231
1999-04-19,3924155.2115384615
1999-04-26,3924367.6923076925
1999-05-03,3924580.173076923
1999-05-10,3924792.653846154
1999-05-17,3925005.1346153845
1999-05-24,3925217.6153846155
1999-05-31,3925430.096153846
1999-06-07,3925642.576923077
1999-06-14,3925855.0576923075
1999-06-21,3926067.5384615385
1999-06-28,3926280.019230769
1999-07-05,3926492.5
1999-07-12,3926704.980769231
1999-07-19,3926917.4615384615
1999-07-26,3927129.9423076925
1999-08-02,3927342.423076923
1999-08-09,3927554.903846154
1999-08-16,3927767.3846153845
1999-08-23,3927979.8653846155
1999-08-30,3928192.346153846
1999-09-06,3928404.826923077
1999-09-13,3928617.3076923075
1999-09-20,3928829.7884615385
1999-09-27,3929042.269230769
1999-10-04,3929254.75
1999-10-11,3929467.230769231
1999-10-18,3929679.7115384615
1999-10-25,3929892.1923076925
1999-11-01,3930104.673076923
1999-11-08,3930317.153846154
1999-11-15,3930529.6346153845
1999-11-22,3930742.1153846155
1999-11-29,3930954.596153846
1999-12-06,3931167.076923077
1999-12-13,3931379.5576923075
1999-12-20,3931592.0384615385
1999-12-27,3931804.519230769
2000-01-03,3932017.0
2000-01-10,3932384.0
2000-01-17,3932751.0
2000-01-24,3933118.0
2000-01-31,3933485.0
2000-02-07,3933852.0
2000-02-14,3934219.0
2000-02-21,3934586.0
2000-02-28,3934953.0
2000-03-06,3935320.0
2000-03-13,3935687.0
2000-03-20,3936054.0
2000-03-27,3936421.0
2000-04-03,3936788.0
2000-04-10,3937155.0
2000-04-17,3937522.0
2000-04-24,3937889.0
2000-05-01,3938256.0
2000-05-08,3938623.0
2000-05-15,3938990.0
2000-05-22,3939357.0
2000-05-29,3939724.0
2000-06-05,3940091.0
2000-06-12,3940458.0
2000-06-19,3940825.0
2000-06-26,3941192.0
2000-07-03,3941559.0
2000-07-10,3941926.0
2000-07-17,3942293.0
2000-07-24,3942660.0
2000-07-31,3943027.0
2000-08-07,3943394.0
2000-08-14,3943761.0
2000-08-21,3944128.0
2000-08-28,3944495.0
2000-09-04,3944862.0
2000-09-11,3945229.0
2000-09-18,3945596.0
2000-09-25,3945963.0
2000-10-02,3946330.0
2000-10-09,3946697.0
2000-10-16,3947064.0
2000-10-23,3947431.0
2000-10-30,3947798.0
2000-11-06,3948165.0
2000-11-13,3948532.0
2000-11-20,3948899.0
2000-11-27,3949266.0
2000-12-04,3949633.0
2000-12-11,3950000.0
2000-12-18,3950367.0
2000-12-25,3950734.0
2001-01-02,3951101.0
2001-01-09,3951330.5094339624
2001-01-16,3951560.0188679243
2001-01-23,3951789.5283018867
2001-01-30,3952019.037735849
2001-02-06,3952248.547169811
2001-02-13,3952478.0566037735
2001-02-20,3952707.566037736
2001-02-27,3952937.0754716983
2001-03-06,3953166.5849056602
2001-03-13,3953396.0943396227
2001-03-20,3953625.603773585
2001-03-27,3953855.113207547
2001-04-03,3954084.6226415094
2001-04-10,3954314.132075472
2001-04-17,3954543.6415094337
2001-04-24,3954773.150943396
2001-05-01,3955002.6603773586
2001-05-08,3955232.169811321
2001-05-15,3955461.679245283
2001-05-22,3955691.1886792453
2001-05-29,3955920.6981132077
2001-06-05,3956150.2075471696
2001-06-12,3956379.716981132
2001-06-19,3956609.2264150945
2001-06-26,3956838.7358490564
2001-07-03,3957068.245283019
2001-07-10,3957297.754716981
2001-07-17,3957527.2641509436
2001-07-24,3957756.7735849055
2001-07-31,3957986.283018868
2001-08-07,3958215.7924528304
2001-08-14,3958445.3018867923
2001-08-21,3958674.8113207547
2001-08-28,3958904.320754717
2001-09-04,3959133.830188679
2001-09-11,3959363.3396226414
2001-09-18,3959592.849056604
2001-09-25,3959822.3584905663
2001-10-02,3960051.867924528
2001-10-09,3960281.3773584906
2001-10-16,3960510.886792453
2001-10-23,3960740.396226415
2001-10-30,3960969.9056603773
2001-11-06,3961199.4150943398
2001-11-13,3961428.9245283017
2001-11-20,3961658.433962264
2001-11-27,3961887.9433962265
2001-12-04,3962117.452830189
2001-12-11,3962346.962264151
2001-12-18,3962576.4716981133
2001-12-25,3962805.9811320757
2002-01-01,3963035.4905660376
2002-01-07,3963265.0
2002-01-14,3963618.9615384615
2002-01-21,3963972.923076923
2002-01-28,3964326.8846153845
2002-02-04,3964680.846153846
2002-02-11,3965034.8076923075
2002-02-18,3965388.769230769
2002-02-25,3965742.730769231
2002-03-04,3966096.6923076925
2002-03-11,3966450.653846154
2002-03-18,3966804.6153846155
2002-03-25,3967158.576923077
2002-04-01,3967512.5384615385
2002-04-08,3967866.5
2002-04-15,3968220.4615384615
2002-04-22,3968574.423076923
2002-04-29,3968928.3846153845
2002-05-06,3969282.346153846
2002-05-13,3969636.3076923075
2002-05-20,3969990.269230769
2002-05-27,3970344.230769231
2002-06-03,3970698.1923076925
2002-06-10,3971052.153846154
2002-06-17,3971406.1153846155
2002-06-24,3971760.076923077
2002-07-01,3972114.0384615385
2002-07-08,3972468.0
2002-07-15,3972821.9615384615
2002-07-22,3973175.923076923
2002-07-29,3973529.8846153845
2002-08-05,3973883.846153846
2002-08-12,3974237.8076923075
2002-08-19,3974591.769230769
2002-08-26,3974945.730769231
2002-09-02,3975299.6923076925
2002-09-09,3975653.653846154
2002-09-16,3976007.6153846155
2002-09-23,3976361.576923077
2002-09-30,3976715.5384615385
2002-10-07,3977069.5
2002-10-14,3977423.4615384615
2002-10-21,3977777.423076923
2002-10-28,3978131.3846153845
2002-11-04,3978485.346153846
2002-11-11,3978839.3076923075
2002-11-18,3979193.269230769
2002-11-25,3979547.230769231
2002-12-02,3979901.1923076925
2002-12-09,3980255.153846154
2002-12-16,3980609.1153846155
2002-12-23,3980963.076923077
2002-12-30,3981317.0384615385
2003-01-06,3981671.0
2003-01-13,3981848.4615384615
2003-01-20,3982025.923076923
2003-01-27,3982203.3846153845
2003-02-03,3982380.846153846
2003-02-10,3982558.3076923075
2003-02-17,3982735.769230769
2003-02-24,3982913.230769231
2003-03-03,3983090.6923076925
2003-03-10,3983268.153846154
2003-03-17,3983445.6153846155
2003-03-24,3983623.076923077
2003-03-31,3983800.5384615385
2003-04-07,3983978.0
2003-04-14,3984155.4615384615
2003-04-21,3984332.923076923
2003-04-28,3984510.3846153845
2003-05-05,3984687.846153846
2003-05-12,3984865.3076923075
2003-05-19,3985042.769230769
2003-05-26,3985220.230769231
2003-06-02,3985397.6923076925
2003-06-09,3985575.153846154
2003-06-16,3985752.6153846155
2003-06-23,3985930.076923077
2003-06-30,3986107.5384615385
2003-07-07,3986285.0
2003-07-14,3986462.4615384615
2003-07-21,3986639.923076923
2003-07-28,3986817.3846153845
2003-08-04,3986994.846153846
2003-08-11,3987172.3076923075
2003-08-18,3987349.769230769
2003-08-25,3987527.230769231
2003-09-01,3987704.6923076925
2003-09-08,3987882.153846154
2003-09-15,3988059.6153846155
2003-09-22,3988237.076923077
2003-09-29,3988414.5384615385
2003-10-06,3988592.0
2003-10-13,3988769.4615384615
2003-10-20,3988946.923076923
2003-10-27,3989124.3846153845
2003-11-03,3989301.846153846
2003-11-10,3989479.3076923075
2003-11-17,3989656.769230769
2003-11-24,3989834.230769231
2003-12-01,3990011.6923076925
2003-12-08,3990189.153846154
2003-12-15,3990366.6153846155
2003-12-22,3990544.076923077
2003-12-29,3990721.5384615385
2004-01-05,3990899.0
2004-01-12,3991025.096153846
2004-01-19,3991151.1923076925
2004-01-26,3991277.2884615385
2004-02-02,3991403.3846153845
2004-02-09,3991529.480769231
2004-02-16,3991655.576923077
2004-02-23,3991781.673076923
2004-03-01,3991907.769230769
2004-03-08,3992033.8653846155
2004-03-15,3992159.9615384615
2004-03-22,3992286.0576923075
2004-03-29,3992412.153846154
2004-04-05,3992538.25
2004-04-12,3992664.346153846
2004-04-19,3992790.4423076925
2004-04-26,3992916.5384615385
2004-05-03,3993042.6346153845
2004-05-10,3993168.730769231
2004-05-17,3993294.826923077
2004-05-24,3993420.923076923
2004-05-31,3993547.019230769
2004-06-07,3993673.1153846155
2004-06-14,3993799.2115384615
2004-06-21,3993925.3076923075
2004-06-28,3994051.403846154
2004-07-05,3994177.5
2004-07-12,3994303.596153846
2004-07-19,3994429.6923076925
2004-07-26,3994555.7884615385
2004-08-02,3994681.8846153845
2004-08-09,3994807.980769231
2004-08-16,3994934.076923077
2004-08-23,3995060.173076923
2004-08-30,3995186.269230769
2004-09-06,3995312.3653846155
2004-09-13,3995438.4615384615
2004-09-20,3995564.5576923075
2004-09-27,3995690.653846154
2004-10-04,3995816.75
2004-10-11,3995942.846153846
2004-10-18,3996068.9423076925
2004-10-25,3996195.0384615385
2004-11-01,3996321.1346153845
2004-11-08,3996447.230769231
2004-11-15,3996573.326923077
2004-11-22,3996699.423076923
2004-11-29,3996825.519230769
2004-12-06,3996951.6153846155
2004-12-13,3997077.7115384615
2004-12-20,3997203.8076923075
2004-12-27,3997329.903846154
2005-01-04,3997456.0
2005-01-11,3997728.5384615385
2005-01-18,3998001.076923077
2005-01-25,3998273.6153846155
2005-02-01,3998546.153846154
2005-02-08,3998818.6923076925
2005-02-15,3999091.230769231
2005-02-22,3999363.769230769
2005-03-01,3999636.3076923075
2005-03-08,3999908.846153846
2005-03-15,4000181.3846153845
2005-03-22,4000453.923076923
2005-03-29,4000726.4615384615
2005-04-05,4000999.0
2005-04-12,4001271.5384615385
2005-04-19,4001544.076923077
2005-04-26,4001816.6153846155
2005-05-03,4002089.153846154
2005-05-10,4002361.6923076925
2005-05-17,4002634.230769231
2005-05-24,4002906.769230769
2005-05-31,4003179.3076923075
2005-06-07,4003451.846153846
2005-06-14,4003724.3846153845
2005-06-21,4003996.923076923
2005-06-28,4004269.4615384615
2005-07-05,4004542.0
2005-07-12,4004814.5384615385
2005-07-19,4005087.076923077
2005-07-26,4005359.6153846155
2005-08-02,4005632.153846154
2005-08-09,4005904.6923076925
2005-08-16,4006177.230769231
2005-08-23,4006449.769230769
2005-08-30,4006722.3076923075
2005-09-06,4006994.846153846
2005-09-13,4007267.3846153845
2005-09-20,4007539.923076923
2005-09-27,4007812.4615384615
2005-10-04,4008085.0
2005-10-11,4008357.5384615385
2005-10-18,4008630.076923077
2005-10-25,4008902.6153846155
2005-11-01,4009175.153846154
2005-11-08,4009447.6923076925
2005-11-15,4009720.230769231
2005-11-22,4009992.769230769
2005-11-29,4010265.3076923075
2005-12-06,4010537.846153846
2005-12-13,4010810.3846153845
2005-12-20,4011082.923076923
2005-12-27,4011355.4615384615
2006-01-02,4011628.0
2006-01-09,4012039.2115384615
2006-01-16,4012450.423076923
2006-01-23,4012861.6346153845
2006-01-30,4013272.846153846
2006-02-06,4013684.0576923075
2006-02-13,4014095.269230769
2006-02-20,4014506.480769231
2006-02-27,4014917.6923076925
2006-03-06,4015328.903846154
2006-03-13,4015740.1153846155
2006-03-20,4016151.326923077
2006-03-27,4016562.5384615385
2006-04-03,4016973.75
2006-04-10,4017384.9615384615
2006-04-17,4017796.173076923
2006-04-24,4018207.3846153845
2006-05-01,4018618.596153846
2006-05-08,4019029.8076923075
2006-05-15,4019441.019230769
2006-05-22,4019852.230769231
2006-05-29,4020263.4423076925
2006-06-05,4020674.653846154
2006-06-12,4021085.8653846155
2006-06-19,4021497.076923077
2006-06-26,4021908.2884615385
2006-07-03,4022319.5
2006-07-10,4022730.7115384615
2006-07-17,4023141.923076923
2006-07-24,4023553.1346153845
2006-07-31,4023964.346153846
2006-08-07,4024375.5576923075
2006-08-14,4024786.769230769
2006-08-21,4025197.980769231
2006-08-28,4025609.1923076925
2006-09-04,4026020.403846154
2006-09-11,4026431.6153846155
2006-09-18,4026842.826923077
2006-09-25,4027254.0384615385
2006-10-02,4027665.25
2006-10-09,4028076.4615384615
2006-10-16,4028487.673076923
2006-10-23,4028898.8846153845
2006-10-30,4029310.096153846
2006-11-06,4029721.3076923075
2006-11-13,4030132.519230769
2006-11-20,4030543.730769231
2006-11-27,4030954.9423076925
2006-12-04,4031366.153846154
2006-12-11,4031777.3653846155
2006-12-18,4032188.576923077
2006-12-25,4032599.7884615385
2007-01-01,4033011.0
2007-01-08,4033303.5849056602
2007-01-15,4033596.169811321
2007-01-22,4033888.754716981
2007-01-29,4034181.3396226414
2007-02-05,4034473.9245283017
2007-02-12,4034766.5094339624
2007-02-19,4035059.0943396227
2007-02-26,4035351.679245283
2007-03-05,4035644.2641509436
2007-03-12,4035936.849056604
2007-03-19,4036229.433962264
2007-03-26,4036522.0188679243
2007-04-02,4036814.603773585
2007-04-09,4037107.1886792453
2007-04-16,4037399.7735849055
2007-04-23,4037692.3584905663
2007-04-30,4037984.9433962265
2007-05-07,4038277.5283018867
2007-05-14,4038570.113207547
2007-05-21,4038862.6981132077
2007-05-28,4039155.283018868
2007-06-04,4039447.867924528
2007-06-11,4039740.452830189
2007-06-18,4040033.037735849
2007-06-25,4040325.6226415094
2007-07-02,4040618.2075471696
2007-07-09,4040910.7924528304
2007-07-16,4041203.3773584906
2007-07-23,4041495.962264151
2007-07-30,4041788.547169811
2007-08-06,4042081.132075472
2007-08-13,4042373.716981132
2007-08-20,4042666.3018867923
2007-08-27,4042958.886792453
2007-09-03,4043251.4716981133
2007-09-10,4043544.0566037735
2007-09-17,4043836.6415094337
2007-09-24,4044129.2264150945
2007-10-01,4044421.8113207547
2007-10-08,4044714.396226415
2007-10-15,4045006.9811320757
2007-10-22,4045299.566037736
2007-10-29,4045592.150943396
2007-11-05,4045884.7358490564
2007-11-12,4046177.320754717
2007-11-19,4046469.9056603773
2007-11-26,4046762.4905660376
2007-12-03,4047055.0754716983
2007-12-10,4047347.6603773586
2007-12-17,4047640.245283019
2007-12-24,4047932.830188679
2007-12-31,4048225.4150943398
2008-01-07,4048518.0
2008-01-14,4048726.346153846
2008-01-21,4048934.6923076925
2008-01-28,4049143.0384615385
2008-02-04,4049351.3846153845
2008-02-11,4049559.730769231
2008-02-18,4049768.076923077
2008-02-25,4049976.423076923
2008-03-03,4050184.769230769
2008-03-10,4050393.1153846155
2008-03-17,4050601.4615384615
2008-03-24,4050809.8076923075
2008-03-31,4051018.153846154
2008-04-07,4051226.5
2008-04-14,4051434.846153846
2008-04-21,4051643.1923076925
2008-04-28,4051851.5384615385
2008-05-05,4052059.8846153845
2008-05-12,4052268.230769231
2008-05-19,4052476.576923077
2008-05-26,4052684.923076923
2008-06-02,4052893.269230769
2008-06-09,4053101.6153846155
2008-06-16,4053309.9615384615
2008-06-23,4053518.3076923075
2008-06-30,4053726.653846154
2008-07-07,4053935.0
2008-07-14,4054143.346153846
2008-07-21,4054351.6923076925
2008-07-28,4054560.0384615385
2008-08-04,4054768.3846153845
2008-08-11,4054976.730769231
2008-08-18,4055185.076923077
2008-08-25,4055393.423076923
2008-09-01,4055601.769230769
2008-09-08,4055810.1153846155
2008-09-15,4056018.4615384615
2008-09-22,4056226.8076923075
2008-09-29,4056435.153846154
2008-10-06,4056643.5
2008-10-13,4056851.846153846
2008-10-20,4057060.1923076925
2008-10-27,4057268.5384615385
2008-11-03,4057476.8846153845
2008-11-10,4057685.230769231
2008-11-17,4057893.576923077
2008-11-24,4058101.923076923
2008-12-01,4058310.269230769
2008-12-08,4058518.6153846155
2008-12-15,4058726.9615384615
2008-12-22,4058935.3076923075
2008-12-29,4059143.653846154
2009-01-06,4059352.0
2009-01-13,4059506.6923076925
2009-01-20,4059661.3846153845
2009-01-27,4059816.076923077
2009-02-03,4059970.769230769
2009-02-10,4060125.4615384615
2009-02-17,4060280.153846154
2009-02-24,4060434.846153846
2009-03-03,4060589.5384615385
2009-03-10,4060744.230769231
2009-03-17,4060898.923076923
2009-03-24,4061053.6153846155
2009-03-31,4061208.3076923075
2009-04-07,4061363.0
2009-04-14,4061517.6923076925
2009-04-21,4061672.3846153845
2009-04-28,4061827.076923077
2009-05-05,4061981.769230769
2009-05-12,4062136.4615384615
2009-05-19,4062291.153846154
2009-05-26,4062445.846153846
2009-06-02,4062600.5384615385
2009-06-09,4062755.230769231
2009-06-16,4062909.923076923
2009-06-23,4063064.6153846155
2009-06-30,4063219.3076923075
2009-07-07,4063374.0
2009-07-14,4063528.6923076925
2009-07-21,4063683.3846153845
2009-07-28,4063838.076923077
2009-08-04,4063992.769230769
2009-08-11,4064147.4615384615
2009-08-18,4064302.153846154
2009-08-25,4064456.846153846
2009-09-01,4064611.5384615385
2009-09-08,4064766.230769231
2009-09-15,4064920.923076923
2009-09-22,4065075.6153846155
2009-09-29,4065230.3076923075
2009-10-06,4065385.0
2009-10-13,4065539.6923076925
2009-10-20,4065694.3846153845
2009-10-27,4065849.076923077
2009-11-03,4066003.769230769
2009-11-10,4066158.4615384615
2009-11-17,4066313.153846154
2009-11-24,4066467.846153846
2009-12-01,4066622.5384615385
2009-12-08,4066777.230769231
2009-12-15,4066931.923076923
2009-12-22,4067086.6153846155
2009-12-29,4067241.3076923075
2010-01-04,4067396.0
2010-01-11,4067710.846153846
2010-01-18,4068025.6923076925
2010-01-25,4068340.5384615385
2010-02-01,4068655.3846153845
2010-02-08,4068970.230769231
2010-02-15,4069285.076923077
2010-02-22,4069599.923076923
2010-03-01,4069914.769230769
2010-03-08,4070229.6153846155
2010-03-15,4070544.4615384615
2010-03-22,4070859.3076923075
2010-03-29,4071174.153846154
2010-04-05,4071489.0
2010-04-12,4071803.846153846
2010-04-19,4072118.6923076925
2010-04-26,4072433.5384615385
2010-05-03,4072748.3846153845
2010-05-10,4073063.230769231
2010-05-17,4073378.076923077
2010-05-24,4073692.923076923
2010-05-31,4074007.769230769
2010-06-07,4074322.6153846155
2010-06-14,4074637.4615384615
2010-06-21,4074952.3076923075
2010-06-28,4075267.153846154
2010-07-05,4075582.0
2010-07-12,4075896.846153846
2010-07-19,4076211.6923076925
2010-07-26,4076526.5384615385
2010-08-02,4076841.3846153845
2010-08-09,4077156.230769231
2010-08-16,4077471.076923077
2010-08-23,4077785.923076923
2010-08-30,4078100.769230769
2010-09-06,4078415.6153846155
2010-09-13,4078730.4615384615
2010-09-20,4079045.3076923075
2010-09-27,4079360.153846154
2010-10-04,4079675.0
2010-10-11,4079989.846153846
2010-10-18,4080304.6923076925
2010-10-25,4080619.5384615385
2010-11-01,4080934.3846153845
2010-11-08,4081249.230769231
2010-11-15,4081564.076923077
2010-11-22,4081878.923076923
2010-11-29,4082193.769230769
2010-12-06,4082508.6153846155
2010-12-13,4082823.4615384615
2010-12-20,4083138.3076923075
2010-12-27,4083453.153846154
2011-01-03,4083768.0
2011-01-10,4083973.3653846155
2011-01-17,4084178.730769231
2011-01-24,4084384.096153846
2011-01-31,4084589.4615384615
2011-02-07,4084794.826923077
2011-02-14,4085000.1923076925
2011-02-21,4085205.5576923075
2011-02-28,4085410.923076923
2011-03-07,4085616.2884615385
2011-03-14,4085821.653846154
2011-03-21,4086027.019230769
2011-03-28,4086232.3846153845
2011-04-04,4086437.75
2011-04-11,4086643.1153846155
2011-04-18,4086848.480769231
2011-04-25,4087053.846153846
2011-05-02,4087259.2115384615
2011-05-09,4087464.576923077
2011-05-16,4087669.9423076925
2011-05-23,4087875.3076923075
2011-05-30,4088080.673076923
2011-06-06,4088286.0384615385
2011-06-13,4088491.403846154
2011-06-20,4088696.769230769
2011-06-27,4088902.1346153845
2011-07-04,4089107.5
2011-07-11,4089312.8653846155
2011-07-18,4089518.230769231
2011-07-25,4089723.596153846
2011-08-01,4089928.9615384615
2011-08-08,4090134.326923077
2011-08-15,4090339.6923076925
2011-08-22,4090545.0576923075
2011-08-29,4090750.423076923
2011-09-05,4090955.7884615385
2011-09-12,4091161.153846154
2011-09-19,4091366.519230769
2011-09-26,4091571.8846153845
2011-10-03,4091777.25
2011-10-10,4091982.6153846155
2011-10-17,4092187.980769231
2011-10-24,4092393.346153846
2011-10-31,4092598.7115384615
2011-11-07,4092804.076923077
2011-11-14,4093009.4423076925
2011-11-21,4093214.8076923075
2011-11-28,4093420.173076923
2011-12-05,4093625.5384615385
2011-12-12,4093830.903846154
2011-12-19,4094036.269230769
2011-12-26,4094241.6346153845
2012-01-02,4094447.0
2012-01-09,4094413.980769231
2012-01-16,4094380.9615384615
2012-01-23,4094347.9423076925
2012-01-30,4094314.923076923
2012-02-06,4094281.903846154
2012-02-13,4094248.8846153845
2012-02-20,4094215.8653846155
2012-02-27,4094182.846153846
2012-03-05,4094149.826923077
2012-03-12,4094116.8076923075
2012-03-19,4094083.7884615385
2012-03-26,4094050.769230769
2012-04-02,4094017.75
2012-04-09,4093984.730769231
2012-04-16,4093951.7115384615
2012-04-23,4093918.6923076925
2012-04-30,4093885.673076923
2012-05-07,4093852.653846154
2012-05-14,4093819.6346153845
2012-05-21,4093786.6153846155
2012-05-28,4093753.596153846
2012-06-04,4093720.576923077
2012-06-11,4093687.5576923075
2012-06-18,4093654.5384615385
2012-06-25,4093621.519230769
2012-07-02,4093588.5
2012-07-09,4093555.480769231
2012-07-16,4093522.4615384615
2012-07-23,4093489.4423076925
2012-07-30,4093456.423076923
2012-08-06,4093423.403846154
2012-08-13,4093390.3846153845
2012-08-20,4093357.3653846155
2012-08-27,4093324.346153846
2012-09-03,4093291.326923077
2012-09-10,4093258.3076923075
2012-09-17,4093225.2884615385
2012-09-24,4093192.269230769
2012-10-01,4093159.25
2012-10-08,4093126.230769231
2012-10-15,4093093.2115384615
2012-10-22,4093060.1923076925
2012-10-29,4093027.173076923
2012-11-05,4092994.153846154
2012-11-12,4092961.1346153845
2012-11-19,4092928.1153846155
2012-11-26,4092895.096153846
2012-12-03,4092862.076923077
2012-12-10,4092829.0576923075
2012-12-17,4092796.0384615385
2012-12-24,4092763.019230769
2013-01-01,4092730.0
2013-01-08,4093158.9056603773
2013-01-15,4093587.8113207547
2013-01-22,4094016.716981132
2013-01-29,4094445.6226415094
2013-02-05,4094874.5283018867
2013-02-12,4095303.433962264
2013-02-19,4095732.3396226414
2013-02-26,4096161.245283019
2013-03-05,4096590.150943396
2013-03-12,4097019.0566037735
2013-03-19,4097447.962264151
2013-03-26,4097876.867924528
2013-04-02,4098305.7735849055
2013-04-09,4098734.679245283
2013-04-16,4099163.5849056602
2013-04-23,4099592.4905660376
2013-04-30,4100021.396226415
2013-05-07,4100450.3018867923
2013-05-14,4100879.2075471696
2013-05-21,4101308.113207547
2013-05-28,4101737.0188679243
2013-06-04,4102165.9245283017
2013-06-11,4102594.830188679
2013-06-18,4103023.7358490564
2013-06-25,4103452.6415094337
2013-07-02,4103881.547169811
2013-07-09,4104310.452830189
2013-07-16,4104739.3584905663
2013-07-23,4105168.2641509436
2013-07-30,4105597.169811321
2013-08-06,4106026.0754716983
2013-08-13,4106454.9811320757
2013-08-20,4106883.886792453
2013-08-27,4107312.7924528304
2013-09-03,4107741.6981132077
2013-09-10,4108170.603773585
2013-09-17,4108599.5094339624
2013-09-24,4109028.4150943398
2013-10-01,4109457.320754717
2013-10-08,4109886.2264150945
2013-10-15,4110315.132075472
2013-10-22,4110744.037735849
2013-10-29,4111172.9433962265
2013-11-05,4111601.849056604
2013-11-12,4112030.754716981
2013-11-19,4112459.6603773586
2013-11-26,4112888.566037736
2013-12-03,4113317.4716981133
2013-12-10,4113746.3773584906
2013-12-17,4114175.283018868
2013-12-24,4114604.1886792453
2013-12-31,4115033.0943396227
2014-01-06,4115462.0
2014-01-13,4116977.2884615385
2014-01-20,4118492.576923077
2014-01-27,4120007.8653846155
2014-02-03,4121523.153846154
2014-02-10,4123038.4423076925
2014-02-17,4124553.730769231
2014-02-24,4126069.019230769
2014-03-03,4127584.3076923075
2014-03-10,4129099.596153846
2014-03-17,4130614.8846153845
2014-03-24,4132130.173076923
2014-03-31,4133645.4615384615
2014-04-07,4135160.75
2014-04-14,4136676.0384615385
2014-04-21,4138191.326923077
2014-04-28,4139706.6153846155
2014-05-05,4141221.903846154
2014-05-12,4142737.1923076925
2014-05-19,4144252.480769231
2014-05-26,4145767.769230769
2014-06-02,4147283.0576923075
2014-06-09,4148798.346153846
2014-06-16,4150313.6346153845
2014-06-23,4151828.923076923
2014-06-30,4153344.2115384615
2014-07-07,4154859.5
2014-07-14,4156374.7884615385
2014-07-21,4157890.076923077
2014-07-28,4159405.3653846155
2014-08-04,4160920.653846154
2014-08-11,4162435.9423076925
2014-08-18,4163951.230769231
2014-08-25,4165466.519230769
2014-09-01,4166981.8076923075
2014-09-08,4168497.096153846
2014-09-15,4170012.3846153845
2014-09-22,4171527.673076923
2014-09-29,4173042.9615384615
2014-10-06,4174558.25
2014-10-13,4176073.5384615385
2014-10-20,4177588.826923077
2014-10-27,4179104.1153846155
2014-11-03,4180619.403846154
2014-11-10,4182134.6923076925
2014-11-17,4183649.980769231
2014-11-24,4185165.269230769
2014-12-01,4186680.5576923075
2014-12-08,4188195.846153846
2014-12-15,4189711.1346153845
2014-12-22,4191226.423076923
2014-12-29,4192741.7115384615
2015-01-05,4194257.0
2015-01-12,4193817.769230769
2015-01-19,4193378.5384615385
2015-01-26,4192939.3076923075
2015-02-02,4192500.076923077
2015-02-09,4192060.846153846
2015-02-16,4191621.6153846155
2015-02-23,4191182.3846153845
2015-03-02,4190743.153846154
2015-03-09,4190303.923076923
2015-03-16,4189864.6923076925
2015-03-23,4189425.4615384615
2015-03-30,4188986.230769231
2015-04-06,4188547.0
2015-04-13,4188107.769230769
2015-04-20,4187668.5384615385
2015-04-27,4187229.3076923075
2015-05-04,4186790.076923077
2015-05-11,4186350.846153846
2015-05-18,4185911.6153846155
2015-05-25,4185472.3846153845
2015-06-01,4185033.153846154
2015-06-08,4184593.923076923
2015-06-15,4184154.6923076925
2015-06-22,4183715.4615384615
2015-06-29,4183276.230769231
2015-07-06,4182837.0
2015-07-13,4182397.769230769
2015-07-20,4181958.5384615385
2015-07-27,4181519.3076923075
2015-08-03,4181080.076923077
2015-08-10,4180640.846153846
2015-08-17,4180201.6153846155
2015-08-24,4179762.3846153845
2015-08-31,4179323.153846154
2015-09-07,4178883.923076923
2015-09-14,4178444.6923076925
2015-09-21,4178005.4615384615
2015-09-28,4177566.230769231
2015-10-05,4177127.0
2015-10-12,4176687.769230769
2015-10-19,4176248.5384615385
2015-10-26,4175809.3076923075
2015-11-02,4175370.076923077
2015-11-09,4174930.846153846
2015-11-16,4174491.6153846155
2015-11-23,4174052.3846153845
2015-11-30,4173613.153846154
2015-12-07,4173173.923076923
2015-12-14,4172734.6923076925
2015-12-21,4172295.4615384615
2015-12-28,4171856.230769231
2016-01-04,4171417.0
2016-01-11,4170814.903846154
2016-01-18,4170212.8076923075
2016-01-25,4169610.7115384615
2016-02-01,4169008.6153846155
2016-02-08,4168406.519230769
2016-02-15,4167804.423076923
2016-02-22,4167202.326923077
2016-02-29,4166600.230769231
2016-03-07,4165998.1346153845
2016-03-14,4165396.0384615385
2016-03-21,4164793.9423076925
2016-03-28,4164191.846153846
2016-04-04,4163589.75
2016-04-11,4162987.653846154
2016-04-18,4162385.5576923075
2016-04-25,4161783.4615384615
2016-05-02,4161181.3653846155
2016-05-09,4160579.269230769
2016-05-16,4159977.173076923
2016-05-23,4159375.076923077
2016-05-30,4158772.980769231
2016-06-06,4158170.8846153845
2016-06-13,4157568.7884615385
2016-06-20,4156966.6923076925
2016-06-27,4156364.596153846
2016-07-04,4155762.5
2016-07-11,4155160.403846154
2016-07-18,4154558.3076923075
2016-07-25,4153956.2115384615
2016-08-01,4153354.1153846155
2016-08-08,4152752.019230769
2016-08-15,4152149.923076923
2016-08-22,4151547.826923077
2016-08-29,4150945.730769231
2016-09-05,4150343.6346153845
2016-09-12,4149741.5384615385
2016-09-19,4149139.4423076925
2016-09-26,4148537.346153846
2016-10-03,4147935.25
2016-10-10,4147333.153846154
2016-10-17,4146731.0576923075
2016-10-24,4146128.9615384615
2016-10-31,4145526.8653846155
2016-11-07,4144924.769230769
2016-11-14,4144322.673076923
2016-11-21,4143720.576923077
2016-11-28,4143118.480769231
2016-12-05,4142516.3846153845
2016-12-12,4141914.2884615385
2016-12-19,4141312.1923076925
2016-12-26,4140710.096153846
2017-01-03,4140108.0
2017-01-10,4140961.1346153845
2017-01-17,4141814.269230769
2017-01-24,4142667.403846154
2017-01-31,4143520.5384615385
2017-02-07,4144373.673076923
2017-02-14,4145226.8076923075
2017-02-21,4146079.9423076925
2017-02-28,4146933.076923077
2017-03-07,4147786.2115384615
2017-03-14,4148639.346153846
2017-03-21,4149492.480769231
2017-03-28,4150345.6153846155
2017-04-04,4151198.75
2017-04-11,4152051.8846153845
2017-04-18,4152905.019230769
2017-04-25,4153758.153846154
2017-05-02,4154611.2884615385
2017-05-09,4155464.423076923
2017-05-16,4156317.5576923075
2017-05-23,4157170.6923076925
2017-05-30,4158023.826923077
2017-06-06,4158876.9615384615
2017-06-13,4159730.096153846
2017-06-20,4160583.230769231
2017-06-27,4161436.3653846155
2017-07-04,4162289.5
2017-07-11,4163142.6346153845
2017-07-18,4163995.769230769
2017-07-25,4164848.903846154
2017-08-01,4165702.0384615385
2017-08-08,4166555.173076923
2017-08-15,4167408.3076923075
2017-08-22,4168261.4423076925
2017-08-29,4169114.576923077
2017-09-05,4169967.7115384615
2017-09-12,4170820.846153846
2017-09-19,4171673.980769231
2017-09-26,4172527.1153846155
2017-10-03,4173380.25
2017-10-10,4174233.3846153845
2017-10-17,4175086.519230769
2017-10-24,4175939.653846154
2017-10-31,4176792.7884615385
2017-11-07,4177645.923076923
2017-11-14,4178499.0576923075
2017-11-21,4179352.1923076925
2017-11-28,4180205.326923077
2017-12-05,4181058.4615384615
2017-12-12,4181911.596153846
2017-12-19,4182764.730769231
2017-12-26,4183617.8653846155
2018-01-01,4184471.0
2018-01-08,4184674.830188679
2018-01-15,4184878.6603773586
2018-01-22,4185082.4905660376
2018-01-29,4185286.320754717
2018-02-05,4185490.150943396
2018-02-12,4185693.9811320757
2018-02-19,4185897.8113207547
2018-02-26,4186101.6415094337
2018-03-05,4186305.4716981133
2018-03-12,4186509.3018867923
2018-03-19,4186713.132075472
2018-03-26,4186916.962264151
2018-04-02,4187120.7924528304
2018-04-09,4187324.6226415094
2018-04-16,4187528.452830189
2018-04-23,4187732.283018868
2018-04-30,4187936.113207547
2018-05-07,4188139.9433962265
2018-05-14,4188343.7735849055
2018-05-21,4188547.603773585
2018-05-28,4188751.433962264
2018-06-04,4188955.2641509436
2018-06-11,4189159.0943396227
2018-06-18,4189362.9245283017
2018-06-25,4189566.754716981
2018-07-02,4189770.5849056602
2018-07-09,4189974.4150943398
2018-07-16,4190178.245283019
2018-07-23,4190382.0754716983
2018-07-30,4190585.9056603773
2018-08-06,4190789.7358490564
2018-08-13,4190993.566037736
2018-08-20,4191197.396226415
2018-08-27,4191401.2264150945
2018-09-03,4191605.0566037735
2018-09-10,4191808.886792453
2018-09-17,4192012.716981132
2018-09-24,4192216.547169811
2018-10-01,4192420.3773584906
2018-10-08,4192624.2075471696
2018-10-15,4192828.037735849
2018-10-22,4193031.867924528
2018-10-29,4193235.6981132077
2018-11-05,4193439.5283018867
2018-11-12,4193643.3584905663
2018-11-19,4193847.1886792453
2018-11-26,4194051.0188679243
2018-12-03,4194254.849056604
2018-12-10,4194458.679245283
2018-12-17,4194662.509433962
2018-12-24,4194866.339622642
2018-12-31,4195070.1698113205
2019-01-07,4195274.0
2019-01-14,4195162.634615385
2019-01-21,4195051.269230769
2019-01-28,4194939.903846154
2019-02-04,4194828.538461538
2019-02-11,4194717.173076923
2019-02-18,4194605.807692308
2019-02-25,4194494.442307692
2019-03-04,4194383.076923077
2019-03-11,4194271.7115384615
2019-03-18,4194160.346153846
2019-03-25,4194048.980769231
2019-04-01,4193937.6153846155
2019-04-08,4193826.25
2019-04-15,4193714.8846153845
2019-04-22,4193603.519230769
2019-04-29,4193492.153846154
2019-05-06,4193380.7884615385
2019-05-13,4193269.423076923
2019-05-20,4193158.0576923075
2019-05-27,4193046.6923076925
2019-06-03,4192935.326923077
2019-06-10,4192823.9615384615
2019-06-17,4192712.596153846
2019-06-24,4192601.230769231
2019-07-01,4192489.8653846155
2019-07-08,4192378.5
2019-07-15,4192267.1346153845
2019-07-22,4192155.769230769
2019-07-29,4192044.403846154
2019-08-05,4191933.0384615385
2019-08-12,4191821.673076923
2019-08-19,4191710.3076923075
2019-08-26,4191598.9423076925
2019-09-02,4191487.576923077
2019-09-09,4191376.2115384615
2019-09-16,4191264.846153846
2019-09-23,4191153.480769231
2019-09-30,4191042.1153846155
2019-10-07,4190930.75
2019-10-14,4190819.3846153845
2019-10-21,4190708.019230769
2019-10-28,4190596.653846154
2019-11-04,4190485.2884615385
2019-11-11,4190373.923076923
2019-11-18,4190262.5576923075
2019-11-25,4190151.1923076925
2019-12-02,4190039.826923077
2019-12-09,4189928.4615384615
2019-12-16,4189817.096153846
2019-12-23,4189705.730769231
2019-12-30,4189594.3653846155
