Week,Population
1959-01-04,175818.0
1959-01-11,175874.5
1959-01-18,175931.0
1959-01-25,175987.5
1959-02-01,176044.0
1959-02-08,176101.5
1959-02-15,176159.0
1959-02-22,176216.5
1959-03-01,176274.0
1959-03-08,176319.8
1959-03-15,176365.6
1959-03-22,176411.4
1959-03-29,176457.2
1959-04-05,176503.0
1959-04-12,176558.0
1959-04-19,176613.0
1959-04-26,176668.0
1959-05-03,176723.0
1959-05-10,176769.2
1959-05-17,176815.4
1959-05-24,176861.6
1959-05-31,176907.8
1959-06-07,176954.0
1959-06-14,177017.5
1959-06-21,177081.0
1959-06-28,177144.5
1959-07-05,177208.0
1959-07-12,177275.75
1959-07-19,177343.5
1959-07-26,177411.25
1959-08-02,177479.0
1959-08-09,177534.2
1959-08-16,177589.4
1959-08-23,177644.6
1959-08-30,177699.8
1959-09-06,177755.0
1959-09-13,177822.75
1959-09-20,177890.5
1959-09-27,177958.25
1959-10-04,178026.0
1959-10-11,178087.75
1959-10-18,178149.5
1959-10-25,178211.25
1959-11-01,178273.0
1959-11-08,178319.2
1959-11-15,178365.4
1959-11-22,178411.6
1959-11-29,178457.8
1959-12-06,178504.0
1959-12-13,178609.25
1959-12-20,178714.5
1959-12-27,178819.75
1960-01-03,178925.0
1960-01-10,179005.2
1960-01-17,179085.4
1960-01-24,179165.6
1960-01-31,179245.8
1960-02-07,179326.0
1960-02-14,179421.25
1960-02-21,179516.5
1960-02-28,179611.75
1960-03-06,179707.0
1960-03-13,179797.0
1960-03-20,179887.0
1960-03-27,179977.0
1960-04-03,180067.0
1960-04-10,180152.25
1960-04-17,180237.5
1960-04-24,180322.75
1960-05-01,180408.0
1960-05-08,180472.0
1960-05-15,180536.0
1960-05-22,180600.0
1960-05-29,180664.0
1960-06-05,180728.0
1960-06-12,180803.0
1960-06-19,180878.0
1960-06-26,180953.0
1960-07-03,181028.0
1960-07-10,181084.0
1960-07-17,181140.0
1960-07-24,181196.0
1960-07-31,181252.0
1960-08-07,181308.0
1960-08-14,181372.75
1960-08-21,181437.5
1960-08-28,181502.25
1960-09-04,181567.0
1960-09-11,181627.0
1960-09-18,181687.0
1960-09-25,181747.0
1960-10-02,181807.0
1960-10-09,181850.8
1960-10-16,181894.6
1960-10-23,181938.4
1960-10-30,181982.2
1960-11-06,182026.0
1960-11-13,182075.75
1960-11-20,182125.5
1960-11-27,182175.25
1960-12-04,182225.0
1960-12-11,182269.75
1960-12-18,182314.5
1960-12-25,182359.25
1961-01-01,182404.0
1961-01-08,182449.4
1961-01-15,182494.8
1961-01-22,182540.2
1961-01-29,182585.6
1961-02-05,182631.0
1961-02-12,182690.0
1961-02-19,182749.0
1961-02-26,182808.0
1961-03-05,182867.0
1961-03-12,182926.5
1961-03-19,182986.0
1961-03-26,183045.5
1961-04-02,183105.0
1961-04-09,183151.0
1961-04-16,183197.0
1961-04-23,183243.0
1961-04-30,183289.0
1961-05-07,183335.0
1961-05-14,183394.25
1961-05-21,183453.5
1961-05-28,183512.75
1961-06-04,183572.0
1961-06-11,183635.25
1961-06-18,183698.5
1961-06-25,183761.75
1961-07-02,183825.0
1961-07-09,183880.2
1961-07-16,183935.4
1961-07-23,183990.6
1961-07-30,184045.8
1961-08-06,184101.0
1961-08-13,184171.75
1961-08-20,184242.5
1961-08-27,184313.25
1961-09-03,184384.0
1961-09-10,184451.5
1961-09-17,184519.0
1961-09-24,184586.5
1961-10-01,184654.0
1961-10-08,184703.2
1961-10-15,184752.4
1961-10-22,184801.6
1961-10-29,184850.8
1961-11-05,184900.0
1961-11-12,184957.25
1961-11-19,185014.5
1961-11-26,185071.75
1961-12-03,185129.0
1961-12-10,185172.6
1961-12-17,185216.2
1961-12-24,185259.8
1961-12-31,185303.4
1962-01-07,185347.0
1962-01-14,185398.0
1962-01-21,185449.0
1962-01-28,185500.0
1962-02-04,185551.0
1962-02-11,185603.75
1962-02-18,185656.5
1962-02-25,185709.25
1962-03-04,185762.0
1962-03-11,185816.75
1962-03-18,185871.5
1962-03-25,185926.25
1962-04-01,185981.0
1962-04-08,186025.0
1962-04-15,186069.0
1962-04-22,186113.0
1962-04-29,186157.0
1962-05-06,186201.0
1962-05-13,186257.25
1962-05-20,186313.5
1962-05-27,186369.75
1962-06-03,186426.0
1962-06-10,186485.5
1962-06-17,186545.0
1962-06-24,186604.5
1962-07-01,186664.0
1962-07-08,186716.0
1962-07-15,186768.0
1962-07-22,186820.0
1962-07-29,186872.0
1962-08-05,186924.0
1962-08-12,186990.75
1962-08-19,187057.5
1962-08-26,187124.25
1962-09-02,187191.0
1962-09-09,187242.6
1962-09-16,187294.2
1962-09-23,187345.8
1962-09-30,187397.4
1962-10-07,187449.0
1962-10-14,187508.0
1962-10-21,187567.0
1962-10-28,187626.0
1962-11-04,187685.0
1962-11-11,187740.0
1962-11-18,187795.0
1962-11-25,187850.0
1962-12-02,187905.0
1962-12-09,187946.6
1962-12-16,187988.2
1962-12-23,188029.8
1962-12-30,188071.4
1963-01-06,188113.0
1963-01-13,188159.75
1963-01-20,188206.5
1963-01-27,188253.25
1963-02-03,188300.0
1963-02-10,188346.0
1963-02-17,188392.0
1963-02-24,188438.0
1963-03-03,188484.0
1963-03-10,188524.2
1963-03-17,188564.4
1963-03-24,188604.6
1963-03-31,188644.8
1963-04-07,188685.0
1963-04-14,188739.75
1963-04-21,188794.5
1963-04-28,188849.25
1963-05-05,188904.0
1963-05-12,188960.5
1963-05-19,189017.0
1963-05-26,189073.5
1963-06-02,189130.0
1963-06-09,189177.8
1963-06-16,189225.6
1963-06-23,189273.4
1963-06-30,189321.2
1963-07-07,189369.0
1963-07-14,189434.0
1963-07-21,189499.0
1963-07-28,189564.0
1963-08-04,189629.0
1963-08-11,189695.5
1963-08-18,189762.0
1963-08-25,189828.5
1963-09-01,189895.0
1963-09-08,189945.4
1963-09-15,189995.8
1963-09-22,190046.2
1963-09-29,190096.6
1963-10-06,190147.0
1963-10-13,190202.5
1963-10-20,190258.0
1963-10-27,190313.5
1963-11-03,190369.0
1963-11-10,190419.25
1963-11-17,190469.5
1963-11-24,190519.75
1963-12-01,190570.0
1963-12-08,190608.6
1963-12-15,190647.2
1963-12-22,190685.8
1963-12-29,190724.4
1964-01-05,190763.0
1964-01-12,190810.5
1964-01-19,190858.0
1964-01-26,190905.5
1964-02-02,190953.0
1964-02-09,191001.25
1964-02-16,191049.5
1964-02-23,191097.75
1964-03-01,191146.0
1964-03-08,191186.0
1964-03-15,191226.0
1964-03-22,191266.0
1964-03-29,191306.0
1964-04-05,191346.0
1964-04-12,191398.75
1964-04-19,191451.5
1964-04-26,191504.25
1964-05-03,191557.0
1964-05-10,191601.2
1964-05-17,191645.4
1964-05-24,191689.6
1964-05-31,191733.8
1964-06-07,191778.0
1964-06-14,191836.0
1964-06-21,191894.0
1964-06-28,191952.0
1964-07-05,192010.0
1964-07-12,192071.0
1964-07-19,192132.0
1964-07-26,192193.0
1964-08-02,192254.0
1964-08-09,192304.0
1964-08-16,192354.0
1964-08-23,192404.0
1964-08-30,192454.0
1964-09-06,192504.0
1964-09-13,192562.75
1964-09-20,192621.5
1964-09-27,192680.25
1964-10-04,192739.0
1964-10-11,192790.0
1964-10-18,192841.0
1964-10-25,192892.0
1964-11-01,192943.0
1964-11-08,192980.6
1964-11-15,193018.2
1964-11-22,193055.8
1964-11-29,193093.4
1964-12-06,193131.0
1964-12-13,193175.25
1964-12-20,193219.5
1964-12-27,193263.75
1965-01-03,193308.0
1965-01-10,193339.8
1965-01-17,193371.6
1965-01-24,193403.4
1965-01-31,193435.2
1965-02-07,193467.0
1965-02-14,193506.5
1965-02-21,193546.0
1965-02-28,193585.5
1965-03-07,193625.0
1965-03-14,193668.5
1965-03-21,193712.0
1965-03-28,193755.5
1965-04-04,193799.0
1965-04-11,193846.25
1965-04-18,193893.5
1965-04-25,193940.75
1965-05-02,193988.0
1965-05-09,194029.4
1965-05-16,194070.8
1965-05-23,194112.2
1965-05-30,194153.6
1965-06-06,194195.0
1965-06-13,194250.25
1965-06-20,194305.5
1965-06-27,194360.75
1965-07-04,194416.0
1965-07-11,194473.25
1965-07-18,194530.5
1965-07-25,194587.75
1965-08-01,194645.0
1965-08-08,194691.8
1965-08-15,194738.6
1965-08-22,194785.4
1965-08-29,194832.2
1965-09-05,194879.0
1965-09-12,194933.25
1965-09-19,194987.5
1965-09-26,195041.75
1965-10-03,195096.0
1965-10-10,195133.6
1965-10-17,195171.2
1965-10-24,195208.8
1965-10-31,195246.4
1965-11-07,195284.0
1965-11-14,195327.0
1965-11-21,195370.0
1965-11-28,195413.0
1965-12-05,195456.0
1965-12-12,195495.5
1965-12-19,195535.0
1965-12-26,195574.5
1966-01-02,195614.0
1966-01-09,195643.2
1966-01-16,195672.4
1966-01-23,195701.6
1966-01-30,195730.8
1966-02-06,195760.0
1966-02-13,195798.75
1966-02-20,195837.5
1966-02-27,195876.25
1966-03-06,195915.0
1966-03-13,195958.5
1966-03-20,196002.0
1966-03-27,196045.5
1966-04-03,196089.0
1966-04-10,196135.5
1966-04-17,196182.0
1966-04-24,196228.5
1966-05-01,196275.0
1966-05-08,196313.2
1966-05-15,196351.4
1966-05-22,196389.6
1966-05-29,196427.8
1966-06-05,196466.0
1966-06-12,196514.75
1966-06-19,196563.5
1966-06-26,196612.25
1966-07-03,196661.0
1966-07-10,196703.4
1966-07-17,196745.8
1966-07-24,196788.2
1966-07-31,196830.6
1966-08-07,196873.0
1966-08-14,196928.75
1966-08-21,196984.5
1966-08-28,197040.25
1966-09-04,197096.0
1966-09-11,197147.75
1966-09-18,197199.5
1966-09-25,197251.25
1966-10-02,197303.0
1966-10-09,197339.4
1966-10-16,197375.8
1966-10-23,197412.2
1966-10-30,197448.6
1966-11-06,197485.0
1966-11-13,197527.25
1966-11-20,197569.5
1966-11-27,197611.75
1966-12-04,197654.0
1966-12-11,197694.0
1966-12-18,197734.0
1966-12-25,197774.0
1967-01-01,197814.0
1967-01-08,197844.2
1967-01-15,197874.4
1967-01-22,197904.6
1967-01-29,197934.8
1967-02-05,197965.0
1967-02-12,198004.25
1967-02-19,198043.5
1967-02-26,198082.75
1967-03-05,198122.0
1967-03-12,198163.25
1967-03-19,198204.5
1967-03-26,198245.75
1967-04-02,198287.0
1967-04-09,198320.0
1967-04-16,198353.0
1967-04-23,198386.0
1967-04-30,198419.0
1967-05-07,198452.0
1967-05-14,198495.75
1967-05-21,198539.5
1967-05-28,198583.25
1967-06-04,198627.0
1967-06-11,198673.25
1967-06-18,198719.5
1967-06-25,198765.75
1967-07-02,198812.0
1967-07-09,198852.0
1967-07-16,198892.0
1967-07-23,198932.0
1967-07-30,198972.0
1967-08-06,199012.0
1967-08-13,199062.0
1967-08-20,199112.0
1967-08-27,199162.0
1967-09-03,199212.0
1967-09-10,199260.25
1967-09-17,199308.5
1967-09-24,199356.75
1967-10-01,199405.0
1967-10-08,199439.6
1967-10-15,199474.2
1967-10-22,199508.8
1967-10-29,199543.4
1967-11-05,199578.0
1967-11-12,199616.75
1967-11-19,199655.5
1967-11-26,199694.25
1967-12-03,199733.0
1967-12-10,199759.2
1967-12-17,199785.4
1967-12-24,199811.6
1967-12-31,199837.8
1968-01-07,199864.0
1968-01-14,199895.0
1968-01-21,199926.0
1968-01-28,199957.0
1968-02-04,199988.0
1968-02-11,200024.0
1968-02-18,200060.0
1968-02-25,200096.0
1968-03-03,200132.0
1968-03-10,200162.6
1968-03-17,200193.2
1968-03-24,200223.8
1968-03-31,200254.4
1968-04-07,200285.0
1968-04-14,200326.0
1968-04-21,200367.0
1968-04-28,200408.0
1968-05-05,200449.0
1968-05-12,200492.0
1968-05-19,200535.0
1968-05-26,200578.0
1968-06-02,200621.0
1968-06-09,200657.2
1968-06-16,200693.4
1968-06-23,200729.6
1968-06-30,200765.8
1968-07-07,200802.0
1968-07-14,200850.75
1968-07-21,200899.5
1968-07-28,200948.25
1968-08-04,200997.0
1968-08-11,201046.0
1968-08-18,201095.0
1968-08-25,201144.0
1968-09-01,201193.0
1968-09-08,201230.0
1968-09-15,201267.0
1968-09-22,201304.0
1968-09-29,201341.0
1968-10-06,201378.0
1968-10-13,201419.5
1968-10-20,201461.0
1968-10-27,201502.5
1968-11-03,201544.0
1968-11-10,201580.75
1968-11-17,201617.5
1968-11-24,201654.25
1968-12-01,201691.0
1968-12-08,201717.0
1968-12-15,201743.0
1968-12-22,201769.0
1968-12-29,201795.0
1969-01-05,201821.0
1969-01-12,201853.75
1969-01-19,201886.5
1969-01-26,201919.25
1969-02-02,201952.0
1969-02-09,201987.0
1969-02-16,202022.0
1969-02-23,202057.0
1969-03-02,202092.0
1969-03-09,202122.8
1969-03-16,202153.6
1969-03-23,202184.4
1969-03-30,202215.2
1969-04-06,202246.0
1969-04-13,202289.25
1969-04-20,202332.5
1969-04-27,202375.75
1969-05-04,202419.0
1969-05-11,202462.25
1969-05-18,202505.5
1969-05-25,202548.75
1969-06-01,202592.0
1969-06-08,202629.0
1969-06-15,202666.0
1969-06-22,202703.0
1969-06-29,202740.0
1969-07-06,202777.0
1969-07-13,202828.75
1969-07-20,202880.5
1969-07-27,202932.25
1969-08-03,202984.0
1969-08-10,203026.4
1969-08-17,203068.8
1969-08-24,203111.2
1969-08-31,203153.6
1969-09-07,203196.0
1969-09-14,203247.25
1969-09-21,203298.5
1969-09-28,203349.75
1969-10-05,203401.0
1969-10-12,203447.75
1969-10-19,203494.5
1969-10-26,203541.25
1969-11-02,203588.0
1969-11-09,203622.8
1969-11-16,203657.6
1969-11-23,203692.4
1969-11-30,203727.2
1969-12-07,203762.0
1969-12-14,203803.75
1969-12-21,203845.5
1969-12-28,203887.25
1970-01-04,203929.0
1970-01-11,203967.25
1970-01-18,204005.5
1970-01-25,204043.75
1970-02-01,204082.0
1970-02-08,204123.0
1970-02-15,204164.0
1970-02-22,204205.0
1970-03-01,204246.0
1970-03-08,204297.6
1970-03-15,204349.2
1970-03-22,204400.8
1970-03-29,204452.4
1970-04-05,204504.0
1970-04-12,204557.75
1970-04-19,204611.5
1970-04-26,204665.25
1970-05-03,204719.0
1970-05-10,204763.4
1970-05-17,204807.8
1970-05-24,204852.2
1970-05-31,204896.6
1970-06-07,204941.0
1970-06-14,204999.25
1970-06-21,205057.5
1970-06-28,205115.75
1970-07-05,205174.0
1970-07-12,205235.0
1970-07-19,205296.0
1970-07-26,205357.0
1970-08-02,205418.0
1970-08-09,205467.2
1970-08-16,205516.4
1970-08-23,205565.6
1970-08-30,205614.8
1970-09-06,205664.0
1970-09-13,205724.5
1970-09-20,205785.0
1970-09-27,205845.5
1970-10-04,205906.0
1970-10-11,205962.25
1970-10-18,206018.5
1970-10-25,206074.75
1970-11-01,206131.0
1970-11-08,206175.2
1970-11-15,206219.4
1970-11-22,206263.6
1970-11-29,206307.8
1970-12-06,206352.0
1970-12-13,206405.75
1970-12-20,206459.5
1970-12-27,206513.25
1971-01-03,206567.0
1971-01-10,206606.0
1971-01-17,206645.0
1971-01-24,206684.0
1971-01-31,206723.0
1971-02-07,206762.0
1971-02-14,206811.5
1971-02-21,206861.0
1971-02-28,206910.5
1971-03-07,206960.0
1971-03-14,207010.75
1971-03-21,207061.5
1971-03-28,207112.25
1971-04-04,207163.0
1971-04-11,207212.5
1971-04-18,207262.0
1971-04-25,207311.5
1971-05-02,207361.0
1971-05-09,207401.2
1971-05-16,207441.4
1971-05-23,207481.6
1971-05-30,207521.8
1971-06-06,207562.0
1971-06-13,207614.25
1971-06-20,207666.5
1971-06-27,207718.75
1971-07-04,207771.0
1971-07-11,207827.75
1971-07-18,207884.5
1971-07-25,207941.25
1971-08-01,207998.0
1971-08-08,208044.4
1971-08-15,208090.8
1971-08-22,208137.2
1971-08-29,208183.6
1971-09-05,208230.0
1971-09-12,208285.0
1971-09-19,208340.0
1971-09-26,208395.0
1971-10-03,208450.0
1971-10-10,208489.6
1971-10-17,208529.2
1971-10-24,208568.8
1971-10-31,208608.4
1971-11-07,208648.0
1971-11-14,208693.25
1971-11-21,208738.5
1971-11-28,208783.75
1971-12-05,208829.0
1971-12-12,208869.0
1971-12-19,208909.0
1971-12-26,208949.0
1972-01-02,208989.0
1972-01-09,209018.6
1972-01-16,209048.2
1972-01-23,209077.8
1972-01-30,209107.4
1972-02-06,209137.0
1972-02-13,209177.5
1972-02-20,209218.0
1972-02-27,209258.5
1972-03-05,209299.0
1972-03-12,209340.75
1972-03-19,209382.5
1972-03-26,209424.25
1972-04-02,209466.0
1972-04-09,209499.8
1972-04-16,209533.6
1972-04-23,209567.4
1972-04-30,209601.2
1972-05-07,209635.0
1972-05-14,209679.0
1972-05-21,209723.0
1972-05-28,209767.0
1972-06-04,209811.0
1972-06-11,209854.75
1972-06-18,209898.5
1972-06-25,209942.25
1972-07-02,209986.0
1972-07-09,210024.2
1972-07-16,210062.4
1972-07-23,210100.6
1972-07-30,210138.8
1972-08-06,210177.0
1972-08-13,210227.5
1972-08-20,210278.0
1972-08-27,210328.5
1972-09-03,210379.0
1972-09-10,210426.25
1972-09-17,210473.5
1972-09-24,210520.75
1972-10-01,210568.0
1972-10-08,210602.2
1972-10-15,210636.4
1972-10-22,210670.6
1972-10-29,210704.8
1972-11-05,210739.0
1972-11-12,210780.0
1972-11-19,210821.0
1972-11-26,210862.0
1972-12-03,210903.0
1972-12-10,210933.0
1972-12-17,210963.0
1972-12-24,210993.0
1972-12-31,211023.0
1973-01-07,211053.0
1973-01-14,211086.5
1973-01-21,211120.0
1973-01-28,211153.5
1973-02-04,211187.0
1973-02-11,211224.5
1973-02-18,211262.0
1973-02-25,211299.5
1973-03-04,211337.0
1973-03-11,211377.5
1973-03-18,211418.0
1973-03-25,211458.5
1973-04-01,211499.0
1973-04-08,211531.6
1973-04-15,211564.2
1973-04-22,211596.8
1973-04-29,211629.4
1973-05-06,211662.0
1973-05-13,211703.5
1973-05-20,211745.0
1973-05-27,211786.5
1973-06-03,211828.0
1973-06-10,211871.25
1973-06-17,211914.5
1973-06-24,211957.75
1973-07-01,212001.0
1973-07-08,212039.0
1973-07-15,212077.0
1973-07-22,212115.0
1973-07-29,212153.0
1973-08-05,212191.0
1973-08-12,212238.75
1973-08-19,212286.5
1973-08-26,212334.25
1973-09-02,212382.0
1973-09-09,212416.6
1973-09-16,212451.2
1973-09-23,212485.8
1973-09-30,212520.4
1973-10-07,212555.0
1973-10-14,212593.75
1973-10-21,212632.5
1973-10-28,212671.25
1973-11-04,212710.0
1973-11-11,212747.25
1973-11-18,212784.5
1973-11-25,212821.75
1973-12-02,212859.0
1973-12-09,212887.8
1973-12-16,212916.6
1973-12-23,212945.4
1973-12-30,212974.2
1974-01-06,213003.0
1974-01-13,213038.0
1974-01-20,213073.0
1974-01-27,213108.0
1974-02-03,213143.0
1974-02-10,213178.75
1974-02-17,213214.5
1974-02-24,213250.25
1974-03-03,213286.0
1974-03-10,213316.2
1974-03-17,213346.4
1974-03-24,213376.6
1974-03-31,213406.8
1974-04-07,213437.0
1974-04-14,213477.75
1974-04-21,213518.5
1974-04-28,213559.25
1974-05-05,213600.0
1974-05-12,213642.5
1974-05-19,213685.0
1974-05-26,213727.5
1974-06-02,213770.0
1974-06-09,213805.6
1974-06-16,213841.2
1974-06-23,213876.8
1974-06-30,213912.4
1974-07-07,213948.0
1974-07-14,213997.0
1974-07-21,214046.0
1974-07-28,214095.0
1974-08-04,214144.0
1974-08-11,214195.25
1974-08-18,214246.5
1974-08-25,214297.75
1974-09-01,214349.0
1974-09-08,214386.8
1974-09-15,214424.6
1974-09-22,214462.4
1974-09-29,214500.2
1974-10-06,214538.0
1974-10-13,214579.5
1974-10-20,214621.0
1974-10-27,214662.5
1974-11-03,214704.0
1974-11-10,214742.25
1974-11-17,214780.5
1974-11-24,214818.75
1974-12-01,214857.0
1974-12-08,214885.2
1974-12-15,214913.4
1974-12-22,214941.6
1974-12-29,214969.8
1975-01-05,214998.0
1975-01-12,215031.5
1975-01-19,215065.0
1975-01-26,215098.5
1975-02-02,215132.0
1975-02-09,215168.0
1975-02-16,215204.0
1975-02-23,215240.0
1975-03-02,215276.0
1975-03-09,215308.4
1975-03-16,215340.8
1975-03-23,215373.2
1975-03-30,215405.6
1975-04-06,215438.0
1975-04-13,215490.0
1975-04-20,215542.0
1975-04-27,215594.0
1975-05-04,215646.0
1975-05-11,215702.25
1975-05-18,215758.5
1975-05-25,215814.75
1975-06-01,215871.0
1975-06-08,215913.6
1975-06-15,215956.2
1975-06-22,215998.8
1975-06-29,216041.4
1975-07-06,216084.0
1975-07-13,216136.5
1975-07-20,216189.0
1975-07-27,216241.5
1975-08-03,216294.0
1975-08-10,216333.2
1975-08-17,216372.4
1975-08-24,216411.6
1975-08-31,216450.8
1975-09-07,216490.0
1975-09-14,216537.25
1975-09-21,216584.5
1975-09-28,216631.75
1975-10-05,216679.0
1975-10-12,216722.0
1975-10-19,216765.0
1975-10-26,216808.0
1975-11-02,216851.0
1975-11-09,216883.4
1975-11-16,216915.8
1975-11-23,216948.2
1975-11-30,216980.6
1975-12-07,217013.0
1975-12-14,217052.75
1975-12-21,217092.5
1975-12-28,217132.25
1976-01-04,217172.0
1976-01-11,217207.75
1976-01-18,217243.5
1976-01-25,217279.25
1976-02-01,217315.0
1976-02-08,217343.0
1976-02-15,217371.0
1976-02-22,217399.0
1976-02-29,217427.0
1976-03-07,217455.0
1976-03-14,217493.0
1976-03-21,217531.0
1976-03-28,217569.0
1976-04-04,217607.0
1976-04-11,217648.5
1976-04-18,217690.0
1976-04-25,217731.5
1976-05-02,217773.0
1976-05-09,217808.0
1976-05-16,217843.0
1976-05-23,217878.0
1976-05-30,217913.0
1976-06-06,217948.0
1976-06-13,217994.5
1976-06-20,218041.0
1976-06-27,218087.5
1976-07-04,218134.0
1976-07-11,218184.75
1976-07-18,218235.5
1976-07-25,218286.25
1976-08-01,218337.0
1976-08-08,218378.0
1976-08-15,218419.0
1976-08-22,218460.0
1976-08-29,218501.0
1976-09-05,218542.0
1976-09-12,218591.25
1976-09-19,218640.5
1976-09-26,218689.75
1976-10-03,218739.0
1976-10-10,218775.2
1976-10-17,218811.4
1976-10-24,218847.6
1976-10-31,218883.8
1976-11-07,218920.0
1976-11-14,218963.25
1976-11-21,219006.5
1976-11-28,219049.75
1976-12-05,219093.0
1976-12-12,219135.25
1976-12-19,219177.5
1976-12-26,219219.75
1977-01-02,219262.0
1977-01-09,219294.4
1977-01-16,219326.8
1977-01-23,219359.2
1977-01-30,219391.6
1977-02-06,219424.0
1977-02-13,219466.5
1977-02-20,219509.0
1977-02-27,219551.5
1977-03-06,219594.0
1977-03-13,219638.5
1977-03-20,219683.0
1977-03-27,219727.5
1977-04-03,219772.0
1977-04-10,219817.25
1977-04-17,219862.5
1977-04-24,219907.75
1977-05-01,219953.0
1977-05-08,219991.0
1977-05-15,220029.0
1977-05-22,220067.0
1977-05-29,220105.0
1977-06-05,220143.0
1977-06-12,220194.5
1977-06-19,220246.0
1977-06-26,220297.5
1977-07-03,220349.0
1977-07-10,220393.8
1977-07-17,220438.6
1977-07-24,220483.4
1977-07-31,220528.2
1977-08-07,220573.0
1977-08-14,220628.75
1977-08-21,220684.5
1977-08-28,220740.25
1977-09-04,220796.0
1977-09-11,220848.75
1977-09-18,220901.5
1977-09-25,220954.25
1977-10-02,221007.0
1977-10-09,221046.8
1977-10-16,221086.6
1977-10-23,221126.4
1977-10-30,221166.2
1977-11-06,221206.0
1977-11-13,221252.0
1977-11-20,221298.0
1977-11-27,221344.0
1977-12-04,221390.0
1977-12-11,221430.75
1977-12-18,221471.5
1977-12-25,221512.25
1978-01-01,221553.0
1978-01-08,221584.6
1978-01-15,221616.2
1978-01-22,221647.8
1978-01-29,221679.4
1978-02-05,221711.0
1978-02-12,221756.25
1978-02-19,221801.5
1978-02-26,221846.75
1978-03-05,221892.0
1978-03-12,221940.0
1978-03-19,221988.0
1978-03-26,222036.0
1978-04-02,222084.0
1978-04-09,222122.8
1978-04-16,222161.6
1978-04-23,222200.4
1978-04-30,222239.2
1978-05-07,222278.0
1978-05-14,222329.0
1978-05-21,222380.0
1978-05-28,222431.0
1978-06-04,222482.0
1978-06-11,222535.75
1978-06-18,222589.5
1978-06-25,222643.25
1978-07-02,222697.0
1978-07-09,222744.2
1978-07-16,222791.4
1978-07-23,222838.6
1978-07-30,222885.8
1978-08-06,222933.0
1978-08-13,222991.75
1978-08-20,223050.5
1978-08-27,223109.25
1978-09-03,223168.0
1978-09-10,223221.75
1978-09-17,223275.5
1978-09-24,223329.25
1978-10-01,223383.0
1978-10-08,223423.4
1978-10-15,223463.8
1978-10-22,223504.2
1978-10-29,223544.6
1978-11-05,223585.0
1978-11-12,223634.0
1978-11-19,223683.0
1978-11-26,223732.0
1978-12-03,223781.0
1978-12-10,223819.4
1978-12-17,223857.8
1978-12-24,223896.2
1978-12-31,223934.6
1979-01-07,223973.0
1979-01-14,224017.25
1979-01-21,224061.5
1979-01-28,224105.75
1979-02-04,224150.0
1979-02-11,224195.75
1979-02-18,224241.5
1979-02-25,224287.25
1979-03-04,224333.0
1979-03-11,224382.0
1979-03-18,224431.0
1979-03-25,224480.0
1979-04-01,224529.0
1979-04-08,224570.0
1979-04-15,224611.0
1979-04-22,224652.0
1979-04-29,224693.0
1979-05-06,224734.0
1979-05-13,224787.5
1979-05-20,224841.0
1979-05-27,224894.5
1979-06-03,224948.0
1979-06-10,225004.5
1979-06-17,225061.0
1979-06-24,225117.5
1979-07-01,225174.0
1979-07-08,225223.0
1979-07-15,225272.0
1979-07-22,225321.0
1979-07-29,225370.0
1979-08-05,225419.0
1979-08-12,225479.75
1979-08-19,225540.5
1979-08-26,225601.25
1979-09-02,225662.0
1979-09-09,225708.2
1979-09-16,225754.4
1979-09-23,225800.6
1979-09-30,225846.8
1979-10-07,225893.0
1979-10-14,225949.75
1979-10-21,226006.5
1979-10-28,226063.25
1979-11-04,226120.0
1979-11-11,226174.75
1979-11-18,226229.5
1979-11-25,226284.25
1979-12-02,226339.0
1979-12-09,226382.0
1979-12-16,226425.0
1979-12-23,226468.0
1979-12-30,226511.0
1980-01-06,226554.0
1980-01-13,226603.75
1980-01-20,226653.5
1980-01-27,226703.25
1980-02-03,226753.0
1980-02-10,226803.5
1980-02-17,226854.0
1980-02-24,226904.5
1980-03-02,226955.0
1980-03-09,226995.2
1980-03-16,227035.4
1980-03-23,227075.6
1980-03-30,227115.8
1980-04-06,227156.0
1980-04-13,227213.75
1980-04-20,227271.5
1980-04-27,227329.25
1980-05-04,227387.0
1980-05-11,227446.25
1980-05-18,227505.5
1980-05-25,227564.75
1980-06-01,227624.0
1980-06-08,227667.2
1980-06-15,227710.4
1980-06-22,227753.6
1980-06-29,227796.8
1980-07-06,227840.0
1980-07-13,227897.5
1980-07-20,227955.0
1980-07-27,228012.5
1980-08-03,228070.0
1980-08-10,228116.4
1980-08-17,228162.8
1980-08-24,228209.2
1980-08-31,228255.6
1980-09-07,228302.0
1980-09-14,228355.25
1980-09-21,228408.5
1980-09-28,228461.75
1980-10-05,228515.0
1980-10-12,228560.25
1980-10-19,228605.5
1980-10-26,228650.75
1980-11-02,228696.0
1980-11-09,228728.4
1980-11-16,228760.8
1980-11-23,228793.2
1980-11-30,228825.6
1980-12-07,228858.0
1980-12-14,228894.5
1980-12-21,228931.0
1980-12-28,228967.5
1981-01-04,229004.0
1981-01-11,229040.0
1981-01-18,229076.0
1981-01-25,229112.0
1981-02-01,229148.0
1981-02-08,229189.5
1981-02-15,229231.0
1981-02-22,229272.5
1981-03-01,229314.0
1981-03-08,229349.0
1981-03-15,229384.0
1981-03-22,229419.0
1981-03-29,229454.0
1981-04-05,229489.0
1981-04-12,229533.75
1981-04-19,229578.5
1981-04-26,229623.25
1981-05-03,229668.0
1981-05-10,229707.2
1981-05-17,229746.4
1981-05-24,229785.6
1981-05-31,229824.8
1981-06-07,229864.0
1981-06-14,229917.25
1981-06-21,229970.5
1981-06-28,230023.75
1981-07-05,230077.0
1981-07-12,230132.75
1981-07-19,230188.5
1981-07-26,230244.25
1981-08-02,230300.0
1981-08-09,230345.4
1981-08-16,230390.8
1981-08-23,230436.2
1981-08-30,230481.6
1981-09-06,230527.0
1981-09-13,230578.25
1981-09-20,230629.5
1981-09-27,230680.75
1981-10-04,230732.0
1981-10-11,230775.5
1981-10-18,230819.0
1981-10-25,230862.5
1981-11-01,230906.0
1981-11-08,230939.4
1981-11-15,230972.8
1981-11-22,231006.2
1981-11-29,231039.6
1981-12-06,231073.0
1981-12-13,231113.5
1981-12-20,231154.0
1981-12-27,231194.5
1982-01-03,231235.0
1982-01-10,231266.4
1982-01-17,231297.8
1982-01-24,231329.2
1982-01-31,231360.6
1982-02-07,231392.0
1982-02-14,231433.5
1982-02-21,231475.0
1982-02-28,231516.5
1982-03-07,231558.0
1982-03-14,231600.25
1982-03-21,231642.5
1982-03-28,231684.75
1982-04-04,231727.0
1982-04-11,231770.5
1982-04-18,231814.0
1982-04-25,231857.5
1982-05-02,231901.0
1982-05-09,231938.8
1982-05-16,231976.6
1982-05-23,232014.4
1982-05-30,232052.2
1982-06-06,232090.0
1982-06-13,232140.0
1982-06-20,232190.0
1982-06-27,232240.0
1982-07-04,232290.0
1982-07-11,232341.5
1982-07-18,232393.0
1982-07-25,232444.5
1982-08-01,232496.0
1982-08-08,232538.4
1982-08-15,232580.8
1982-08-22,232623.2
1982-08-29,232665.6
1982-09-05,232708.0
1982-09-12,232757.25
1982-09-19,232806.5
1982-09-26,232855.75
1982-10-03,232905.0
1982-10-10,232939.4
1982-10-17,232973.8
1982-10-24,233008.2
1982-10-31,233042.6
1982-11-07,233077.0
1982-11-14,233118.0
1982-11-21,233159.0
1982-11-28,233200.0
1982-12-05,233241.0
1982-12-12,233280.25
1982-12-19,233319.5
1982-12-26,233358.75
1983-01-02,233398.0
1983-01-09,233427.0
1983-01-16,233456.0
1983-01-23,233485.0
1983-01-30,233514.0
1983-02-06,233543.0
1983-02-13,233581.5
1983-02-20,233620.0
1983-02-27,233658.5
1983-03-06,233697.0
1983-03-13,233735.75
1983-03-20,233774.5
1983-03-27,233813.25
1983-04-03,233852.0
1983-04-10,233894.0
1983-04-17,233936.0
1983-04-24,233978.0
1983-05-01,234020.0
1983-05-08,234058.6
1983-05-15,234097.2
1983-05-22,234135.8
1983-05-29,234174.4
1983-06-05,234213.0
1983-06-12,234260.75
1983-06-19,234308.5
1983-06-26,234356.25
1983-07-03,234404.0
1983-07-10,234443.4
1983-07-17,234482.8
1983-07-24,234522.2
1983-07-31,234561.6
1983-08-07,234601.0
1983-08-14,234651.75
1983-08-21,234702.5
1983-08-28,234753.25
1983-09-04,234804.0
1983-09-11,234851.25
1983-09-18,234898.5
1983-09-25,234945.75
1983-10-02,234993.0
1983-10-09,235025.8
1983-10-16,235058.6
1983-10-23,235091.4
1983-10-30,235124.2
1983-11-06,235157.0
1983-11-13,235195.25
1983-11-20,235233.5
1983-11-27,235271.75
1983-12-04,235310.0
1983-12-11,235346.5
1983-12-18,235383.0
1983-12-25,235419.5
1984-01-01,235456.0
1984-01-08,235485.0
1984-01-15,235514.0
1984-01-22,235543.0
1984-01-29,235572.0
1984-02-05,235601.0
1984-02-12,235640.0
1984-02-19,235679.0
1984-02-26,235718.0
1984-03-04,235757.0
1984-03-11,235796.75
1984-03-18,235836.5
1984-03-25,235876.25
1984-04-01,235916.0
1984-04-08,235948.2
1984-04-15,235980.4
1984-04-22,236012.6
1984-04-29,236044.8
1984-05-06,236077.0
1984-05-13,236121.25
1984-05-20,236165.5
1984-05-27,236209.75
1984-06-03,236254.0
1984-06-10,236302.75
1984-06-17,236351.5
1984-06-24,236400.25
1984-07-01,236449.0
1984-07-08,236490.2
1984-07-15,236531.4
1984-07-22,236572.6
1984-07-29,236613.8
1984-08-05,236655.0
1984-08-12,236708.25
1984-08-19,236761.5
1984-08-26,236814.75
1984-09-02,236868.0
1984-09-09,236908.0
1984-09-16,236948.0
1984-09-23,236988.0
1984-09-30,237028.0
1984-10-07,237068.0
1984-10-14,237110.5
1984-10-21,237153.0
1984-10-28,237195.5
1984-11-04,237238.0
1984-11-11,237276.5
1984-11-18,237315.0
1984-11-25,237353.5
1984-12-02,237392.0
1984-12-09,237420.6
1984-12-16,237449.2
1984-12-23,237477.8
1984-12-30,237506.4
1985-01-06,237535.0
1985-01-13,237568.0
1985-01-20,237601.0
1985-01-27,237634.0
1985-02-03,237667.0
1985-02-10,237704.25
1985-02-17,237741.5
1985-02-24,237778.75
1985-03-03,237816.0
1985-03-10,237850.2
1985-03-17,237884.4
1985-03-24,237918.6
1985-03-31,237952.8
1985-04-07,237987.0
1985-04-14,238033.25
1985-04-21,238079.5
1985-04-28,238125.75
1985-05-05,238172.0
1985-05-12,238221.0
1985-05-19,238270.0
1985-05-26,238319.0
1985-06-02,238368.0
1985-06-09,238409.0
1985-06-16,238450.0
1985-06-23,238491.0
1985-06-30,238532.0
1985-07-07,238573.0
1985-07-14,238627.0
1985-07-21,238681.0
1985-07-28,238735.0
1985-08-04,238789.0
1985-08-11,238843.25
1985-08-18,238897.5
1985-08-25,238951.75
1985-09-01,239006.0
1985-09-08,239046.8
1985-09-15,239087.6
1985-09-22,239128.4
1985-09-29,239169.2
1985-10-06,239210.0
1985-10-13,239255.5
1985-10-20,239301.0
1985-10-27,239346.5
1985-11-03,239392.0
1985-11-10,239433.5
1985-11-17,239475.0
1985-11-24,239516.5
1985-12-01,239558.0
1985-12-08,239589.0
1985-12-15,239620.0
1985-12-22,239651.0
1985-12-29,239682.0
1986-01-05,239713.0
1986-01-12,239749.25
1986-01-19,239785.5
1986-01-26,239821.75
1986-02-02,239858.0
1986-02-09,239896.25
1986-02-16,239934.5
1986-02-23,239972.75
1986-03-02,240011.0
1986-03-09,240045.4
1986-03-16,240079.8
1986-03-23,240114.2
1986-03-30,240148.6
1986-04-06,240183.0
1986-04-13,240228.5
1986-04-20,240274.0
1986-04-27,240319.5
1986-05-04,240365.0
1986-05-11,240412.5
1986-05-18,240460.0
1986-05-25,240507.5
1986-06-01,240555.0
1986-06-08,240594.6
1986-06-15,240634.2
1986-06-22,240673.8
1986-06-29,240713.4
1986-07-06,240753.0
1986-07-13,240805.0
1986-07-20,240857.0
1986-07-27,240909.0
1986-08-03,240961.0
1986-08-10,241003.0
1986-08-17,241045.0
1986-08-24,241087.0
1986-08-31,241129.0
1986-09-07,241171.0
1986-09-14,241221.0
1986-09-21,241271.0
1986-09-28,241321.0
1986-10-05,241371.0
1986-10-12,241414.25
1986-10-19,241457.5
1986-10-26,241500.75
1986-11-02,241544.0
1986-11-09,241575.6
1986-11-16,241607.2
1986-11-23,241638.8
1986-11-30,241670.4
1986-12-07,241702.0
1986-12-14,241740.75
1986-12-21,241779.5
1986-12-28,241818.25
1987-01-04,241857.0
1987-01-11,241894.0
1987-01-18,241931.0
1987-01-25,241968.0
1987-02-01,242005.0
1987-02-08,242045.25
1987-02-15,242085.5
1987-02-22,242125.75
1987-03-01,242166.0
1987-03-08,242200.4
1987-03-15,242234.8
1987-03-22,242269.2
1987-03-29,242303.6
1987-04-05,242338.0
1987-04-12,242382.5
1987-04-19,242427.0
1987-04-26,242471.5
1987-05-03,242516.0
1987-05-10,242554.0
1987-05-17,242592.0
1987-05-24,242630.0
1987-05-31,242668.0
1987-06-07,242706.0
1987-06-14,242756.5
1987-06-21,242807.0
1987-06-28,242857.5
1987-07-05,242908.0
1987-07-12,242960.5
1987-07-19,243013.0
1987-07-26,243065.5
1987-08-02,243118.0
1987-08-09,243161.4
1987-08-16,243204.8
1987-08-23,243248.2
1987-08-30,243291.6
1987-09-06,243335.0
1987-09-13,243387.0
1987-09-20,243439.0
1987-09-27,243491.0
1987-10-04,243543.0
1987-10-11,243588.25
1987-10-18,243633.5
1987-10-25,243678.75
1987-11-01,243724.0
1987-11-08,243758.2
1987-11-15,243792.4
1987-11-22,243826.6
1987-11-29,243860.8
1987-12-06,243895.0
1987-12-13,243935.25
1987-12-20,243975.5
1987-12-27,244015.75
1988-01-03,244056.0
1988-01-10,244085.8
1988-01-17,244115.6
1988-01-24,244145.4
1988-01-31,244175.2
1988-02-07,244205.0
1988-02-14,244244.25
1988-02-21,244283.5
1988-02-28,244322.75
1988-03-06,244362.0
1988-03-13,244403.5
1988-03-20,244445.0
1988-03-27,244486.5
1988-04-03,244528.0
1988-04-10,244573.0
1988-04-17,244618.0
1988-04-24,244663.0
1988-05-01,244708.0
1988-05-08,244749.2
1988-05-15,244790.4
1988-05-22,244831.6
1988-05-29,244872.8
1988-06-05,244914.0
1988-06-12,244968.25
1988-06-19,245022.5
1988-06-26,245076.75
1988-07-03,245131.0
1988-07-10,245175.2
1988-07-17,245219.4
1988-07-24,245263.6
1988-07-31,245307.8
1988-08-07,245352.0
1988-08-14,245408.75
1988-08-21,245465.5
1988-08-28,245522.25
1988-09-04,245579.0
1988-09-11,245631.5
1988-09-18,245684.0
1988-09-25,245736.5
1988-10-02,245789.0
1988-10-09,245825.2
1988-10-16,245861.4
1988-10-23,245897.6
1988-10-30,245933.8
1988-11-06,245970.0
1988-11-13,246012.5
1988-11-20,246055.0
1988-11-27,246097.5
1988-12-04,246140.0
1988-12-11,246180.25
1988-12-18,246220.5
1988-12-25,246260.75
1989-01-01,246301.0
1989-01-08,246331.6
1989-01-15,246362.2
1989-01-22,246392.8
1989-01-29,246423.4
1989-02-05,246454.0
1989-02-12,246497.0
1989-02-19,246540.0
1989-02-26,246583.0
1989-03-05,246626.0
1989-03-12,246673.0
1989-03-19,246720.0
1989-03-26,246767.0
1989-04-02,246814.0
1989-04-09,246853.2
1989-04-16,246892.4
1989-04-23,246931.6
1989-04-30,246970.8
1989-05-07,247010.0
1989-05-14,247064.5
1989-05-21,247119.0
1989-05-28,247173.5
1989-06-04,247228.0
1989-06-11,247285.5
1989-06-18,247343.0
1989-06-25,247400.5
1989-07-02,247458.0
1989-07-09,247505.4
1989-07-16,247552.8
1989-07-23,247600.2
1989-07-30,247647.6
1989-08-06,247695.0
1989-08-13,247756.75
1989-08-20,247818.5
1989-08-27,247880.25
1989-09-03,247942.0
1989-09-10,248000.0
1989-09-17,248058.0
1989-09-24,248116.0
1989-10-01,248174.0
1989-10-08,248215.2
1989-10-15,248256.4
1989-10-22,248297.6
1989-10-29,248338.8
1989-11-05,248380.0
1989-11-12,248427.25
1989-11-19,248474.5
1989-11-26,248521.75
1989-12-03,248569.0
1989-12-10,248603.8
1989-12-17,248638.6
1989-12-24,248673.4
1989-12-31,248708.2
1990-01-07,248743.0
1990-01-14,248787.25
1990-01-21,248831.5
1990-01-28,248875.75
1990-02-04,248920.0
1990-02-11,248976.5
1990-02-18,249033.0
1990-02-25,249089.5
1990-03-04,249146.0
1990-03-11,249218.5
1990-03-18,249291.0
1990-03-25,249363.5
1990-04-01,249436.0
1990-04-08,249490.2
1990-04-15,249544.4
1990-04-22,249598.6
1990-04-29,249652.8
1990-05-06,249707.0
1990-05-13,249777.75
1990-05-20,249848.5
1990-05-27,249919.25
1990-06-03,249990.0
1990-06-10,250063.75
1990-06-17,250137.5
1990-06-24,250211.25
1990-07-01,250285.0
1990-07-08,250347.0
1990-07-15,250409.0
1990-07-22,250471.0
1990-07-29,250533.0
1990-08-05,250595.0
1990-08-12,250672.25
1990-08-19,250749.5
1990-08-26,250826.75
1990-09-02,250904.0
1990-09-09,250963.4
1990-09-16,251022.8
1990-09-23,251082.2
1990-09-30,251141.6
1990-10-07,251201.0
1990-10-14,251272.25
1990-10-21,251343.5
1990-10-28,251414.75
1990-11-04,251486.0
1990-11-11,251554.0
1990-11-18,251622.0
1990-11-25,251690.0
1990-12-02,251758.0
1990-12-09,251808.8
1990-12-16,251859.6
1990-12-23,251910.4
1990-12-30,251961.2
1991-01-06,252012.0
1991-01-13,252072.25
1991-01-20,252132.5
1991-01-27,252192.75
1991-02-03,252253.0
1991-02-10,252316.5
1991-02-17,252380.0
1991-02-24,252443.5
1991-03-03,252507.0
1991-03-10,252561.2
1991-03-17,252615.4
1991-03-24,252669.6
1991-03-31,252723.8
1991-04-07,252778.0
1991-04-14,252848.5
1991-04-21,252919.0
1991-04-28,252989.5
1991-05-05,253060.0
1991-05-12,253132.5
1991-05-19,253205.0
1991-05-26,253277.5
1991-06-02,253350.0
1991-06-09,253410.0
1991-06-16,253470.0
1991-06-23,253530.0
1991-06-30,253590.0
1991-07-07,253650.0
1991-07-14,253729.0
1991-07-21,253808.0
1991-07-28,253887.0
1991-08-04,253966.0
1991-08-11,254044.5
1991-08-18,254123.0
1991-08-25,254201.5
1991-09-01,254280.0
1991-09-08,254339.2
1991-09-15,254398.4
1991-09-22,254457.6
1991-09-29,254516.8
1991-10-06,254576.0
1991-10-13,254642.25
1991-10-20,254708.5
1991-10-27,254774.75
1991-11-03,254841.0
1991-11-10,254903.0
1991-11-17,254965.0
1991-11-24,255027.0
1991-12-01,255089.0
1991-12-08,255137.4
1991-12-15,255185.8
1991-12-22,255234.2
1991-12-29,255282.6
1992-01-05,255331.0
1992-01-12,255392.25
1992-01-19,255453.5
1992-01-26,255514.75
1992-02-02,255576.0
1992-02-09,255644.0
1992-02-16,255712.0
1992-02-23,255780.0
1992-03-01,255848.0
1992-03-08,255906.2
1992-03-15,255964.4
1992-03-22,256022.6
1992-03-29,256080.8
1992-04-05,256139.0
1992-04-12,256213.5
1992-04-19,256288.0
1992-04-26,256362.5
1992-05-03,256437.0
1992-05-10,256498.0
1992-05-17,256559.0
1992-05-24,256620.0
1992-05-31,256681.0
1992-06-07,256742.0
1992-06-14,256822.25
1992-06-21,256902.5
1992-06-28,256982.75
1992-07-05,257063.0
1992-07-12,257144.75
1992-07-19,257226.5
1992-07-26,257308.25
1992-08-02,257390.0
1992-08-09,257452.8
1992-08-16,257515.6
1992-08-23,257578.4
1992-08-30,257641.2
1992-09-06,257704.0
1992-09-13,257779.0
1992-09-20,257854.0
1992-09-27,257929.0
1992-10-04,258004.0
1992-10-11,258073.0
1992-10-18,258142.0
1992-10-25,258211.0
1992-11-01,258280.0
1992-11-08,258333.2
1992-11-15,258386.4
1992-11-22,258439.6
1992-11-29,258492.8
1992-12-06,258546.0
1992-12-13,258609.25
1992-12-20,258672.5
1992-12-27,258735.75
1993-01-03,258799.0
1993-01-10,258846.4
1993-01-17,258893.8
1993-01-24,258941.2
1993-01-31,258988.6
1993-02-07,259036.0
1993-02-14,259097.75
1993-02-21,259159.5
1993-02-28,259221.25
1993-03-07,259283.0
1993-03-14,259349.0
1993-03-21,259415.0
1993-03-28,259481.0
1993-04-04,259547.0
1993-04-11,259615.75
1993-04-18,259684.5
1993-04-25,259753.25
1993-05-02,259822.0
1993-05-09,259879.4
1993-05-16,259936.8
1993-05-23,259994.2
1993-05-30,260051.6
1993-06-06,260109.0
1993-06-13,260184.5
1993-06-20,260260.0
1993-06-27,260335.5
1993-07-04,260411.0
1993-07-11,260487.5
1993-07-18,260564.0
1993-07-25,260640.5
1993-08-01,260717.0
1993-08-08,260776.6
1993-08-15,260836.2
1993-08-22,260895.8
1993-08-29,260955.4
1993-09-05,261015.0
1993-09-12,261084.75
1993-09-19,261154.5
1993-09-26,261224.25
1993-10-03,261294.0
1993-10-10,261345.2
1993-10-17,261396.4
1993-10-24,261447.6
1993-10-31,261498.8
1993-11-07,261550.0
1993-11-14,261611.5
1993-11-21,261673.0
1993-11-28,261734.5
1993-12-05,261796.0
1993-12-12,261852.25
1993-12-19,261908.5
1993-12-26,261964.75
1994-01-02,262021.0
1994-01-09,262064.2
1994-01-16,262107.4
1994-01-23,262150.6
1994-01-30,262193.8
1994-02-06,262237.0
1994-02-13,262300.5
1994-02-20,262364.0
1994-02-27,262427.5
1994-03-06,262491.0
1994-03-13,262556.75
1994-03-20,262622.5
1994-03-27,262688.25
1994-04-03,262754.0
1994-04-10,262819.0
1994-04-17,262884.0
1994-04-24,262949.0
1994-05-01,263014.0
1994-05-08,263070.0
1994-05-15,263126.0
1994-05-22,263182.0
1994-05-29,263238.0
1994-06-05,263294.0
1994-06-12,263365.5
1994-06-19,263437.0
1994-06-26,263508.5
1994-07-03,263580.0
1994-07-10,263638.2
1994-07-17,263696.4
1994-07-24,263754.6
1994-07-31,263812.8
1994-08-07,263871.0
1994-08-14,263943.0
1994-08-21,264015.0
1994-08-28,264087.0
1994-09-04,264159.0
1994-09-11,264226.75
1994-09-18,264294.5
1994-09-25,264362.25
1994-10-02,264430.0
1994-10-09,264480.2
1994-10-16,264530.4
1994-10-23,264580.6
1994-10-30,264630.8
1994-11-06,264681.0
1994-11-13,264741.75
1994-11-20,264802.5
1994-11-27,264863.25
1994-12-04,264924.0
1994-12-11,264982.25
1994-12-18,265040.5
1994-12-25,265098.75
1995-01-01,265157.0
1995-01-08,265202.2
1995-01-15,265247.4
1995-01-22,265292.6
1995-01-29,265337.8
1995-02-05,265383.0
1995-02-12,265443.5
1995-02-19,265504.0
1995-02-26,265564.5
1995-03-05,265625.0
1995-03-12,265688.0
1995-03-19,265751.0
1995-03-26,265814.0
1995-04-02,265877.0
1995-04-09,265928.4
1995-04-16,265979.8
1995-04-23,266031.2
1995-04-30,266082.6
1995-05-07,266134.0
1995-05-14,266204.0
1995-05-21,266274.0
1995-05-28,266344.0
1995-06-04,266414.0
1995-06-11,266485.5
1995-06-18,266557.0
1995-06-25,266628.5
1995-07-02,266700.0
1995-07-09,266759.6
1995-07-16,266819.2
1995-07-23,266878.8
1995-07-30,266938.4
1995-08-06,266998.0
1995-08-13,267074.5
1995-08-20,267151.0
1995-08-27,267227.5
1995-09-03,267304.0
1995-09-10,267374.25
1995-09-17,267444.5
1995-09-24,267514.75
1995-10-01,267585.0
1995-10-08,267633.8
1995-10-15,267682.6
1995-10-22,267731.4
1995-10-29,267780.2
1995-11-05,267829.0
1995-11-12,267883.5
1995-11-19,267938.0
1995-11-26,267992.5
1995-12-03,268047.0
1995-12-10,268089.2
1995-12-17,268131.4
1995-12-24,268173.6
1995-12-31,268215.8
1996-01-07,268258.0
1996-01-14,268313.5
1996-01-21,268369.0
1996-01-28,268424.5
1996-02-04,268480.0
1996-02-11,268541.0
1996-02-18,268602.0
1996-02-25,268663.0
1996-03-03,268724.0
1996-03-10,268775.2
1996-03-17,268826.4
1996-03-24,268877.6
1996-03-31,268928.8
1996-04-07,268980.0
1996-04-14,269046.75
1996-04-21,269113.5
1996-04-28,269180.25
1996-05-05,269247.0
1996-05-12,269317.0
1996-05-19,269387.0
1996-05-26,269457.0
1996-06-02,269527.0
1996-06-09,269586.0
1996-06-16,269645.0
1996-06-23,269704.0
1996-06-30,269763.0
1996-07-07,269822.0
1996-07-14,269899.0
1996-07-21,269976.0
1996-07-28,270053.0
1996-08-04,270130.0
1996-08-11,270205.75
1996-08-18,270281.5
1996-08-25,270357.25
1996-09-01,270433.0
1996-09-08,270492.4
1996-09-15,270551.8
1996-09-22,270611.2
1996-09-29,270670.6
1996-10-06,270730.0
1996-10-13,270798.0
1996-10-20,270866.0
1996-10-27,270934.0
1996-11-03,271002.0
1996-11-10,271062.25
1996-11-17,271122.5
1996-11-24,271182.75
1996-12-01,271243.0
1996-12-08,271288.8
1996-12-15,271334.6
1996-12-22,271380.4
1996-12-29,271426.2
1997-01-05,271472.0
1997-01-12,271529.75
1997-01-19,271587.5
1997-01-26,271645.25
1997-02-02,271703.0
1997-02-09,271765.25
1997-02-16,271827.5
1997-02-23,271889.75
1997-03-02,271952.0
1997-03-09,272004.2
1997-03-16,272056.4
1997-03-23,272108.6
1997-03-30,272160.8
1997-04-06,272213.0
1997-04-13,272280.25
1997-04-20,272347.5
1997-04-27,272414.75
1997-05-04,272482.0
1997-05-11,272553.25
1997-05-18,272624.5
1997-05-25,272695.75
1997-06-01,272767.0
1997-06-08,272828.4
1997-06-15,272889.8
1997-06-22,272951.2
1997-06-29,273012.6
1997-07-06,273074.0
1997-07-13,273154.25
1997-07-20,273234.5
1997-07-27,273314.75
1997-08-03,273395.0
1997-08-10,273456.6
1997-08-17,273518.2
1997-08-24,273579.8
1997-08-31,273641.4
1997-09-07,273703.0
1997-09-14,273774.5
1997-09-21,273846.0
1997-09-28,273917.5
1997-10-05,273989.0
1997-10-12,274054.0
1997-10-19,274119.0
1997-10-26,274184.0
1997-11-02,274249.0
1997-11-09,274299.0
1997-11-16,274349.0
1997-11-23,274399.0
1997-11-30,274449.0
1997-12-07,274499.0
1997-12-14,274557.25
1997-12-21,274615.5
1997-12-28,274673.75
1998-01-04,274732.0
1998-01-11,274784.75
1998-01-18,274837.5
1998-01-25,274890.25
1998-02-01,274943.0
1998-02-08,275001.0
1998-02-15,275059.0
1998-02-22,275117.0
1998-03-01,275175.0
1998-03-08,275226.8
1998-03-15,275278.6
1998-03-22,275330.4
1998-03-29,275382.2
1998-04-05,275434.0
1998-04-12,275500.5
1998-04-19,275567.0
1998-04-26,275633.5
1998-05-03,275700.0
1998-05-10,275755.2
1998-05-17,275810.4
1998-05-24,275865.6
1998-05-31,275920.8
1998-06-07,275976.0
1998-06-14,276048.5
1998-06-21,276121.0
1998-06-28,276193.5
1998-07-05,276266.0
1998-07-12,276341.0
1998-07-19,276416.0
1998-07-26,276491.0
1998-08-02,276566.0
1998-08-09,276624.6
1998-08-16,276683.2
1998-08-23,276741.8
1998-08-30,276800.4
1998-09-06,276859.0
1998-09-13,276929.25
1998-09-20,276999.5
1998-09-27,277069.75
1998-10-04,277140.0
1998-10-11,277205.5
1998-10-18,277271.0
1998-10-25,277336.5
1998-11-01,277402.0
1998-11-08,277453.2
1998-11-15,277504.4
1998-11-22,277555.6
1998-11-29,277606.8
1998-12-06,277658.0
1998-12-13,277716.25
1998-12-20,277774.5
1998-12-27,277832.75
1999-01-03,277891.0
1999-01-10,277931.8
1999-01-17,277972.6
1999-01-24,278013.4
1999-01-31,278054.2
1999-02-07,278095.0
1999-02-14,278152.25
1999-02-21,278209.5
1999-02-28,278266.75
1999-03-07,278324.0
1999-03-14,278389.0
1999-03-21,278454.0
1999-03-28,278519.0
1999-04-04,278584.0
1999-04-11,278652.75
1999-04-18,278721.5
1999-04-25,278790.25
1999-05-02,278859.0
1999-05-09,278916.8
1999-05-16,278974.6
1999-05-23,279032.4
1999-05-30,279090.2
1999-06-06,279148.0
1999-06-13,279223.0
1999-06-20,279298.0
1999-06-27,279373.0
1999-07-04,279448.0
1999-07-11,279524.0
1999-07-18,279600.0
1999-07-25,279676.0
1999-08-01,279752.0
1999-08-08,279812.2
1999-08-15,279872.4
1999-08-22,279932.6
1999-08-29,279992.8
1999-09-05,280053.0
1999-09-12,280124.0
1999-09-19,280195.0
1999-09-26,280266.0
1999-10-03,280337.0
1999-10-10,280388.4
1999-10-17,280439.8
1999-10-24,280491.2
1999-10-31,280542.6
1999-11-07,280594.0
1999-11-14,280657.0
1999-11-21,280720.0
1999-11-28,280783.0
1999-12-05,280846.0
1999-12-12,280905.25
1999-12-19,280964.5
1999-12-26,281023.75
2000-01-02,281083.0
2000-01-09,281126.2
2000-01-16,281169.4
2000-01-23,281212.6
2000-01-30,281255.8
2000-02-06,281299.0
2000-02-13,281357.0
2000-02-20,281415.0
2000-02-27,281473.0
2000-03-05,281531.0
2000-03-12,281589.0
2000-03-19,281647.0
2000-03-26,281705.0
2000-04-02,281763.0
2000-04-09,281809.6
2000-04-16,281856.2
2000-04-23,281902.8
2000-04-30,281949.4
2000-05-07,281996.0
2000-05-14,282058.75
2000-05-21,282121.5
2000-05-28,282184.25
2000-06-04,282247.0
2000-06-11,282311.25
2000-06-18,282375.5
2000-06-25,282439.75
2000-07-02,282504.0
2000-07-09,282557.0
2000-07-16,282610.0
2000-07-23,282663.0
2000-07-30,282716.0
2000-08-06,282769.0
2000-08-13,282835.0
2000-08-20,282901.0
2000-08-27,282967.0
2000-09-03,283033.0
2000-09-10,283096.0
2000-09-17,283159.0
2000-09-24,283222.0
2000-10-01,283285.0
2000-10-08,283332.6
2000-10-15,283380.2
2000-10-22,283427.8
2000-10-29,283475.4
2000-11-05,283523.0
2000-11-12,283579.25
2000-11-19,283635.5
2000-11-26,283691.75
2000-12-03,283748.0
2000-12-10,283790.4
2000-12-17,283832.8
2000-12-24,283875.2
2000-12-31,283917.6
2001-01-07,283960.0
2001-01-14,284011.5
2001-01-21,284063.0
2001-01-28,284114.5
2001-02-04,284166.0
2001-02-11,284219.5
2001-02-18,284273.0
2001-02-25,284326.5
2001-03-04,284380.0
2001-03-11,284435.5
2001-03-18,284491.0
2001-03-25,284546.5
2001-04-01,284602.0
2001-04-08,284648.4
2001-04-15,284694.8
2001-04-22,284741.2
2001-04-29,284787.6
2001-05-06,284834.0
2001-05-13,284894.5
2001-05-20,284955.0
2001-05-27,285015.5
2001-06-03,285076.0
2001-06-10,285138.0
2001-06-17,285200.0
2001-06-24,285262.0
2001-07-01,285324.0
2001-07-08,285376.0
2001-07-15,285428.0
2001-07-22,285480.0
2001-07-29,285532.0
2001-08-05,285584.0
2001-08-12,285648.5
2001-08-19,285713.0
2001-08-26,285777.5
2001-09-02,285842.0
2001-09-09,285890.8
2001-09-16,285939.6
2001-09-23,285988.4
2001-09-30,286037.2
2001-10-07,286086.0
2001-10-14,286143.25
2001-10-21,286200.5
2001-10-28,286257.75
2001-11-04,286315.0
2001-11-11,286369.5
2001-11-18,286424.0
2001-11-25,286478.5
2001-12-02,286533.0
2001-12-09,286574.2
2001-12-16,286615.4
2001-12-23,286656.6
2001-12-30,286697.8
2002-01-06,286739.0
2002-01-13,286788.0
2002-01-20,286837.0
2002-01-27,286886.0
2002-02-03,286935.0
2002-02-10,286984.0
2002-02-17,287033.0
2002-02-24,287082.0
2002-03-03,287131.0
2002-03-10,287173.4
2002-03-17,287215.8
2002-03-24,287258.2
2002-03-31,287300.6
2002-04-07,287343.0
2002-04-14,287400.0
2002-04-21,287457.0
2002-04-28,287514.0
2002-05-05,287571.0
2002-05-12,287630.25
2002-05-19,287689.5
2002-05-26,287748.75
2002-06-02,287808.0
2002-06-09,287856.6
2002-06-16,287905.2
2002-06-23,287953.8
2002-06-30,288002.4
2002-07-07,288051.0
2002-07-14,288114.0
2002-07-21,288177.0
2002-07-28,288240.0
2002-08-04,288303.0
2002-08-11,288365.75
2002-08-18,288428.5
2002-08-25,288491.25
2002-09-01,288554.0
2002-09-08,288602.0
2002-09-15,288650.0
2002-09-22,288698.0
2002-09-29,288746.0
2002-10-06,288794.0
2002-10-13,288848.5
2002-10-20,288903.0
2002-10-27,288957.5
2002-11-03,289012.0
2002-11-10,289062.5
2002-11-17,289113.0
2002-11-24,289163.5
2002-12-01,289214.0
2002-12-08,289253.6
2002-12-15,289293.2
2002-12-22,289332.8
2002-12-29,289372.4
2003-01-05,289412.0
2003-01-12,289460.5
2003-01-19,289509.0
2003-01-26,289557.5
2003-02-02,289606.0
2003-02-09,289656.75
2003-02-16,289707.5
2003-02-23,289758.25
2003-03-02,289809.0
2003-03-09,289852.0
2003-03-16,289895.0
2003-03-23,289938.0
2003-03-30,289981.0
2003-04-06,290024.0
2003-04-13,290080.5
2003-04-20,290137.0
2003-04-27,290193.5
2003-05-04,290250.0
2003-05-11,290308.5
2003-05-18,290367.0
2003-05-25,290425.5
2003-06-01,290484.0
2003-06-08,290532.4
2003-06-15,290580.8
2003-06-22,290629.2
2003-06-29,290677.6
2003-07-06,290726.0
2003-07-13,290788.0
2003-07-20,290850.0
2003-07-27,290912.0
2003-08-03,290974.0
2003-08-10,291023.6
2003-08-17,291073.2
2003-08-24,291122.8
2003-08-31,291172.4
2003-09-07,291222.0
2003-09-14,291282.25
2003-09-21,291342.5
2003-09-28,291402.75
2003-10-05,291463.0
2003-10-12,291516.5
2003-10-19,291570.0
2003-10-26,291623.5
2003-11-02,291677.0
2003-11-09,291715.2
2003-11-16,291753.4
2003-11-23,291791.6
2003-11-30,291829.8
2003-12-07,291868.0
2003-12-14,291912.5
2003-12-21,291957.0
2003-12-28,292001.5
2004-01-04,292046.0
2004-01-11,292092.0
2004-01-18,292138.0
2004-01-25,292184.0
2004-02-01,292230.0
2004-02-08,292270.8
2004-02-15,292311.6
2004-02-22,292352.4
2004-02-29,292393.2
2004-03-07,292434.0
2004-03-14,292488.25
2004-03-21,292542.5
2004-03-28,292596.75
2004-04-04,292651.0
2004-04-11,292706.25
2004-04-18,292761.5
2004-04-25,292816.75
2004-05-02,292872.0
2004-05-09,292918.2
2004-05-16,292964.4
2004-05-23,293010.6
2004-05-30,293056.8
2004-06-06,293103.0
2004-06-13,293164.75
2004-06-20,293226.5
2004-06-27,293288.25
2004-07-04,293350.0
2004-07-11,293413.25
2004-07-18,293476.5
2004-07-25,293539.75
2004-08-01,293603.0
2004-08-08,293653.8
2004-08-15,293704.6
2004-08-22,293755.4
2004-08-29,293806.2
2004-09-05,293857.0
2004-09-12,293918.75
2004-09-19,293980.5
2004-09-26,294042.25
2004-10-03,294104.0
2004-10-10,294150.6
2004-10-17,294197.2
2004-10-24,294243.8
2004-10-31,294290.4
2004-11-07,294337.0
2004-11-14,294393.0
2004-11-21,294449.0
2004-11-28,294505.0
2004-12-05,294561.0
2004-12-12,294612.75
2004-12-19,294664.5
2004-12-26,294716.25
2005-01-02,294768.0
2005-01-09,294805.4
2005-01-16,294842.8
2005-01-23,294880.2
2005-01-30,294917.6
2005-02-06,294955.0
2005-02-13,295003.5
2005-02-20,295052.0
2005-02-27,295100.5
2005-03-06,295149.0
2005-03-13,295201.5
2005-03-20,295254.0
2005-03-27,295306.5
2005-04-03,295359.0
2005-04-10,295414.75
2005-04-17,295470.5
2005-04-24,295526.25
2005-05-01,295582.0
2005-05-08,295630.4
2005-05-15,295678.8
2005-05-22,295727.2
2005-05-29,295775.6
2005-06-05,295824.0
2005-06-12,295887.25
2005-06-19,295950.5
2005-06-26,296013.75
2005-07-03,296077.0
2005-07-10,296129.2
2005-07-17,296181.4
2005-07-24,296233.6
2005-07-31,296285.8
2005-08-07,296338.0
2005-08-14,296405.0
2005-08-21,296472.0
2005-08-28,296539.0
2005-09-04,296606.0
2005-09-11,296668.75
2005-09-18,296731.5
2005-09-25,296794.25
2005-10-02,296857.0
2005-10-09,296903.4
2005-10-16,296949.8
2005-10-23,296996.2
2005-10-30,297042.6
2005-11-06,297089.0
2005-11-13,297144.5
2005-11-20,297200.0
2005-11-27,297255.5
2005-12-04,297311.0
2005-12-11,297364.75
2005-12-18,297418.5
2005-12-25,297472.25
2006-01-01,297526.0
2006-01-08,297567.6
2006-01-15,297609.2
2006-01-22,297650.8
2006-01-29,297692.4
2006-02-05,297734.0
2006-02-12,297788.0
2006-02-19,297842.0
2006-02-26,297896.0
2006-03-05,297950.0
2006-03-12,298005.0
2006-03-19,298060.0
2006-03-26,298115.0
2006-04-02,298170.0
2006-04-09,298216.2
2006-04-16,298262.4
2006-04-23,298308.6
2006-04-30,298354.8
2006-05-07,298401.0
2006-05-14,298464.0
2006-05-21,298527.0
2006-05-28,298590.0
2006-06-04,298653.0
2006-06-11,298717.25
2006-06-18,298781.5
2006-06-25,298845.75
2006-07-02,298910.0
2006-07-09,298963.6
2006-07-16,299017.2
2006-07-23,299070.8
2006-07-30,299124.4
2006-08-06,299178.0
2006-08-13,299246.5
2006-08-20,299315.0
2006-08-27,299383.5
2006-09-03,299452.0
2006-09-10,299516.5
2006-09-17,299581.0
2006-09-24,299645.5
2006-10-01,299710.0
2006-10-08,299758.0
2006-10-15,299806.0
2006-10-22,299854.0
2006-10-29,299902.0
2006-11-05,299950.0
2006-11-12,300007.0
2006-11-19,300064.0
2006-11-26,300121.0
2006-12-03,300178.0
2006-12-10,300222.0
2006-12-17,300266.0
2006-12-24,300310.0
2006-12-31,300354.0
2007-01-07,300398.0
2007-01-14,300450.5
2007-01-21,300503.0
2007-01-28,300555.5
2007-02-04,300608.0
2007-02-11,300661.75
2007-02-18,300715.5
2007-02-25,300769.25
2007-03-04,300823.0
2007-03-11,300878.5
2007-03-18,300934.0
2007-03-25,300989.5
2007-04-01,301045.0
2007-04-08,301091.6
2007-04-15,301138.2
2007-04-22,301184.8
2007-04-29,301231.4
2007-05-06,301278.0
2007-05-13,301340.5
2007-05-20,301403.0
2007-05-27,301465.5
2007-06-03,301528.0
2007-06-10,301593.5
2007-06-17,301659.0
2007-06-24,301724.5
2007-07-01,301790.0
2007-07-08,301844.8
2007-07-15,301899.6
2007-07-22,301954.4
2007-07-29,302009.2
2007-08-05,302064.0
2007-08-12,302131.5
2007-08-19,302199.0
2007-08-26,302266.5
2007-09-02,302334.0
2007-09-09,302385.2
2007-09-16,302436.4
2007-09-23,302487.6
2007-09-30,302538.8
2007-10-07,302590.0
2007-10-14,302651.0
2007-10-21,302712.0
2007-10-28,302773.0
2007-11-04,302834.0
2007-11-11,302891.0
2007-11-18,302948.0
2007-11-25,303005.0
2007-12-02,303062.0
2007-12-09,303105.6
2007-12-16,303149.2
2007-12-23,303192.8
2007-12-30,303236.4
2008-01-06,303280.0
2008-01-13,303333.5
2008-01-20,303387.0
2008-01-27,303440.5
2008-02-03,303494.0
2008-02-10,303547.25
2008-02-17,303600.5
2008-02-24,303653.75
2008-03-02,303707.0
2008-03-09,303750.8
2008-03-16,303794.6
2008-03-23,303838.4
2008-03-30,303882.2
2008-04-06,303926.0
2008-04-13,303983.75
2008-04-20,304041.5
2008-04-27,304099.25
2008-05-04,304157.0
2008-05-11,304216.75
2008-05-18,304276.5
2008-05-25,304336.25
2008-06-01,304396.0
2008-06-08,304446.0
2008-06-15,304496.0
2008-06-22,304546.0
2008-06-29,304596.0
2008-07-06,304646.0
2008-07-13,304710.25
2008-07-20,304774.5
2008-07-27,304838.75
2008-08-03,304903.0
2008-08-10,304954.0
2008-08-17,305005.0
2008-08-24,305056.0
2008-08-31,305107.0
2008-09-07,305158.0
2008-09-14,305219.25
2008-09-21,305280.5
2008-09-28,305341.75
2008-10-05,305403.0
2008-10-12,305457.25
2008-10-19,305511.5
2008-10-26,305565.75
2008-11-02,305620.0
2008-11-09,305661.4
2008-11-16,305702.8
2008-11-23,305744.2
2008-11-30,305785.6
2008-12-07,305827.0
2008-12-14,305879.0
2008-12-21,305931.0
2008-12-28,305983.0
2009-01-04,306035.0
2009-01-11,306085.5
2009-01-18,306136.0
2009-01-25,306186.5
2009-02-01,306237.0
2009-02-08,306287.25
2009-02-15,306337.5
2009-02-22,306387.75
2009-03-01,306438.0
2009-03-08,306479.4
2009-03-15,306520.8
2009-03-22,306562.2
2009-03-29,306603.6
2009-04-05,306645.0
2009-04-12,306699.5
2009-04-19,306754.0
2009-04-26,306808.5
2009-05-03,306863.0
2009-05-10,306908.4
2009-05-17,306953.8
2009-05-24,306999.2
2009-05-31,307044.6
2009-06-07,307090.0
2009-06-14,307148.0
2009-06-21,307206.0
2009-06-28,307264.0
2009-07-05,307322.0
2009-07-12,307384.0
2009-07-19,307446.0
2009-07-26,307508.0
2009-08-02,307570.0
2009-08-09,307621.2
2009-08-16,307672.4
2009-08-23,307723.6
2009-08-30,307774.8
2009-09-06,307826.0
2009-09-13,307887.25
2009-09-20,307948.5
2009-09-27,308009.75
2009-10-04,308071.0
2009-10-11,308125.5
2009-10-18,308180.0
2009-10-25,308234.5
2009-11-01,308289.0
2009-11-08,308330.2
2009-11-15,308371.4
2009-11-22,308412.6
2009-11-29,308453.8
2009-12-06,308495.0
2009-12-13,308547.75
2009-12-20,308600.5
2009-12-27,308653.25
2010-01-03,308706.0
2010-01-10,308745.6
2010-01-17,308785.2
2010-01-24,308824.8
2010-01-31,308864.4
2010-02-07,308904.0
2010-02-14,308951.75
2010-02-21,308999.5
2010-02-28,309047.25
2010-03-07,309095.0
2010-03-14,309141.0
2010-03-21,309187.0
2010-03-28,309233.0
2010-04-04,309279.0
2010-04-11,309323.5
2010-04-18,309368.0
2010-04-25,309412.5
2010-05-02,309457.0
2010-05-09,309494.2
2010-05-16,309531.4
2010-05-23,309568.6
2010-05-30,309605.8
2010-06-06,309643.0
2010-06-13,309694.0
2010-06-20,309745.0
2010-06-27,309796.0
2010-07-04,309847.0
2010-07-11,309900.25
2010-07-18,309953.5
2010-07-25,310006.75
2010-08-01,310060.0
2010-08-08,310104.0
2010-08-15,310148.0
2010-08-22,310192.0
2010-08-29,310236.0
2010-09-05,310280.0
2010-09-12,310332.0
2010-09-19,310384.0
2010-09-26,310436.0
2010-10-03,310488.0
2010-10-10,310525.8
2010-10-17,310563.6
2010-10-24,310601.4
2010-10-31,310639.2
2010-11-07,310677.0
2010-11-14,310722.25
2010-11-21,310767.5
2010-11-28,310812.75
2010-12-05,310858.0
2010-12-12,310899.25
2010-12-19,310940.5
2010-12-26,310981.75
2011-01-02,311023.0
2011-01-09,311053.0
2011-01-16,311083.0
2011-01-23,311113.0
2011-01-30,311143.0
2011-02-06,311173.0
2011-02-13,311213.0
2011-02-20,311253.0
2011-02-27,311293.0
2011-03-06,311333.0
2011-03-13,311375.25
2011-03-20,311417.5
2011-03-27,311459.75
2011-04-03,311502.0
2011-04-10,311546.0
2011-04-17,311590.0
2011-04-24,311634.0
2011-05-01,311678.0
2011-05-08,311716.8
2011-05-15,311755.6
2011-05-22,311794.4
2011-05-29,311833.2
2011-06-05,311872.0
2011-06-12,311923.25
2011-06-19,311974.5
2011-06-26,312025.75
2011-07-03,312077.0
2011-07-10,312120.0
2011-07-17,312163.0
2011-07-24,312206.0
2011-07-31,312249.0
2011-08-07,312292.0
2011-08-14,312346.25
2011-08-21,312400.5
2011-08-28,312454.75
2011-09-04,312509.0
2011-09-11,312558.75
2011-09-18,312608.5
2011-09-25,312658.25
2011-10-02,312708.0
2011-10-09,312744.2
2011-10-16,312780.4
2011-10-23,312816.6
2011-10-30,312852.8
2011-11-06,312889.0
2011-11-13,312932.75
2011-11-20,312976.5
2011-11-27,313020.25
2011-12-04,313064.0
2011-12-11,313104.75
2011-12-18,313145.5
2011-12-25,313186.25
2012-01-01,313227.0
2012-01-08,313258.2
2012-01-15,313289.4
2012-01-22,313320.6
2012-01-29,313351.8
2012-02-05,313383.0
2012-02-12,313423.75
2012-02-19,313464.5
2012-02-26,313505.25
2012-03-04,313546.0
2012-03-11,313587.0
2012-03-18,313628.0
2012-03-25,313669.0
2012-04-01,313710.0
2012-04-08,313744.6
2012-04-15,313779.2
2012-04-22,313813.8
2012-04-29,313848.4
2012-05-06,313883.0
2012-05-13,313930.25
2012-05-20,313977.5
2012-05-27,314024.75
2012-06-03,314072.0
2012-06-10,314122.0
2012-06-17,314172.0
2012-06-24,314222.0
2012-07-01,314272.0
2012-07-08,314315.4
2012-07-15,314358.8
2012-07-22,314402.2
2012-07-29,314445.6
2012-08-05,314489.0
2012-08-12,314542.5
2012-08-19,314596.0
2012-08-26,314649.5
2012-09-02,314703.0
2012-09-09,314743.4
2012-09-16,314783.8
2012-09-23,314824.2
2012-09-30,314864.6
2012-10-07,314905.0
2012-10-14,314951.75
2012-10-21,314998.5
2012-10-28,315045.25
2012-11-04,315092.0
2012-11-11,315133.5
2012-11-18,315175.0
2012-11-25,315216.5
2012-12-02,315258.0
2012-12-09,315286.4
2012-12-16,315314.8
2012-12-23,315343.2
2012-12-30,315371.6
2013-01-06,315400.0
2013-01-13,315433.75
2013-01-20,315467.5
2013-01-27,315501.25
2013-02-03,315535.0
2013-02-10,315571.75
2013-02-17,315608.5
2013-02-24,315645.25
2013-03-03,315682.0
2013-03-10,315713.8
2013-03-17,315745.6
2013-03-24,315777.4
2013-03-31,315809.2
2013-04-07,315841.0
2013-04-14,315884.75
2013-04-21,315928.5
2013-04-28,315972.25
2013-05-05,316016.0
2013-05-12,316062.5
2013-05-19,316109.0
2013-05-26,316155.5
2013-06-02,316202.0
2013-06-09,316242.6
2013-06-16,316283.2
2013-06-23,316323.8
2013-06-30,316364.4
2013-07-07,316405.0
2013-07-14,316460.5
2013-07-21,316516.0
2013-07-28,316571.5
2013-08-04,316627.0
2013-08-11,316681.75
2013-08-18,316736.5
2013-08-25,316791.25
2013-09-01,316846.0
2013-09-08,316887.8
2013-09-15,316929.6
2013-09-22,316971.4
2013-09-29,317013.2
2013-10-06,317055.0
2013-10-13,317103.25
2013-10-20,317151.5
2013-10-27,317199.75
2013-11-03,317248.0
2013-11-10,317293.25
2013-11-17,317338.5
2013-11-24,317383.75
2013-12-01,317429.0
2013-12-08,317462.8
2013-12-15,317496.6
2013-12-22,317530.4
2013-12-29,317564.2
2014-01-05,317598.0
2014-01-12,317638.0
2014-01-19,317678.0
2014-01-26,317718.0
2014-02-02,317758.0
2014-02-09,317799.5
2014-02-16,317841.0
2014-02-23,317882.5
2014-03-02,317924.0
2014-03-09,317958.8
2014-03-16,317993.6
2014-03-23,318028.4
2014-03-30,318063.2
2014-04-06,318098.0
2014-04-13,318144.5
2014-04-20,318191.0
2014-04-27,318237.5
2014-05-04,318284.0
2014-05-11,318332.75
2014-05-18,318381.5
2014-05-25,318430.25
2014-06-01,318479.0
2014-06-08,318521.6
2014-06-15,318564.2
2014-06-22,318606.8
2014-06-29,318649.4
2014-07-06,318692.0
2014-07-13,318749.25
2014-07-20,318806.5
2014-07-27,318863.75
2014-08-03,318921.0
2014-08-10,318966.6
2014-08-17,319012.2
2014-08-24,319057.8
2014-08-31,319103.4
2014-09-07,319149.0
2014-09-14,319203.5
2014-09-21,319258.0
2014-09-28,319312.5
2014-10-05,319367.0
2014-10-12,319415.5
2014-10-19,319464.0
2014-10-26,319512.5
2014-11-02,319561.0
2014-11-09,319597.2
2014-11-16,319633.4
2014-11-23,319669.6
2014-11-30,319705.8
2014-12-07,319742.0
2014-12-14,319782.5
2014-12-21,319823.0
2014-12-28,319863.5
2015-01-04,319904.0
2015-01-11,319941.25
2015-01-18,319978.5
2015-01-25,320015.75
2015-02-01,320053.0
2015-02-08,320093.5
2015-02-15,320134.0
2015-02-22,320174.5
2015-03-01,320215.0
2015-03-08,320250.0
2015-03-15,320285.0
2015-03-22,320320.0
2015-03-29,320355.0
2015-04-05,320390.0
2015-04-12,320436.0
2015-04-19,320482.0
2015-04-26,320528.0
2015-05-03,320574.0
2015-05-10,320613.0
2015-05-17,320652.0
2015-05-24,320691.0
2015-05-31,320730.0
2015-06-07,320769.0
2015-06-14,320822.25
2015-06-21,320875.5
2015-06-28,320928.75
2015-07-05,320982.0
2015-07-12,321037.75
2015-07-19,321093.5
2015-07-26,321149.25
2015-08-02,321205.0
2015-08-09,321249.6
2015-08-16,321294.2
2015-08-23,321338.8
2015-08-30,321383.4
2015-09-06,321428.0
2015-09-13,321481.25
2015-09-20,321534.5
2015-09-27,321587.75
2015-10-04,321641.0
2015-10-11,321689.25
2015-10-18,321737.5
2015-10-25,321785.75
2015-11-01,321834.0
2015-11-08,321871.2
2015-11-15,321908.4
2015-11-22,321945.6
2015-11-29,321982.8
2015-12-06,322020.0
2015-12-13,322064.0
2015-12-20,322108.0
2015-12-27,322152.0
2016-01-03,322196.0
2016-01-10,322227.4
2016-01-17,322258.8
2016-01-24,322290.2
2016-01-31,322321.6
2016-02-07,322353.0
2016-02-14,322393.0
2016-02-21,322433.0
2016-02-28,322473.0
2016-03-06,322513.0
2016-03-13,322556.0
2016-03-20,322599.0
2016-03-27,322642.0
2016-04-03,322685.0
2016-04-10,322730.5
2016-04-17,322776.0
2016-04-24,322821.5
2016-05-01,322867.0
2016-05-08,322905.8
2016-05-15,322944.6
2016-05-22,322983.4
2016-05-29,323022.2
2016-06-05,323061.0
2016-06-12,323112.0
2016-06-19,323163.0
2016-06-26,323214.0
2016-07-03,323265.0
2016-07-10,323306.6
2016-07-17,323348.2
2016-07-24,323389.8
2016-07-31,323431.4
2016-08-07,323473.0
2016-08-14,323524.75
2016-08-21,323576.5
2016-08-28,323628.25
2016-09-04,323680.0
2016-09-11,323729.0
2016-09-18,323778.0
2016-09-25,323827.0
2016-10-02,323876.0
2016-10-09,323911.2
2016-10-16,323946.4
2016-10-23,323981.6
2016-10-30,324016.8
2016-11-06,324052.0
2016-11-13,324093.0
2016-11-20,324134.0
2016-11-27,324175.0
2016-12-04,324216.0
2016-12-11,324252.5
2016-12-18,324289.0
2016-12-25,324325.5
2017-01-01,324362.0
2017-01-08,324388.4
2017-01-15,324414.8
2017-01-22,324441.2
2017-01-29,324467.6
2017-02-05,324494.0
2017-02-12,324528.5
2017-02-19,324563.0
2017-02-26,324597.5
2017-03-05,324632.0
2017-03-12,324669.75
2017-03-19,324707.5
2017-03-26,324745.25
2017-04-02,324783.0
2017-04-09,324815.2
2017-04-16,324847.4
2017-04-23,324879.6
2017-04-30,324911.8
2017-05-07,324944.0
2017-05-14,324987.25
2017-05-21,325030.5
2017-05-28,325073.75
2017-06-04,325117.0
2017-06-11,325161.75
2017-06-18,325206.5
2017-06-25,325251.25
2017-07-02,325296.0
2017-07-09,325332.0
2017-07-16,325368.0
2017-07-23,325404.0
2017-07-30,325440.0
2017-08-06,325476.0
2017-08-13,325520.25
2017-08-20,325564.5
2017-08-27,325608.75
2017-09-03,325653.0
2017-09-10,325694.75
2017-09-17,325736.5
2017-09-24,325778.25
2017-10-01,325820.0
2017-10-08,325849.6
2017-10-15,325879.2
2017-10-22,325908.8
2017-10-29,325938.4
2017-11-05,325968.0
2017-11-12,326001.0
2017-11-19,326034.0
2017-11-26,326067.0
2017-12-03,326100.0
2017-12-10,326123.2
2017-12-17,326146.4
2017-12-24,326169.6
2017-12-31,326192.8
2018-01-07,326216.0
2018-01-14,326242.75
2018-01-21,326269.5
2018-01-28,326296.25
2018-02-04,326323.0
2018-02-11,326351.5
2018-02-18,326380.0
2018-02-25,326408.5
2018-03-04,326437.0
2018-03-11,326468.5
2018-03-18,326500.0
2018-03-25,326531.5
2018-04-01,326563.0
2018-04-08,326590.2
2018-04-15,326617.4
2018-04-22,326644.6
2018-04-29,326671.8
2018-05-06,326699.0
2018-05-13,326736.0
2018-05-20,326773.0
2018-05-27,326810.0
2018-06-03,326847.0
2018-06-10,326886.5
2018-06-17,326926.0
2018-06-24,326965.5
2018-07-01,327005.0
2018-07-08,327037.4
2018-07-15,327069.8
2018-07-22,327102.2
2018-07-29,327134.6
2018-08-05,327167.0
2018-08-12,327207.25
2018-08-19,327247.5
2018-08-26,327287.75
2018-09-02,327328.0
2018-09-09,327357.8
2018-09-16,327387.6
2018-09-23,327417.4
2018-09-30,327447.2
2018-10-07,327477.0
2018-10-14,327509.5
2018-10-21,327542.0
2018-10-28,327574.5
2018-11-04,327607.0
2018-11-11,327635.75
2018-11-18,327664.5
2018-11-25,327693.25
2018-12-02,327722.0
2018-12-09,327742.4
2018-12-16,327762.8
2018-12-23,327783.2
2018-12-30,327803.6
2019-01-06,327824.0
2019-01-13,327848.25
2019-01-20,327872.5
2019-01-27,327896.75
2019-02-03,327921.0
2019-02-10,327947.0
2019-02-17,327973.0
2019-02-24,327999.0
2019-03-03,328025.0
2019-03-10,328048.0
2019-03-17,328071.0
2019-03-24,328094.0
2019-03-31,328117.0
2019-04-07,328140.0
2019-04-14,328171.75
2019-04-21,328203.5
2019-04-28,328235.25
2019-05-05,328267.0
2019-05-12,328301.25
2019-05-19,328335.5
2019-05-26,328369.75
2019-06-02,328404.0
2019-06-09,328435.4
2019-06-16,328466.8
2019-06-23,328498.2
2019-06-30,328529.6
2019-07-07,328561.0
2019-07-14,328603.25
2019-07-21,328645.5
2019-07-28,328687.75
2019-08-04,328730.0
2019-08-11,328771.75
2019-08-18,328813.5
2019-08-25,328855.25
2019-09-01,328897.0
2019-09-08,328928.4
2019-09-15,328959.8
2019-09-22,328991.2
2019-09-29,329022.6
2019-10-06,329054.0
2019-10-13,329088.25
2019-10-20,329122.5
2019-10-27,329156.75
2019-11-03,329191.0
2019-11-10,329221.75
2019-11-17,329252.5
2019-11-24,329283.25
2019-12-01,329314.0
2019-12-08,329335.8
2019-12-15,329357.6
2019-12-22,329379.4
2019-12-29,329401.2
2020-01-05,329423.0
2020-01-12,329449.0
2020-01-19,329475.0
2020-01-26,329501.0
2020-02-02,329527.0
2020-02-09,329554.75
2020-02-16,329582.5
2020-02-23,329610.25
2020-03-01,329638.0
2020-03-08,329662.4
2020-03-15,329686.8
2020-03-22,329711.2
2020-03-29,329735.6
2020-04-05,329760.0
2020-04-12,329793.5
2020-04-19,329827.0
2020-04-26,329860.5
2020-05-03,329894.0
2020-05-10,329922.8
2020-05-17,329951.6
2020-05-24,329980.4
2020-05-31,330009.2
2020-06-07,330038.0
2020-06-14,330078.25
2020-06-21,330118.5
2020-06-28,330158.75
2020-07-05,330199.0
2020-07-12,330241.25
2020-07-19,330283.5
2020-07-26,330325.75
2020-08-02,330368.0
2020-08-09,330401.4
2020-08-16,330434.8
2020-08-23,330468.2
2020-08-30,330501.6
2020-09-06,330535.0
2020-09-13,330574.25
2020-09-20,330613.5
2020-09-27,330652.75
2020-10-04,330692.0
2020-10-11,330726.25
2020-10-18,330760.5
2020-10-25,330794.75
