Date,Open,High,Low,Close,Volume
01/27/2021,419.62,420.14,418.52,418.52,0
01/22/2021,407.34,418.17,405.72,418.17,0
01/15/2021,393.79,403.41,393.79,403.41,0
01/08/2021,383.28,393.99,383.28,393.99,0
12/31/2020,395.14,395.14,390.61,392.58,0
12/24/2020,391.3,392.41,387.2,392.41,0
12/18/2020,386.01,391.98,385.24,391.98,0
12/11/2020,378.92,386.52,378.07,386.52,0
12/04/2020,385.24,388.82,383.62,383.62,0
11/27/2020,385.32,389.68,385.32,386.52,0
11/20/2020,382.34,387.63,377.22,377.65,0
11/13/2020,386.09,391.81,383.02,383.02,0
11/06/2020,370.48,373.21,368,373.21,0
10/30/2020,352.9,369.62,352.9,369.62,0
10/23/2020,358.87,359.9,353.16,353.5,0
10/16/2020,378.24,379.61,370.73,370.73,0
10/09/2020,381.4,386.01,381.4,384.3,0
10/02/2020,381.06,386.09,379.18,379.18,0
09/25/2020,377.47,383.19,376.02,380.2,0
09/18/2020,381.23,382.08,379.95,381.74,0
09/11/2020,363.98,372.1,363.41,372.1,0
09/04/2020,359.39,359.98,354.69,356.48,0
08/28/2020,368.34,371.25,358.02,358.02,0
08/21/2020,375,378.24,370.48,370.48,0
08/14/2020,365.7,376.19,365.7,376.19,0
08/07/2020,369.54,369.54,363.31,363.31,0
07/31/2020,354.35,368.17,354.35,368.17,0
07/24/2020,363.05,363.05,357,358.7,0
07/17/2020,352.53,364.76,351.88,364.76,0
07/10/2020,341.64,350.67,341.3,350.67,0
07/02/2020,329.27,339.25,328.58,339.25,0
06/26/2020,324.66,331.74,324.66,327.73,0
06/19/2020,327.65,330.55,325.6,325.6,0
06/12/2020,328.75,333.79,325.34,325.34,0
06/05/2020,337.8,337.8,328.24,328.24,0
05/29/2020,338.74,345.31,338.74,339.93,0
05/22/2020,337.37,338.14,332.17,332.17,0
05/15/2020,322.47,337.83,322.47,333.87,0
05/08/2020,300.6,330.61,295.14,330.61,0
05/01/2020,286.86,297.78,286.86,297.78,0
04/24/2020,290.44,290.44,282,282,0
04/17/2020,277.73,295.14,277.73,294.54,0
04/09/2020,274.06,295.82,274.06,287.97,0
04/03/2020,304.01,314.25,275.94,275.94,0
03/27/2020,315.79,331.14,305.2,305.2,0
03/20/2020,295.46,310.82,293.26,305.55,0
03/13/2020,343.17,347.76,310.29,310.29,0
03/06/2020,375.94,379.78,357.01,357.01,0
02/28/2020,393.34,393.34,367.15,367.15,0
02/21/2020,411.6,412.29,403.58,403.58,0
02/14/2020,405.03,410.67,399.91,410.67,0
02/06/2020,412.03,412.03,406.74,408.7,0
01/31/2020,413.99,413.99,408.45,408.45,0
01/24/2020,434.22,434.22,423.81,424.23,0
01/17/2020,434.57,436.43,431.48,434.3,0
01/10/2020,434.39,435.97,431.71,435.97,0
01/03/2020,431.48,431.48,425.68,425.68,0
12/27/2019,428.92,432.76,428.92,432.42,0
12/20/2019,434.3,434.3,428.75,429.35,0
12/13/2019,425.77,435.32,425.17,435.32,0
12/06/2019,429.35,429.35,423.81,426.54,0
11/29/2019,427.13,432.42,427.13,430.72,0
11/22/2019,426.96,428.24,422.7,422.7,0
11/15/2019,421.01,426.54,421.01,426.54,0
11/08/2019,409.81,414.88,406.14,414.88,0
11/01/2019,397.95,407.94,397.95,407.94,0
10/25/2019,388.65,396.16,388.05,396.16,0
10/18/2019,387.2,388.65,387.2,387.8,0
10/11/2019,379.52,382.76,378.33,382.76,0
10/04/2019,376.45,378.24,374.83,378.07,0
09/27/2019,367.83,377.39,366.64,377.39,0
09/20/2019,355.03,362.29,355.03,358.87,0
09/13/2019,324.9,356.23,324.9,356.23,0
09/06/2019,338.82,338.82,323.81,323.81,0
08/30/2019,344.71,344.71,337.63,337.63,0
08/23/2019,335.24,345.05,335.24,339.25,0
08/16/2019,354.1,354.1,334.64,334.64,0
08/09/2019,366.55,366.55,362.54,364.33,0
08/02/2019,373.55,373.55,367.41,368,0
07/26/2019,372.53,375.09,372.53,375.09,0
07/19/2019,374.66,374.66,369.45,370.31,0
07/12/2019,363.14,375.34,363.14,375.34,0
07/05/2019,355.29,365.19,355.29,365.19,0
06/28/2019,349.57,359.64,349.57,356.14,0
06/21/2019,360.49,360.49,348.89,348.89,0
06/14/2019,362.8,364.59,355.89,355.89,0
06/07/2019,350.85,357.68,350.85,352.56,0
05/31/2019,367.83,368.09,351.79,351.79,0
05/24/2019,370.39,370.39,368.43,368.43,0
05/17/2019,364.93,371.76,364.25,371.76,0
05/10/2019,383.19,383.19,373.17,374.1,0
05/03/2019,391.81,391.81,387.12,387.12,0
04/26/2019,414.93,414.93,392.66,392.66,0
04/18/2019,414.59,418.69,414.59,418.69,0
04/12/2019,411.52,414.51,409.39,414.51,0
04/05/2019,407.76,414.93,406.14,410.75,0
03/29/2019,413.4,413.4,406.14,406.14,0
03/22/2019,418.34,422.87,418.34,421.5,0
03/15/2019,422.35,422.35,407.25,416.13,0
03/08/2019,438.05,439.93,430.67,430.67,0
03/01/2019,441.04,443.43,441.04,442.15,0
02/22/2019,438.4,440.96,438.4,439.85,0
02/15/2019,437.88,437.88,433.36,434.04,0
02/08/2019,433.45,436.6,432.85,436.6,0
02/01/2019,434.73,437.03,430.97,430.97,0
01/25/2019,430.29,432.94,430.29,432.94,0
01/18/2019,432.34,435.92,432.34,434.73,0
01/11/2019,420.48,430.36,420.48,430.36,0
01/04/2019,422.78,422.78,416.13,416.13,0
12/28/2018,419.03,423.81,418.94,423.81,0
12/21/2018,414.85,418.77,414.85,418.77,0
12/14/2018,413.65,419.45,413.65,417.75,0
12/07/2018,410.15,415.7,410.15,414.76,0
11/30/2018,411.77,411.77,410.49,411.26,0
11/23/2018,409.56,412.71,408.62,412.71,0
11/16/2018,400.63,408.62,400.63,408.62,0
11/09/2018,393.6,402.32,393.6,397.64,0
11/02/2018,400.17,400.17,398.63,399.57,0
10/26/2018,402.99,404.1,399.57,404.1,0
10/19/2018,402.64,402.64,398.55,398.55,0
10/12/2018,403.58,403.58,396.5,396.5,0
10/05/2018,405.97,407.76,403.24,403.24,0
09/28/2018,399.32,405.63,399.32,405.63,0
09/21/2018,403.07,404.27,402.39,404.27,0
09/14/2018,378.86,400,378.86,400,0
09/07/2018,375,375.26,371.67,375.26,0
08/31/2018,373.04,373.04,370.14,371.25,0
08/24/2018,376.96,377.05,364.16,364.16,0
08/17/2018,369.11,378.41,369.11,378.41,0
08/10/2018,380.72,380.72,372.18,372.87,0
08/03/2018,374.74,382.25,373.04,382.25,0
07/27/2018,377.47,378.07,373.29,377.05,0
07/20/2018,370.82,377.64,370.31,376.28,0
07/13/2018,363.91,366.47,359.35,366.47,0
07/06/2018,364.85,364.85,363.05,363.05,0
06/29/2018,351.19,364.25,349.57,364.25,0
06/22/2018,358.96,363.99,358.96,361.43,0
06/15/2018,355.55,357.59,347.7,357.59,0
06/08/2018,349.66,361.01,349.66,361.01,0
06/01/2018,346.25,356.48,346.25,353.67,0
05/25/2018,343.43,350.85,343.43,349.15,0
05/18/2018,347.78,347.78,335.24,335.24,0
05/11/2018,358.23,360.31,355.96,356.4,0
05/04/2018,362.12,363.57,357.85,361.95,0
04/27/2018,357.94,365.19,356.14,365.19,0
04/20/2018,355.55,359.3,351.54,354.01,0
04/13/2018,349.83,353.92,346.67,353.75,0
04/06/2018,344.54,358.53,340.02,349.23,0
03/29/2018,359.39,360.32,350.09,350.09,0
03/23/2018,375.94,375.94,362.46,362.46,0
03/16/2018,392.25,392.25,381.4,381.4,0
03/09/2018,420.56,420.56,402.15,402.15,0
03/02/2018,423.21,424.06,416.98,416.98,0
02/23/2018,435.92,435.92,426.11,426.11,0
02/16/2018,426.62,435.67,425.85,435.67,0
02/09/2018,428.24,428.24,421.93,421.93,0
02/02/2018,426.62,430.46,419.54,430.46,0
01/26/2018,423.12,427.13,418.43,425.34,0
01/19/2018,410.84,421.42,410.84,418.86,0
01/12/2018,401.5,407.68,401.5,407.68,0
01/05/2018,420.99,420.99,407,407,0
12/29/2017,414.59,417.24,412.97,414.85,0
12/22/2017,411.6,411.6,404.69,404.69,0
12/15/2017,401.79,413.05,401.79,413.05,0
12/08/2017,413.57,413.57,403.75,403.75,0
12/01/2017,430.2,432.08,416.3,416.3,0
11/24/2017,419.88,428.24,419.88,425.17,0
11/17/2017,431.4,431.4,425.51,425.51,0
11/10/2017,427.73,430.39,427.25,428.38,0
11/03/2017,421.16,434.47,421.16,434.47,0
10/27/2017,398.46,412.37,398.46,412.37,0
10/20/2017,398.72,398.72,395.82,397.95,0
10/13/2017,399.06,405.46,399.06,399.74,0
10/06/2017,387.12,399.06,387.12,399.06,0
09/29/2017,390.53,393.34,387.29,393.34,0
09/22/2017,385.49,400.77,385.49,400.77,0
09/15/2017,373.62,385.07,373.52,385.07,0
09/08/2017,356.4,370.07,356.4,370.07,0
09/01/2017,369.88,369.88,358.87,358.87,0
08/25/2017,361.26,367.66,361.26,364.93,0
08/18/2017,363.82,372.18,361.43,361.43,0
08/11/2017,379.27,379.27,363.82,366.55,0
08/04/2017,382.08,391.89,382.08,389.42,0
07/28/2017,390.44,390.44,383.7,383.7,0
07/21/2017,404.86,405.72,398.89,400.68,0
07/14/2017,388.21,404.69,388.21,404.69,0
07/07/2017,395.05,395.05,387.54,391.72,0
06/30/2017,403.67,403.67,392.58,396.93,0
06/23/2017,396.25,396.25,390.02,393.43,0
06/16/2017,414.85,414.85,401.02,403.33,0
06/09/2017,430.72,430.72,421.84,422.7,0
06/02/2017,409.04,430.2,409.04,430.2,0
05/26/2017,416.47,416.47,405.97,405.97,0
05/19/2017,405.46,413.14,403.58,413.14,0
05/12/2017,429.91,429.91,408.45,415.61,0
05/05/2017,423.63,448.12,423.63,437.88,0
04/28/2017,391.98,423.29,391.98,423.29,0
04/21/2017,394.45,398.29,394.45,398.29,0
04/13/2017,383.28,391.47,383.28,391.47,0
04/07/2017,377.82,381.57,373.04,381.57,0
03/31/2017,380.38,381.74,378.41,378.41,0
03/24/2017,374.74,388.31,374.74,385.15,0
03/17/2017,368.94,374.32,364.85,374.32,0
03/10/2017,394.37,394.37,373.79,373.79,0
03/03/2017,394.2,402.47,394.2,395.82,0
02/24/2017,393.52,397.7,392.32,392.32,0
02/17/2017,384.04,392.24,384.04,392.24,0
02/10/2017,394.62,397.61,386.18,386.18,0
02/03/2017,391.89,394.62,388.05,394.62,0
01/27/2017,406.74,406.74,400.43,400.43,0
01/20/2017,406.14,409.13,406.06,406.06,0
01/13/2017,397.32,407.35,397.32,402.47,0
01/06/2017,392.06,394.8,391.89,391.89,0
12/30/2016,395.9,402.56,395.9,396.08,0
12/23/2016,395.65,398.63,394.2,396.93,0
12/16/2016,385.49,393.69,385.49,393.69,0
12/09/2016,371.93,379.01,371.93,377.22,0
12/02/2016,378.92,382.08,371.59,371.59,0
11/25/2016,373.98,382.94,373.98,382.94,0
11/18/2016,363.57,371.5,363.57,371.5,0
11/11/2016,347.71,362.8,347.71,362.8,0
11/04/2016,352.65,360.15,350.6,350.6,0
10/28/2016,355.8,358.87,354.61,356.14,0
10/21/2016,337.88,347.7,331.48,347.7,0
10/14/2016,341.47,341.47,328.24,332.59,0
10/07/2016,341.21,351.88,341.21,351.71,0
09/30/2016,362.2,362.2,341.72,341.72,0
09/23/2016,366.38,369.8,364.68,364.68,0
09/16/2016,362.85,368.77,360.39,368.77,0
09/09/2016,341.38,357,341.38,357,0
09/02/2016,358.62,366.81,346.76,346.76,0
08/26/2016,376.62,376.62,362.97,362.97,0
08/19/2016,388.99,388.99,376.28,376.28,0
08/12/2016,391.3,392.49,390.87,390.87,0
08/05/2016,389.33,394.28,389.33,394.28,0
07/29/2016,379.1,385.84,379.1,381.31,0
07/22/2016,377.56,377.56,360.75,368.86,0
07/15/2016,373.19,382.51,371.67,374.91,0
07/08/2016,387.88,387.88,381.57,383.09,0
07/01/2016,382.34,391.89,382.34,385.58,0
06/24/2016,376.28,388.57,376.28,378.41,0
06/17/2016,390.27,392.49,384.13,384.13,0
06/10/2016,397.78,405.63,395.9,400.51,0
06/03/2016,402.9,402.9,400.85,402.05,0
05/27/2016,390.61,397.35,386.26,397.35,0
05/20/2016,407.76,409.39,400.85,400.85,0
05/13/2016,415.73,415.73,405.2,405.2,0
05/06/2016,395.22,410.1,395.22,410.1,0
04/29/2016,397.95,405.29,391.81,392.24,0
04/22/2016,406.74,406.74,391.3,391.3,0
04/15/2016,420.56,420.56,415.44,416.98,0
04/08/2016,422.1,423.29,412.12,423.29,0
04/01/2016,428.41,428.41,420.05,421.76,0
03/24/2016,436.35,436.35,426.96,427.9,0
03/18/2016,439.68,446.25,439.68,440.61,0
03/11/2016,457.25,457.25,438.74,438.74,0
03/04/2016,467.49,467.92,462.29,465.36,0
02/26/2016,459.47,468.77,459.47,467.58,0
02/19/2016,450.94,458.62,450.94,457.17,0
02/12/2016,448.46,449.83,440.7,440.7,0
02/05/2016,458.79,463.31,458.7,458.7,0
01/29/2016,451.28,461.6,451.28,457.34,0
01/22/2016,444.2,454.18,437.46,454.18,0
01/15/2016,452.41,453.38,438.57,438.57,0
01/08/2016,465.61,466.81,454.15,454.15,0
12/31/2015,464.68,466.89,462.46,466.89,0
12/24/2015,443.77,467.66,443.77,467.66,0
12/18/2015,424.57,428.41,418.17,428.41,0
12/11/2015,433.96,433.96,423.72,430.89,0
12/04/2015,451.71,459.47,441.04,441.04,0
11/27/2015,458.02,458.02,452.22,456.83,0
11/20/2015,442.49,454.35,442.49,450.6,0
11/13/2015,451.77,461.52,442.06,452.73,0
11/06/2015,483.53,483.53,458.7,462.01,0
10/30/2015,484.64,490.1,479.86,483.7,0
10/23/2015,483.45,490.61,483.45,489.42,0
10/16/2015,469.54,475.85,466.04,475.85,0
10/09/2015,444.45,469.88,444.45,468.69,0
10/02/2015,468.09,468.09,443.69,448.38,0
09/25/2015,476.96,476.96,457.34,467.58,0
09/18/2015,488.65,488.65,472.27,472.27,0
09/11/2015,489.68,491.47,484.71,484.71,0
09/04/2015,488.74,488.74,479.44,479.44,0
08/28/2015,485.75,491.38,479.1,491.38,0
08/21/2015,504.1,504.1,490.96,490.96,0
08/14/2015,509.56,509.56,500.34,501.19,0
08/07/2015,505.46,508.02,505.46,506.91,0
07/31/2015,491.38,501.02,491.38,498.04,0
07/24/2015,508.62,508.62,491.89,491.89,0
07/17/2015,508.87,513.05,508.87,508.96,0
07/10/2015,513.65,515.61,509.37,509.37,0
07/02/2015,511.52,516.13,505.38,516.13,0
06/26/2015,518.43,518.43,506.91,506.91,0
06/19/2015,515.78,516.13,509.73,514.25,0
06/12/2015,517.41,523.98,514.68,514.68,0
06/05/2015,519.28,519.28,513.91,513.91,0
05/29/2015,514.08,521.33,514.08,516.3,0
05/22/2015,512.03,515.02,511.01,514.33,0
05/15/2015,509.83,519.03,509.83,514.68,0
05/08/2015,514.42,516.89,509.06,514.78,0
05/01/2015,512.88,515.78,509.13,509.13,0
04/24/2015,497.87,516.04,497.87,516.04,0
04/17/2015,508.36,518.77,508.36,508.53,0
04/10/2015,517.92,519.88,507.85,507.85,0
04/02/2015,522.1,523.46,519.54,523.46,0
03/27/2015,522.18,522.35,518.77,522.1,0
03/20/2015,494.8,513.57,494.8,513.57,0
03/13/2015,514.88,514.88,495.82,495.82,0
03/06/2015,523.72,525.77,515.53,522.66,0
02/27/2015,502.05,517.75,496.84,517.75,0
02/20/2015,514.42,520.9,506.91,506.91,0
02/13/2015,524.4,524.83,515.7,522.95,0
02/06/2015,510.58,515.44,505.2,515.44,0
01/30/2015,505.12,519.71,505.12,519.71,0
01/23/2015,515.61,518.34,507.85,507.85,0
01/16/2015,545.36,545.36,521.5,522.01,0
01/09/2015,567.32,567.32,547.32,547.32,0
01/02/2015,563.14,565.44,558.19,565.44,0
12/26/2014,548.89,554.52,548.04,554.52,0
12/19/2014,552.05,552.05,531.83,546.42,0
12/12/2014,552.47,556.48,552.47,553.5,0
12/05/2014,583.11,583.11,562.71,562.71,0
11/28/2014,580.29,583.7,577.56,577.56,0
11/21/2014,587.37,588.05,586.43,587.54,0
11/14/2014,572.3,584.56,572.3,584.56,0
11/07/2014,570.14,570.36,563.82,570.36,0
10/31/2014,572.78,572.78,566.72,566.72,0
10/24/2014,573.46,577.13,569.62,569.62,0
10/17/2014,568.94,568.94,554.52,563.31,0
10/10/2014,567.58,573.55,564.16,564.16,0
10/03/2014,561.35,568,557.94,566.13,0
09/26/2014,541.47,553.24,541.47,553.24,0
09/19/2014,542.75,546.07,541.64,541.64,0
09/12/2014,542.63,549.97,542.63,543.52,0
09/05/2014,520.22,545.22,520.22,545.22,0
08/29/2014,505.63,516.81,504.52,516.81,0
08/22/2014,507,507,496.25,501.71,0
08/15/2014,513.48,513.48,500.17,504.27,0
08/08/2014,533.19,533.19,511.95,511.95,0
08/01/2014,542.92,545.82,532.42,532.42,0
07/25/2014,529.86,545.39,529.86,545.39,0
07/18/2014,514.85,526.71,514.85,526.71,0
07/11/2014,528.84,528.84,510.9,515.85,0
07/03/2014,512.2,529.01,512.2,529.01,0
06/27/2014,501.45,521.33,501.45,515.78,0
06/20/2014,499.83,503.33,494.97,499.4,0
06/13/2014,488.99,500.43,485.32,500.43,0
06/06/2014,474.83,482.34,474.83,482.25,0
05/30/2014,466.72,475,466.72,473.04,0
05/23/2014,479.69,479.69,468,468,0
05/16/2014,470.96,472.35,470.39,472.27,0
05/09/2014,469.37,472.01,469.37,471.47,0
05/02/2014,466.98,475.26,466.98,471.16,0
04/25/2014,459.21,466.81,459.21,466.81,0
04/17/2014,463.82,463.82,458.62,458.62,0
04/11/2014,460.49,463.4,460.49,463.4,0
04/04/2014,469.28,469.28,460.07,460.07,0
03/28/2014,465.61,472.78,465.61,472.18,0
03/21/2014,470.9,472.18,464.59,464.59,0
03/14/2014,479.35,479.35,467.15,470.48,0
03/07/2014,491.89,497.01,483.87,483.87,0
02/28/2014,482,494.8,482,494.8,0
02/21/2014,485.07,485.07,482.76,482.76,0
02/14/2014,478.41,486.01,478.41,481.57,0
02/07/2014,475.77,479.18,474.06,479.18,0
01/31/2014,479.69,479.69,479.01,479.27,0
01/24/2014,478.58,483.96,478.16,478.16,0
01/17/2014,467.51,475.43,467.51,475.43,0
01/10/2014,466.98,467.12,465.96,467.12,0
01/03/2014,461.09,465.19,459.47,465.19,0
12/27/2013,457.17,460.58,456.4,460.58,0
12/20/2013,455.63,457,451.71,457,0
12/13/2013,454.1,454.27,452.73,453.41,0
12/06/2013,458.28,458.79,453.41,453.41,0
11/29/2013,450.26,458.19,450.26,458.19,0
11/22/2013,454.61,454.61,449.4,449.83,0
11/15/2013,456.4,460.07,456.4,460.07,0
11/08/2013,450.85,453.99,450.6,453.99,0
11/01/2013,456.66,458.28,450.77,450.77,0
10/25/2013,450.17,453.84,450.17,453.84,0
10/18/2013,454.44,454.78,449.74,450.6,0
10/11/2013,451.54,452.13,450.34,452.13,0
10/04/2013,450.43,451.96,449.74,451.96,0
09/27/2013,445.39,450.77,445.39,450.77,0
09/20/2013,441.04,442.83,439.08,442.83,0
09/13/2013,430.12,440.78,430.12,440.78,0
09/06/2013,430.72,430.72,427.39,428.92,0
08/30/2013,433.96,433.96,432.51,432.76,0
08/23/2013,437.12,437.37,432.42,432.42,0
08/16/2013,434.81,437.46,434.81,436.6,0
08/09/2013,425.09,433.7,425.09,433.02,0
08/02/2013,429.95,429.95,424.83,424.83,0
07/26/2013,428.67,429.69,428.33,429.52,0
07/19/2013,432.34,432.34,427.47,430.8,0
07/12/2013,419.44,430.29,419.44,430.29,0
07/05/2013,416.98,416.98,416.04,416.21,0
06/28/2013,413.57,419.54,413.4,416.47,0
06/21/2013,407,415.02,406.23,415.02,0
06/14/2013,404.18,408.53,403.84,403.84,0
06/07/2013,407.76,409.98,406.91,406.91,0
05/31/2013,407.59,411.09,406.31,411.09,0
05/24/2013,406.66,410.84,403.41,406.91,0
05/17/2013,412.54,412.54,404.61,404.61,0
05/10/2013,413.99,413.99,409.97,411.98,0
05/03/2013,418.26,422.01,415.78,415.78,0
04/26/2013,412.37,419.45,412.37,418.43,0
04/19/2013,408.96,415.78,408.96,413.99,0
04/12/2013,416.47,416.47,409.56,412.12,0
04/05/2013,423.55,423.55,414.68,414.68,0
03/28/2013,414.59,424.49,413.48,424.49,0
03/22/2013,414.25,416.38,412.88,413.57,0
03/15/2013,427.66,427.66,413.99,413.99,0
03/08/2013,444.88,444.88,429.62,429.62,0
03/01/2013,438.31,443.52,438.31,443.52,0
02/22/2013,442.15,442.15,436.26,437.63,0
02/15/2013,444.88,445.22,441.64,445.22,0
02/08/2013,451.45,451.54,444.11,444.11,0
02/01/2013,455.29,455.29,451.11,451.11,0
01/25/2013,445.31,446.25,444.88,446.25,0
01/18/2013,459.9,459.9,443.09,443.09,0
01/11/2013,453.92,456.52,453.92,456.52,0
01/04/2013,451.54,456.83,451.54,453.75,0
12/28/2012,454.69,456.57,454.1,455.89,0
12/21/2012,455.63,458.53,453.75,455.89,0
12/14/2012,444.62,452.56,444.62,452.56,0
12/07/2012,446.33,447.18,444.2,445.05,0
11/30/2012,451.88,451.88,445.05,445.05,0
11/23/2012,444.2,452.99,444.2,452.99,0
11/16/2012,438.74,443.77,438.74,443.77,0
11/09/2012,427.56,436.55,427.56,436.55,0
11/02/2012,429.78,429.78,427.73,428.07,0
10/26/2012,434.39,434.39,427.47,427.47,0
10/19/2012,429.95,437.03,429.95,434.39,0
10/12/2012,431.4,432.51,428.33,428.33,0
10/05/2012,430.46,431.31,429.01,430.72,0
09/28/2012,438.23,438.23,425.6,425.6,0
09/21/2012,437.88,440.61,437.37,438.48,0
09/14/2012,431.54,443.43,431.54,443.43,0
09/07/2012,430.63,431.66,430.2,431.66,0
08/31/2012,421.42,430.12,421.42,430.12,0
08/24/2012,428.24,428.24,424.74,424.74,0
08/17/2012,431.31,433.11,427.56,427.56,0
08/10/2012,424.4,429.27,423.81,428.41,0
08/03/2012,429.44,429.44,423.46,424.49,0
07/27/2012,421.5,427.56,419.54,427.56,0
07/20/2012,411.43,424.57,409.47,420.14,0
07/13/2012,409.42,414.51,409.42,414.51,0
07/06/2012,407.08,407.76,406.66,406.83,0
06/29/2012,395.48,411.09,394.11,411.09,0
06/22/2012,402.65,402.65,397.78,398.98,0
06/15/2012,410.58,410.58,398.12,398.12,0
06/08/2012,409.47,412.37,406.83,412.37,0
06/01/2012,408.19,408.19,402.47,408.19,0
05/25/2012,412.29,413.91,406.48,406.48,0
05/18/2012,404.27,416.13,404.27,416.13,0
05/11/2012,398.57,402.9,398.57,401.71,0
05/04/2012,389.59,395.48,385.24,393.77,0
04/27/2012,391.04,391.04,380.8,385.15,0
04/20/2012,396.42,397.87,391.89,394.03,0
04/13/2012,395.14,399.83,390.1,396.16,0
04/05/2012,398.63,398.63,392.92,395.31,0
03/30/2012,413.31,416.3,396.42,396.42,0
03/23/2012,416.89,416.98,413.31,413.31,0
03/16/2012,424.81,425.94,418.77,418.77,0
03/09/2012,438.23,438.23,425.15,425.15,0
03/02/2012,438.99,446.93,437.8,443.52,0
02/24/2012,447.53,447.61,441.98,441.98,0
02/17/2012,437.29,446.76,437.29,446.76,0
02/10/2012,435.15,439.59,432.76,432.76,0
02/03/2012,436.01,441.04,434.81,434.81,0
01/27/2012,437.46,440.87,437.03,438.4,0
01/20/2012,432.76,436.18,432.25,435.92,0
01/13/2012,412.39,431.4,412.39,431.4,0
01/06/2012,414.85,415.1,410.67,410.67,0
12/30/2011,420.48,420.48,414.51,414.51,0
12/23/2011,414.68,424.32,411.09,424.32,0
12/16/2011,404.95,406.66,404.44,404.44,0
12/09/2011,410.41,410.41,404.27,404.27,0
12/02/2011,418.26,422.27,417.92,420.65,0
11/25/2011,415.7,420.82,415.7,417.41,0
11/18/2011,417.15,424.23,415.61,415.61,0
11/11/2011,422.44,422.44,418.86,418.86,0
11/04/2011,404.78,424.91,404.78,424.91,0
10/28/2011,419.37,419.37,406.31,406.31,0
10/21/2011,422.01,422.01,415.7,416.89,0
10/14/2011,410.75,420.48,410.75,420.48,0
10/07/2011,420.9,420.9,414.85,415.87,0
09/30/2011,408.62,418.6,408.62,418.6,0
09/23/2011,402.56,406.83,395.48,398.38,0
09/16/2011,406.13,412.63,405.97,405.97,0
09/09/2011,399.23,405.7,399.23,403.99,0
09/02/2011,391.13,391.81,387.71,391.81,0
08/26/2011,394.88,394.88,388.82,393.17,0
08/19/2011,409.9,410.15,393.86,394.2,0
08/12/2011,401.37,411.09,400.85,411.09,0
08/05/2011,402.05,404.78,401.62,404.78,0
07/29/2011,392.15,400.43,392.15,400.43,0
07/22/2011,395.39,397.18,393.52,393.86,0
07/15/2011,399.59,404.78,398.81,398.81,0
07/08/2011,386.86,395.09,385.49,395.09,0
07/01/2011,380.12,385.15,378.41,385.15,0
06/24/2011,382.17,387.37,381.23,387.37,0
06/17/2011,355.03,376.11,355.03,376.11,0
06/10/2011,352.64,359.81,352.64,353.16,0
06/03/2011,359.64,359.64,353.84,358.7,0
05/27/2011,355.29,359.13,354.61,358.53,0
05/20/2011,374.57,374.57,365.53,365.53,0
05/13/2011,374.57,380.29,374.57,377.3,0
05/06/2011,382.08,382.08,374.57,376.09,0
04/29/2011,384.98,387.54,383.28,386.86,0
04/21/2011,395.22,399.91,393.26,393.26,0
04/15/2011,398.98,398.98,393.52,393.52,0
04/08/2011,412.63,412.63,399.15,399.15,0
04/01/2011,399.23,413.82,399.23,413.82,0
03/25/2011,387.97,401.88,386.86,401.88,0
03/18/2011,398.12,398.12,377.64,381.57,0
03/11/2011,388.5,400.96,388.5,399.15,0
03/04/2011,385.32,389.76,380.2,389.25,0
02/25/2011,387.88,389.42,387.88,389.42,0
02/18/2011,388.65,393,388.31,393,0
02/11/2011,381.4,385.92,379.69,384.64,0
02/04/2011,389.25,391.3,385.75,385.75,0
01/28/2011,381.14,384.9,379.35,384.9,0
01/21/2011,388.23,388.23,384.56,384.56,0
01/14/2011,371.16,390.61,371.16,388.23,0
01/07/2011,365.1,365.9,362.37,365.9,0
12/31/2010,368.43,369.8,366.3,369.8,0
12/23/2010,359.13,367.15,359.13,367.15,0
12/17/2010,358.19,358.19,353.33,356.66,0
12/10/2010,363.23,363.23,354.78,354.78,0
12/03/2010,361.01,364.42,361.01,363.05,0
11/26/2010,357,362.54,357,362.54,0
11/19/2010,350.94,358.45,348.46,358.45,0
11/12/2010,341.23,351.11,341.23,347.1,0
11/05/2010,334.98,335.84,333.28,335.84,0
10/29/2010,343.52,343.52,337.29,337.29,0
10/22/2010,343.77,347.1,343.77,347.1,0
10/15/2010,337.03,341.72,335.41,341.72,0
10/08/2010,332.08,337.46,331.31,337.46,0
10/01/2010,338.91,339.93,335.67,335.67,0
09/24/2010,343.34,343.34,334.9,334.9,0
09/17/2010,340.58,347.95,340.58,347.95,0
09/10/2010,328.84,337.35,328.84,337.35,0
09/03/2010,334.64,336.01,332,336.01,0
08/27/2010,340.44,340.44,334.81,334.81,0
08/20/2010,328.24,338.74,327.47,338.74,0
08/13/2010,325.85,325.85,324.49,324.49,0
08/06/2010,322.27,328.58,321.59,325.94,0
07/30/2010,320.05,322.87,319.03,322.87,0
07/23/2010,322.18,323.98,322.18,323.29,0
07/16/2010,310.14,319.54,310.14,319.54,0
07/09/2010,306.48,311.08,306.48,309.49,0
07/02/2010,306.06,307.25,302.9,305.38,0
06/25/2010,304.86,305.03,302.05,305.03,0
06/18/2010,300.77,304.35,300.77,301.02,0
06/11/2010,299.4,299.74,297.87,297.87,0
06/04/2010,305.89,309.73,302.47,302.47,0
05/28/2010,307.85,309.81,304.01,304.61,0
05/21/2010,311.26,312.37,308.79,309.3,0
05/14/2010,327.82,327.82,313.99,313.99,0
05/07/2010,326.02,330.03,326.02,326.14,0
04/30/2010,325.94,325.94,318.86,321.59,0
04/23/2010,322.53,326.28,322.53,323.63,0
04/16/2010,320.99,323.04,317.24,323.04,0
04/09/2010,321.5,323.38,319.37,323.38,0
04/01/2010,317.06,319.28,317.06,319.2,0
03/26/2010,321.08,321.08,312.54,312.54,0
03/19/2010,319.45,324.83,319.45,324.66,0
03/12/2010,318.87,318.87,313.82,316.72,0
03/05/2010,313.05,317.49,313.05,316.3,0
02/26/2010,318.17,318.17,313.14,313.74,0
02/19/2010,314.59,318.43,314.51,318.43,0
02/12/2010,309.9,312.46,309.81,309.81,0
02/05/2010,302.73,308.53,302.73,308.53,0
01/29/2010,307.76,307.76,303.67,305.03,0
01/22/2010,311.18,311.18,308.87,309.04,0
01/15/2010,295.97,309.04,295.97,308.96,0
01/08/2010,291.38,295.63,291.38,295.63,0
12/31/2009,291.38,294.11,290.27,294.11,0
12/24/2009,292.06,292.06,288.99,289.25,0
12/18/2009,286.52,289.85,286.52,289.59,0
12/11/2009,284.3,284.3,279.61,284.21,0
12/04/2009,292.58,292.58,282.94,283.96,0
11/27/2009,292.92,292.92,291.72,291.72,0
11/20/2009,290.53,292.32,290.02,291.55,0
11/13/2009,291.88,292.17,289.51,290.61,0
11/06/2009,294.28,294.71,290.97,290.97,0
10/30/2009,297.44,297.44,292.41,292.41,0
10/23/2009,295.05,298.29,294.03,298.29,0
10/16/2009,291.13,292.83,288.99,292.83,0
10/09/2009,286.35,289.93,285.15,289.93,0
10/02/2009,292.75,293.94,286.69,286.69,0
09/25/2009,288.48,292.66,287.88,291.3,0
09/18/2009,295.82,296.33,289.76,289.76,0
09/11/2009,297.12,298.63,296.88,296.88,0
09/04/2009,295.82,296.16,293.86,295.73,0
08/28/2009,303.07,303.07,295.9,295.9,0
08/21/2009,299.74,303.24,299.74,302.39,0
08/14/2009,301.45,302.22,299.23,302.22,0
08/07/2009,308.28,308.28,304.18,304.18,0
07/31/2009,307.85,309.13,304.61,307.85,0
07/24/2009,313.57,313.57,306.31,306.31,0
07/17/2009,304.28,313.82,304.28,313.82,0
07/10/2009,288.14,295.49,287.37,295.49,0
07/02/2009,291.47,292.66,289.68,289.68,0
06/26/2009,282.76,284.39,281.23,281.23,0
06/19/2009,275.85,280.29,274.32,280.29,0
06/12/2009,275.17,278.92,275.17,278.5,0
06/05/2009,278.67,278.67,275.26,276.96,0
05/29/2009,286.09,286.09,279.27,279.27,0
05/22/2009,283.7,285.92,282,285.92,0
05/15/2009,285.49,285.49,281.66,281.66,0
05/08/2009,279.44,284.04,279.44,284.04,0
05/01/2009,279.18,283.11,279.18,280.2,0
04/24/2009,282,284.9,281.91,281.91,0
04/17/2009,288.74,290.53,286.01,288.48,0
04/09/2009,287.97,288.74,285.84,288.74,0
04/03/2009,273.29,287.29,273.29,287.29,0
03/27/2009,284.64,284.64,278.41,278.41,0
03/20/2009,280.12,283.7,277.82,282.76,0
03/13/2009,281.74,281.74,277.37,280.2,0
03/06/2009,286.52,288.91,280.46,280.46,0
02/27/2009,286.43,293.26,286.43,293.26,0
02/20/2009,287.46,289.25,283.02,284.73,0
02/13/2009,299.49,300.51,296.93,296.93,0
02/06/2009,296.33,296.33,293.34,295.9,0
01/30/2009,292.15,292.15,287.8,290.44,0
01/23/2009,291.3,292.83,290.78,292.83,0
01/16/2009,290.31,299.23,290.31,299.23,0
01/09/2009,298.81,302.22,286.38,288.7,0
01/02/2009,293.69,297.27,293.69,297.27,0
