week,oil_futures,cpi,us_pop,public_roads,us_urban_pop,oil_production,djus_auto_index,auto_sales,us_real_gdp,usd_mex_exrate,gasoline
2009-01-04,40.83,93.26217751,306035.0,4059352.000,244607104.0,4935,83.77,10.5357317,14476.2498,13.65769958,1.684
2009-01-11,36.51,91.81716915,306085.5,4059506.692,244658433.9,4917,83.06,8.3471243,16075.1555,13.89949989,1.784
2009-01-18,46.47,91.12247455,306136.0,4059661.385,244709763.8,5052,74.02,8.5740112,15137.1916,14.02509975,1.847
2009-01-25,41.68,87.88814217,306186.5,4059816.077,244761093.7,5045,64.56,8.9619346,15155.3440,14.25570011,1.838
2009-02-01,40.17,82.71526479,306237.0,4059970.769,244812423.6,5235,62.59,9.3488765,15538.1713,14.11919975,1.892
2009-02-08,37.51,93.36764893,306287.3,4060125.462,244863753.5,5327,68.81,9.4859761,15471.4008,14.51669979,1.926
2009-02-15,38.94,88.78971695,306337.5,4060280.154,244915083.4,5323,64.63,9.1676046,14543.0576,14.78160000,1.964
2009-02-22,44.76,97.86912526,306387.8,4060434.846,244966413.3,5300,56.43,11.9039000,14784.8645,15.33180046,1.909
2009-03-01,45.52,81.81577662,306438.0,4060589.538,245017743.2,5373,57.12,10.1117351,15104.8933,15.16699982,1.934
2009-03-08,46.25,90.42459927,306479.4,4060744.231,245069073.1,5401,47.91,9.7210142,15138.5438,14.62399960,1.941
2009-03-15,51.06,89.68480464,306520.8,4060898.923,245120403.0,5414,57.21,8.3084580,15889.1075,14.03299999,1.910
2009-03-22,52.38,93.59348474,306562.2,4061053.615,245171732.9,5432,65.02,10.6221963,15121.9490,14.33880043,1.962
2009-03-29,52.51,105.50848398,306603.6,4061208.308,245223062.8,5480,71.65,7.6269498,15312.9473,13.54179955,2.046
2009-04-05,52.24,97.28367711,306645.0,4061363.000,245274392.8,5469,79.32,9.3045116,15389.4132,13.13000011,2.037
2009-04-12,50.33,79.21638417,306699.5,4061517.692,245325722.7,5482,88.05,8.4537849,14744.1587,13.09780025,2.051
2009-04-19,51.55,95.22345837,306754.0,4061672.385,245377052.6,5421,89.79,9.1553834,14624.3705,13.55049992,2.059
2009-04-26,53.20,90.47665312,306808.5,4061827.077,245428382.5,5269,100.31,9.9355661,15090.7143,13.72599983,2.049
2009-05-03,58.63,83.20526212,306863.0,4061981.769,245479712.4,5280,103.88,9.8826087,15989.9409,13.02280045,2.078
2009-05-10,56.34,85.39193122,306908.4,4062136.462,245531042.3,5306,109.85,9.6697786,15506.4052,13.23009968,2.240
2009-05-17,61.67,83.63227443,306953.8,4062291.154,245582372.2,5352,97.48,12.1496649,13937.4647,13.18200016,2.309
2009-05-24,66.31,93.41638706,306999.2,4062445.846,245633702.1,5364,97.21,9.7989866,15393.4521,13.13599968,2.435
2009-05-31,68.44,93.09397734,307044.6,4062600.538,245685032.0,5358,102.71,10.1651066,15139.8865,13.23859978,2.524
2009-06-07,72.04,81.71419687,307090.0,4062755.231,245736361.9,5358,110.96,9.3332793,14824.8775,13.39430046,2.624
2009-06-14,69.55,86.21467252,307148.0,4062909.923,245787691.8,5273,108.14,10.0187922,15951.9490,13.35550022,2.672
2009-06-21,69.16,87.40114379,307206.0,4063064.615,245839021.7,5257,103.45,8.1078136,15510.0064,13.21300030,2.691
2009-06-28,66.73,101.03777750,307264.0,4063219.308,245890351.6,5163,103.11,11.0278534,15441.2667,13.28989983,2.642
2009-07-05,59.89,90.17048156,307322.0,4063374.000,245941681.5,5171,104.07,12.0711938,14318.1102,13.67570019,2.612
2009-07-12,63.56,90.07240460,307384.0,4063528.692,245993011.4,5171,100.98,10.7439899,15632.4616,13.33800030,2.528
2009-07-19,68.05,84.31702617,307446.0,4063683.385,246044341.3,5176,110.49,8.6067465,14560.4431,13.18700027,2.463
2009-07-26,69.45,95.57834986,307508.0,4063838.077,246095671.2,5107,122.90,12.8737034,15250.1881,13.17800045,2.503
2009-08-02,70.93,86.47059764,307570.0,4063992.769,246147001.1,5246,132.89,15.1323109,15728.7843,12.96840000,2.557
2009-08-09,67.51,85.09947302,307621.2,4064147.462,246198331.0,5172,135.59,15.5751287,15456.0037,12.85499954,2.647
2009-08-16,73.89,96.70470740,307672.4,4064302.154,246249660.9,5169,131.37,15.1020776,15473.4785,12.82479954,2.637
2009-08-23,72.74,91.80518630,307723.6,4064456.846,246300990.8,5173,131.97,14.0140785,15673.6288,13.23950005,2.628
2009-08-30,68.02,96.10027591,307774.8,4064611.538,246352320.7,5244,129.77,15.3472252,14918.9904,13.37150002,2.613
2009-09-06,69.29,99.27969399,307826.0,4064766.231,246403650.6,5266,127.28,8.6323441,14657.4655,13.33199978,2.588
2009-09-13,72.04,88.77604432,307887.3,4064920.923,246454980.5,5304,131.47,9.5634503,15234.8004,13.24219990,2.577
2009-09-20,66.02,84.00207811,307948.5,4065075.615,246506310.4,5300,130.15,10.3617968,15495.1688,13.56200027,2.552
2009-09-27,69.95,98.92698663,308009.8,4065230.308,246557640.3,5375,127.01,9.5126108,15632.2362,13.60849953,2.499
2009-10-04,71.77,98.00536291,308071.0,4065385.000,246608970.3,5360,120.95,11.1480943,15510.5532,13.27540016,2.468
2009-10-11,78.53,78.29153384,308125.5,4065539.692,246660300.2,5377,130.96,11.3814092,14646.6040,13.10289955,2.489
2009-10-18,80.50,92.18839483,308180.0,4065694.385,246711630.1,5371,133.76,12.7239323,15028.8582,13.05020046,2.574
2009-10-25,77.00,86.19722836,308234.5,4065849.077,246762960.0,5357,136.40,8.9956835,15541.8400,13.24370003,2.674
2009-11-01,77.43,90.69360801,308289.0,4066003.769,246814289.9,5391,123.20,10.8825032,15609.6633,13.42479992,2.694
2009-11-08,76.35,87.17050164,308330.2,4066158.462,246865619.8,5506,132.82,11.5623896,14385.5843,13.02350044,2.666
2009-11-15,76.72,86.39811365,308371.4,4066313.154,246916949.7,5317,140.43,11.6743111,14891.3074,13.06309986,2.629
2009-11-22,76.05,90.57445667,308412.6,4066467.846,246968279.6,5433,141.07,10.5268881,14630.6548,12.88949966,2.639
2009-11-29,75.47,96.35268624,308453.8,4066622.538,247019609.5,5561,141.40,12.2943518,14599.4220,12.64029980,2.629
2009-12-06,69.87,94.07435648,308495.0,4066777.231,247070939.4,5538,144.75,10.4251298,14770.9806,12.88599968,2.634
2009-12-13,73.36,88.27407449,308547.8,4066931.923,247122269.3,5524,145.64,11.5161539,15406.7716,12.84879971,2.599
2009-12-20,78.05,92.27426684,308600.5,4067086.615,247173599.2,5524,149.79,11.0092914,15081.6501,12.86699963,2.589
2009-12-27,79.36,94.03018050,308653.3,4067241.308,247224929.1,5512,153.69,10.4764817,15148.6154,13.08269978,2.607
2010-01-03,82.75,88.11499974,308706.0,4067396.000,247276259.0,5507,151.06,10.4250583,15534.7589,12.67399979,2.665
2010-01-10,78.00,101.19109403,308745.6,4067710.846,247325663.6,5496,165.90,11.3029000,14962.8161,12.72200012,2.751
2010-01-17,74.54,89.03161573,308785.2,4068025.692,247375068.1,5404,165.88,11.8739480,14859.5732,12.94250011,2.739
2010-01-24,72.89,100.84366695,308824.8,4068340.538,247424472.7,5421,156.84,11.0762973,15790.1681,13.06849957,2.705
2010-01-31,71.19,88.57147007,308864.4,4068655.385,247473877.2,5403,155.45,11.2681127,15429.9961,13.16199970,2.661
2010-02-07,74.13,90.52992911,308904.0,4068970.231,247523281.8,5475,155.32,10.4775754,15063.9954,12.92395020,2.652
2010-02-14,79.81,90.38004453,308951.8,4069285.077,247572686.3,5482,158.74,11.6794170,15447.2025,12.78400040,2.608
2010-02-21,79.66,96.48593970,308999.5,4069599.923,247622090.9,5505,163.66,9.7486385,15355.1112,12.75953960,2.655
2010-02-28,81.50,88.03761984,309047.3,4069914.769,247671495.5,5510,167.98,10.4944421,15454.6339,12.61149979,2.702
2010-03-07,81.24,94.47680983,309095.0,4070229.615,247720900.0,5527,179.65,11.4662654,15151.5728,12.54819965,2.751
2010-03-14,80.68,82.39204397,309141.0,4070544.462,247770304.6,5540,180.99,12.5525153,15942.4203,12.56180000,2.788
2010-03-21,80.00,92.72970304,309187.0,4070859.308,247819709.1,5536,181.22,13.1925583,15040.2432,12.48799992,2.819
2010-03-28,84.87,93.98854236,309233.0,4071174.154,247869113.7,5489,186.46,9.8127967,15904.2251,12.28719997,2.798
2010-04-04,84.92,88.60825216,309279.0,4071489.000,247918518.3,5473,180.70,10.4012648,15792.1749,12.18840027,2.826
2010-04-11,83.24,82.61586047,309323.5,4071803.846,247967922.8,5475,182.28,11.0185691,16018.1143,12.27350044,2.858
2010-04-18,85.12,91.38056288,309368.0,4072118.692,248017327.4,5466,188.53,12.3172908,15640.8484,12.17150021,2.860
2010-04-25,86.15,92.85558110,309412.5,4072433.538,248066731.9,5488,198.52,12.7137919,14976.6362,12.29304981,2.849
2010-05-02,75.11,86.77801348,309457.0,4072748.385,248116136.5,5522,188.55,11.4335769,15231.7161,12.72570038,2.898
2010-05-09,71.61,97.84876971,309494.2,4073063.231,248165541.0,5533,167.77,13.0085158,15899.9985,12.54349995,2.905
2010-05-16,70.04,106.47942987,309531.4,4073378.077,248214945.6,5516,175.81,11.2123302,16375.2879,12.94869995,2.864
2010-05-23,73.97,90.33347690,309568.6,4073692.923,248264350.2,5540,162.42,11.4734931,15988.5151,12.92539978,2.786
2010-05-30,71.51,99.78878456,309605.8,4074007.769,248313754.7,5320,167.19,13.5783524,15881.5363,12.94610023,2.728
2010-06-06,73.78,87.77526148,309643.0,4074322.615,248363159.3,5445,162.75,13.4240424,15583.7126,12.64789963,2.725
2010-06-13,77.18,97.01155553,309694.0,4074637.462,248412563.8,5503,163.04,11.9019141,16092.1281,12.46819973,2.701
2010-06-20,78.86,97.75366223,309745.0,4074952.308,248461968.4,5501,167.90,10.3848189,15998.8979,12.65019989,2.743
2010-06-27,72.14,89.74121947,309796.0,4075267.154,248511372.9,5257,159.33,10.9672036,15907.4685,13.04020023,2.757
2010-07-04,76.09,91.01551637,309847.0,4075582.000,248560777.5,5414,150.99,13.4496914,16047.5796,12.76210022,2.726
2010-07-11,76.01,95.51953626,309900.3,4075896.846,248610182.1,5352,160.44,12.4401742,15585.5447,12.89610004,2.718
2010-07-18,78.98,93.24812406,309953.5,4076211.692,248659586.6,5460,163.85,11.0977898,15979.7927,12.71749973,2.722
2010-07-25,78.95,90.79952175,310006.8,4076526.538,248708991.2,5486,178.34,11.6015996,15596.6000,12.62979984,2.749
2010-08-01,80.70,102.04311234,310060.0,4076841.385,248758395.7,5440,177.25,12.9457135,16333.6197,12.68480015,2.735
2010-08-08,75.39,96.91661077,310104.0,4077156.231,248807800.3,5239,182.04,12.2118686,15276.8835,12.72900009,2.783
2010-08-15,73.46,93.30254714,310148.0,4077471.077,248857204.8,5352,169.95,13.0171101,15676.5751,12.75500011,2.745
2010-08-22,75.17,99.14839083,310192.0,4077785.923,248906609.4,5511,168.40,11.6697787,15265.5044,13.03199959,2.704
2010-08-29,74.60,87.77409114,310236.0,4078100.769,248956014.0,5602,165.12,12.2461583,16779.3880,12.93500042,2.682
2010-09-05,76.45,87.38369081,310280.0,4078415.615,249005418.5,5603,174.57,12.3706246,16006.8378,12.92099953,2.682
2010-09-12,73.66,89.84341169,310332.0,4078730.462,249054823.1,5573,169.58,11.7856109,15448.0460,12.77900028,2.721
2010-09-19,76.49,99.64703212,310384.0,4079045.308,249104227.6,5556,176.99,12.2313907,15840.9087,12.55099964,2.723
2010-09-26,81.58,93.85839075,310436.0,4079360.154,249153632.2,5562,180.56,10.2303625,16312.6123,12.53299999,2.694
2010-10-03,82.66,92.73808533,310488.0,4079675.000,249203036.8,5514,180.96,13.1704693,16039.4738,12.40699959,2.732
2010-10-10,81.25,92.22447223,310525.8,4079989.846,249252441.3,5528,193.45,13.1403595,15534.2244,12.43099976,2.819
2010-10-17,81.69,101.45639596,310563.6,4080304.692,249301845.9,5536,198.25,11.6282874,15827.4620,12.34500027,2.834
2010-10-24,81.43,98.77619314,310601.4,4080619.538,249351250.4,5540,199.92,13.4915819,15720.5772,12.34200001,2.817
2010-10-31,86.85,93.54932475,310639.2,4080934.385,249400655.0,5593,202.41,12.5953469,15485.6112,12.19799995,2.806
2010-11-07,84.88,91.13958834,310677.0,4081249.231,249450059.5,5596,220.83,12.1064040,16042.6191,12.33699989,2.865
2010-11-14,81.51,105.47514288,310722.3,4081564.077,249499464.1,5597,218.54,14.3172822,15037.1392,12.26200008,2.892
2010-11-21,83.76,92.98283194,310767.5,4081878.923,249548868.7,5581,219.76,12.0588460,15526.2135,12.47840023,2.876
2010-11-28,89.19,92.79205598,310812.8,4082193.769,249598273.2,5555,219.96,11.4903634,15129.0396,12.32999992,2.856
2010-12-05,87.79,92.20928910,310858.0,4082508.615,249647677.8,5582,231.56,10.1867698,15887.3876,12.44349957,2.958
2010-12-12,88.02,87.73763350,310899.3,4082823.462,249697082.3,5604,231.90,10.9063521,15268.5188,12.40699959,2.980
2010-12-19,91.51,91.70188198,310940.5,4083138.308,249746486.9,5598,235.21,12.7314122,15969.9734,12.35490036,2.982
2010-12-26,91.38,95.60240769,310981.8,4083453.154,249795891.4,5575,236.73,12.0889438,15611.6040,12.33160019,3.052
2011-01-02,88.03,85.12385585,311023.0,4083768.000,249845296.0,5598,238.32,13.0808131,15384.7065,12.22999954,3.070
2011-01-09,91.54,91.61319758,311053.0,4083973.365,249890321.0,5575,252.15,11.4317580,15379.6652,12.03400040,3.089
2011-01-16,89.11,95.37553391,311083.0,4084178.731,249935346.0,5205,255.04,13.1758102,14745.5100,12.05399990,3.104
2011-01-23,89.34,97.67573802,311113.0,4084384.096,249980371.0,5321,245.32,11.2053923,15388.0152,12.20100021,3.110
2011-01-30,89.03,91.16231109,311143.0,4084589.462,250025396.0,5568,237.74,13.8954475,15460.6456,11.97399998,3.101
2011-02-06,85.58,98.56489158,311173.0,4084794.827,250070421.0,5597,236.25,11.2182736,15432.4585,12.02299976,3.132
2011-02-13,86.20,94.63132579,311213.0,4085000.192,250115446.0,5610,248.53,12.7167310,16243.3294,12.02600002,3.140
2011-02-20,97.88,92.59325056,311253.0,4085205.558,250160471.0,5604,247.30,13.6575760,15984.6669,12.11600018,3.189
2011-02-27,104.42,98.97174134,311293.0,4085410.923,250205496.0,5591,234.87,11.7845430,15391.0610,12.00000000,3.383
2011-03-06,101.16,88.97514462,311333.0,4085616.288,250250521.0,5593,231.25,14.3172074,15357.8434,11.91199970,3.520
2011-03-13,101.07,105.91170412,311375.3,4085821.654,250295546.0,5591,228.93,13.4960834,16173.7208,12.03999996,3.567
2011-03-20,105.40,89.89844163,311417.5,4086027.019,250340571.0,5570,226.24,13.6370158,15552.6635,11.98900032,3.562
2011-03-27,107.94,89.38224897,311459.8,4086232.385,250385596.0,5568,233.26,13.7672233,15547.6435,11.83399963,3.596
2011-04-03,112.79,97.53353611,311502.0,4086437.750,250430621.0,5638,237.43,12.6428915,16537.3485,11.72299957,3.684
2011-04-10,109.66,91.53693430,311546.0,4086643.115,250475646.0,5635,232.33,13.1428134,16142.5291,11.65100002,3.791
2011-04-17,112.29,96.13920112,311590.0,4086848.481,250520671.0,5625,225.37,13.0600602,15857.3770,11.58899975,3.844
2011-04-24,113.93,92.36870636,311634.0,4087053.846,250565696.0,5610,235.17,13.3444301,15135.7836,11.49300003,3.879
2011-05-01,97.18,102.83064857,311678.0,4087259.212,250610721.0,5623,239.21,12.6251797,15704.5697,11.61499977,3.963
2011-05-08,99.65,94.79424379,311716.8,4087464.577,250655746.0,5609,234.77,11.4752336,15301.8827,11.73299980,3.965
2011-05-15,99.49,104.06177483,311755.6,4087669.942,250700771.0,5618,232.58,13.1765945,15545.4237,11.63599968,3.960
2011-05-22,100.59,88.29811159,311794.4,4087875.308,250745796.0,5583,229.78,11.4458394,15434.1135,11.60000038,3.849
2011-05-29,100.22,98.48285868,311833.2,4088080.673,250790821.0,5609,228.83,14.6078197,16172.6180,11.65999985,3.794
2011-06-05,99.29,94.27182906,311872.0,4088286.038,250835846.0,5633,219.34,12.8979112,15806.2516,11.89299965,3.781
2011-06-12,93.01,91.18156369,311923.3,4088491.404,250880871.0,5643,210.91,12.6654798,15676.8018,11.90400028,3.713
2011-06-19,91.16,98.67527499,311974.5,4088696.769,250925896.0,5650,211.37,11.3448442,15388.9310,11.89900017,3.652
2011-06-26,94.94,88.36761475,312025.8,4088902.135,250970921.0,5593,220.91,10.0564226,15798.2541,11.61600018,3.574
2011-07-03,96.20,89.09390787,312077.0,4089107.500,251015946.0,5520,234.31,12.0506962,15902.5329,11.62100029,3.579
2011-07-10,97.24,93.57203316,312120.0,4089312.865,251060971.0,5578,234.81,12.0862151,15060.3643,11.71800041,3.641
2011-07-17,99.87,89.16468825,312163.0,4089518.231,251105996.0,5591,225.09,12.9286176,15328.8538,11.64799976,3.682
2011-07-24,95.70,87.39012008,312206.0,4089723.596,251151021.0,5377,227.26,13.1895079,16434.0781,11.68599987,3.699
2011-07-31,86.88,90.20347671,312249.0,4089928.962,251196046.0,5523,211.15,12.7916180,15718.9356,12.07190037,3.711
2011-08-07,85.38,91.45875445,312292.0,4090134.327,251241071.0,5529,188.42,14.4585685,15863.1204,12.28590012,3.674
2011-08-14,82.26,87.43479726,312346.3,4090339.692,251286096.0,5561,188.47,12.3741345,15767.4071,12.28899956,3.604
2011-08-21,85.37,93.81924716,312400.5,4090545.058,251331121.0,5591,166.96,11.9639779,16228.7979,12.44040012,3.581
2011-08-28,86.45,100.72587469,312454.8,4090750.423,251376146.0,5598,176.76,13.7085687,15297.2045,12.41219997,3.627
2011-09-04,87.24,91.33917123,312509.0,4090955.788,251421171.0,5642,176.71,13.0377557,16152.0600,12.70199966,3.674
2011-09-11,87.96,102.55497804,312558.8,4091161.154,251466196.0,5083,171.12,14.2153525,15755.9210,13.06929970,3.661
2011-09-18,79.85,92.11425131,312608.5,4091366.519,251511221.0,5747,180.21,13.2431098,16194.3710,13.58199978,3.601
2011-09-25,79.20,93.40241935,312658.3,4091571.885,251556246.0,5756,162.86,13.6937013,15958.9082,13.90699959,3.509
2011-10-02,82.98,94.40906865,312708.0,4091777.250,251601271.0,5800,161.70,13.5876353,16075.8095,13.43799973,3.433
2011-10-09,86.80,88.78584009,312744.2,4091982.615,251646296.0,5878,174.12,13.6525856,16417.9639,13.25699997,3.417
2011-10-16,87.40,94.50447127,312780.4,4092187.981,251691321.0,5891,191.07,14.4514419,15593.0872,13.65900040,3.476
2011-10-23,93.32,99.65992142,312816.6,4092393.346,251736346.0,5876,196.67,15.3771803,15799.3535,13.03649998,3.462
2011-10-30,94.26,106.25197618,312852.8,4092598.712,251781371.0,5818,202.66,13.7176366,16175.0073,13.42899990,3.452
2011-11-06,98.99,91.42697787,312889.0,4092804.077,251826396.0,5846,193.19,14.7679258,16124.0897,13.43500042,3.424
2011-11-13,97.41,103.39661547,312932.8,4093009.442,251871421.0,5894,189.43,12.6313796,16119.7349,13.74499989,3.436
2011-11-20,96.77,97.02781061,312976.5,4093214.808,251916446.0,5887,175.51,13.1201844,16476.6469,14.14500046,3.368
2011-11-27,100.96,95.85282380,313020.3,4093420.173,251961471.0,5864,166.98,15.4292138,17003.4185,13.50800037,3.307
2011-12-04,99.41,85.41079487,313064.0,4093625.538,252006496.0,5861,185.39,12.7191134,15246.8292,13.57999992,3.290
2011-12-11,93.53,103.84665671,313104.8,4093830.904,252051521.0,5862,186.03,15.3988283,15573.4213,13.80480003,3.286
2011-12-18,99.68,97.93657380,313145.5,4094036.269,252096546.0,5862,173.08,14.0358890,15728.7424,13.84599972,3.229
2011-12-25,98.83,87.20546254,313186.3,4094241.635,252141571.0,5846,183.58,15.9118676,15456.5397,13.94099998,3.258
2012-01-01,101.56,100.83442927,313227.0,4094447.000,252186596.0,5851,181.94,14.9756859,16493.9902,13.74499989,3.299
2012-01-08,98.70,100.85763266,313258.2,4094413.981,252232556.9,5844,193.58,14.9744418,16015.6413,13.60299969,3.382
2012-01-15,98.46,94.74224494,313289.4,4094380.962,252278517.7,5726,199.82,14.5440709,16121.6768,13.17899990,3.391
2012-01-22,99.56,84.87043842,313320.6,4094347.942,252324478.6,5722,201.85,13.8141288,16108.5517,12.90970039,3.389
2012-01-29,97.84,94.11376050,313351.8,4094314.923,252370439.5,5720,200.48,12.8284472,16234.2863,12.67899990,3.439
2012-02-05,98.67,102.74152988,313383.0,4094281.904,252416400.3,5763,210.42,16.5591345,15537.0940,12.72329998,3.482
2012-02-12,103.24,89.30503745,313423.8,4094248.885,252462361.2,5819,206.40,15.4451036,16876.8085,12.69359970,3.523
2012-02-19,109.77,95.35810782,313464.5,4094215.865,252508322.1,5817,215.10,14.7134882,16302.9858,12.89500046,3.591
2012-02-26,106.70,103.57361360,313505.3,4094182.846,252554282.9,5814,208.42,14.3985191,15517.5616,12.75370026,3.721
2012-03-04,107.40,100.44634344,313546.0,4094149.827,252600243.8,5806,211.48,16.2361116,16105.4307,12.65400028,3.793
2012-03-11,107.06,91.10907088,313587.0,4094116.808,252646204.7,5830,208.34,15.0301510,16297.4069,12.64799976,3.829
2012-03-18,106.87,104.47847356,313628.0,4094083.788,252692165.5,5826,210.04,14.7054485,16291.0067,12.74919987,3.867
2012-03-25,103.02,85.53936338,313669.0,4094050.769,252738126.4,5821,206.55,14.9290147,15489.7000,12.76500034,3.918
2012-04-01,103.31,91.50587306,313710.0,4094017.750,252784087.3,6049,208.44,15.4884290,16404.6709,13.01659966,3.941
2012-04-08,102.83,96.24904544,313744.6,4093984.731,252830048.1,6040,206.05,14.9326699,16184.5640,13.17899990,3.939
2012-04-15,103.05,88.27132171,313779.2,4093951.712,252876009.0,6043,200.71,16.1259667,15844.0428,13.10599995,3.922
2012-04-22,104.93,98.32098899,313813.8,4093918.692,252921969.8,6113,197.88,15.4152066,15580.8267,12.95269966,3.870
2012-04-29,98.49,100.81031139,313848.4,4093885.673,252967930.7,6121,202.44,17.6069161,16244.9288,13.29059982,3.830
2012-05-06,96.13,101.24285766,313883.0,4093852.654,253013891.6,6136,192.86,16.6085117,16246.5675,13.56260014,3.790
2012-05-13,91.48,104.59745319,313930.3,4093819.635,253059852.4,6149,190.92,14.9835073,15940.9360,13.84700012,3.754
2012-05-20,90.86,102.42192328,313977.5,4093786.615,253105813.3,6239,178.58,14.4566026,16348.2457,13.99100018,3.715
2012-05-27,83.23,102.71803716,314024.8,4093753.596,253151774.2,6227,186.89,13.8118264,16047.2399,14.29349995,3.670
2012-06-03,84.10,101.48788211,314072.0,4093720.577,253197735.0,6245,178.55,17.2020856,16702.6044,13.84329987,3.613
2012-06-10,84.03,100.07101433,314122.0,4093687.558,253243695.9,6236,184.87,14.7751727,16280.1563,13.81890011,3.572
2012-06-17,79.76,102.47277073,314172.0,4093654.538,253289656.8,6353,180.24,14.8532157,16057.0153,13.82800007,3.533
2012-06-24,84.96,101.78255237,314222.0,4093621.519,253335617.6,6257,178.14,14.0247460,15773.4179,13.25660038,3.437
2012-07-01,84.45,103.11360804,314272.0,4093588.500,253381578.5,6094,173.15,12.5912253,16030.1460,13.40970039,3.356
2012-07-08,87.10,101.92045554,314315.4,4093555.481,253427539.4,6249,172.39,15.1274327,16423.7318,13.29189968,3.411
2012-07-15,91.44,93.60803967,314358.8,4093522.462,253473500.2,6245,169.74,15.2756962,16331.9283,13.35120010,3.427
2012-07-22,90.13,103.26613529,314402.2,4093489.442,253519461.1,6364,167.28,13.6337539,16487.7803,13.22379971,3.494
2012-07-29,91.40,93.02137596,314445.6,4093456.423,253565422.0,6320,167.19,14.5568430,15754.7608,13.10680008,3.508
2012-08-05,92.87,103.68557796,314489.0,4093423.404,253611382.8,6218,166.98,14.7233905,15482.4177,13.09360027,3.645
2012-08-12,96.01,98.31994151,314542.5,4093390.385,253657343.7,6181,173.75,14.8946762,16216.0751,13.13210011,3.721
2012-08-19,96.15,99.89923182,314596.0,4093357.365,253703304.6,6246,179.54,15.1114299,15871.5569,13.17210007,3.744
2012-08-26,96.47,87.08124169,314649.5,4093324.346,253749265.4,6258,176.07,14.3985496,15686.4227,13.20330048,3.776
2012-09-02,96.42,90.86348936,314703.0,4093291.327,253795226.3,5486,175.76,15.4283497,16054.4157,12.96360016,3.843
2012-09-09,99.00,96.81609435,314743.4,4093258.308,253841187.2,5526,185.68,16.2437234,16624.6403,12.72019958,3.847
2012-09-16,92.89,96.40979599,314783.8,4093225.288,253887148.0,6277,192.27,14.8746384,15901.5808,12.85400009,3.878
2012-09-23,92.19,102.33030288,314824.2,4093192.269,253933108.9,6509,186.84,18.0530235,16040.2228,12.86149979,3.826
2012-09-30,89.88,97.29661923,314864.6,4093159.250,253979069.8,6520,178.16,13.9783394,15994.1575,12.78069973,3.804
2012-10-07,91.86,94.16000785,314905.0,4093126.231,254025030.6,6598,185.51,14.9290299,16831.5669,12.86130047,3.850
2012-10-14,90.05,101.91548308,314951.8,4093093.212,254070991.5,6606,180.16,14.8560664,16316.7589,12.87759972,3.819
2012-10-21,86.28,92.83504106,314998.5,4093060.192,254116952.3,6610,182.47,14.5767437,16559.6735,13.02120018,3.687
2012-10-28,84.86,94.58688000,315045.3,4093027.173,254162913.2,6669,181.29,12.4627821,16548.2616,13.02560043,3.568
2012-11-04,86.07,101.96910502,315092.0,4092994.154,254208874.1,6677,191.89,15.0374122,16344.9029,13.18939972,3.492
2012-11-11,86.67,95.76909962,315133.5,4092961.135,254254834.9,6709,187.54,16.0369013,16083.8960,13.11550045,3.449
2012-11-18,88.28,97.06359921,315175.0,4092928.115,254300795.8,6710,182.69,15.2038351,16594.3665,12.96889973,3.429
2012-11-25,88.91,98.52213978,315216.5,4092895.096,254346756.7,6818,193.37,15.1419614,15775.3018,12.94600010,3.437
2012-12-02,85.93,100.79002933,315258.0,4092862.077,254392717.5,6817,197.24,16.3971614,16543.8479,12.82919979,3.394
2012-12-09,86.73,101.56675372,315286.4,4092829.058,254438678.4,6852,197.24,12.5037193,16383.1521,12.74349976,3.349
2012-12-16,88.66,103.53830423,315314.8,4092796.038,254484639.3,6863,194.41,16.3978249,17156.7479,12.94079971,3.254
2012-12-23,90.80,108.29473559,315343.2,4092763.019,254530600.1,6984,204.95,16.1860206,15779.4047,13.01949978,3.257
2012-12-30,93.09,88.50436053,315371.6,4092730.000,254576561.0,6985,209.94,15.6295016,15893.4696,12.72579956,3.298
2013-01-06,93.56,98.21817185,315400.0,4093158.906,254620394.4,7002,220.94,17.6233776,15761.3210,12.64159966,3.299
2013-01-13,95.56,93.91386560,315433.8,4093587.811,254664227.8,7041,223.65,16.1669528,15900.5121,12.65460014,3.303
2013-01-20,95.88,97.47773873,315467.5,4094016.717,254708061.1,6989,224.49,15.9624459,15975.0440,12.66829967,3.315
2013-01-27,97.77,97.03000495,315501.3,4094445.623,254751894.5,6993,224.49,14.9970215,16764.1160,12.60499954,3.357
2013-02-03,95.72,91.68334000,315535.0,4094874.528,254795727.9,6997,219.96,15.9618489,16765.9727,12.72589970,3.538
2013-02-10,95.86,98.83349424,315571.8,4095303.434,254839561.3,7064,222.33,15.9596229,16503.0195,12.68620014,3.611
2013-02-17,93.13,98.61564750,315608.5,4095732.340,254883394.6,7118,222.99,15.2805572,16181.6427,12.70769978,3.747
2013-02-24,90.68,103.13104214,315645.3,4096161.245,254927228.0,7096,216.02,16.5482322,16787.2598,12.74489975,3.784
2013-03-03,91.95,94.05895677,315682.0,4096590.151,254971061.4,7093,216.47,13.5386507,16724.6811,12.62370014,3.759
2013-03-10,93.45,95.96423485,315713.8,4097019.057,255014894.8,7159,225.25,16.5046889,16306.8079,12.50349998,3.710
2013-03-17,93.71,95.71049775,315745.6,4097447.962,255058728.2,7150,230.04,16.8991284,15623.3633,12.33679962,3.696
2013-03-24,97.23,96.58103585,315777.4,4097876.868,255102561.5,7151,226.68,14.3948279,16982.8706,12.32330036,3.680
2013-03-31,92.70,98.00065286,315809.2,4098305.774,255146394.9,7151,227.24,15.4229723,16482.5239,12.19079971,3.645
2013-04-07,91.29,95.29966728,315841.0,4098734.679,255190228.3,7181,218.01,16.4187117,17126.4134,12.07750034,3.608
2013-04-14,88.01,91.72503784,315884.8,4099163.585,255234061.7,7208,229.60,17.0664795,16907.3576,12.24510002,3.542
2013-04-21,93.00,103.52868559,315928.5,4099592.491,255277895.0,7326,221.10,15.7427877,16706.4485,12.14249992,3.536
2013-04-28,95.61,96.07586713,315972.3,4100021.396,255321728.4,7312,234.52,15.9223292,16226.3611,12.06009960,3.520
2013-05-05,96.04,101.68851532,316016.0,4100450.302,255365561.8,7369,239.66,16.4558959,16419.6909,12.10949993,3.538
2013-05-12,96.02,107.49299432,316062.5,4100879.208,255409395.2,7321,246.24,16.0107124,15732.8176,12.34130001,3.603
2013-05-19,94.15,91.54202997,316109.0,4101308.113,255453228.5,7258,260.03,16.5380678,16041.5589,12.53569984,3.673
2013-05-26,91.97,105.37989801,316155.5,4101737.019,255497061.9,7292,255.06,17.2240497,16422.4228,12.80858040,3.645
2013-06-02,96.03,101.79552306,316202.0,4102165.925,255540895.3,7300,260.33,14.5925922,16397.4325,12.76679993,3.646
2013-06-09,97.85,99.74724324,316242.6,4102594.830,255584728.7,7224,263.01,15.3391167,16556.2395,12.72060013,3.655
2013-06-16,93.69,86.34025868,316283.2,4103023.736,255628562.1,7129,262.09,16.1888722,17265.5219,13.29389954,3.626
2013-06-23,96.56,95.03758319,316323.8,4103452.642,255672395.4,7261,252.78,17.2207335,17085.2871,12.97200012,3.577
2013-06-30,103.22,98.26545882,316364.4,4103881.547,255716228.8,7267,261.49,17.1046904,16300.8450,13.06369972,3.496
2013-07-07,105.95,110.19819976,316405.0,4104310.453,255760062.2,7401,273.12,17.3889020,16346.0782,12.80869961,3.492
2013-07-14,108.05,102.63891833,316460.5,4104739.358,255803895.6,7490,281.68,16.9371061,16279.8921,12.50889969,3.639
2013-07-21,104.70,94.06781990,316516.0,4105168.264,255847728.9,7555,282.65,15.7464526,16468.1060,12.65530014,3.682
2013-07-28,106.94,97.11438591,316571.5,4105597.170,255891562.3,7542,284.83,14.8489753,16887.7823,12.64560032,3.646
2013-08-04,105.97,100.74493220,316627.0,4106026.075,255935395.7,7560,293.60,13.6523927,15741.7794,12.59130001,3.632
2013-08-11,107.46,92.13072215,316681.8,4106454.981,255979229.1,7571,291.19,13.8131258,16525.3620,12.90970039,3.561
2013-08-18,106.42,104.19600112,316736.5,4106883.887,256023062.5,7518,282.94,14.6566715,16553.0908,12.99209976,3.550
2013-08-25,107.65,94.36894436,316791.3,4107312.792,256066895.8,7609,288.85,14.6439766,16653.9312,13.34687996,3.552
2013-09-01,110.53,92.02384393,316846.0,4107741.698,256110729.2,7621,284.27,15.4751798,16302.7904,13.21681023,3.608
2013-09-08,108.21,95.07065529,316887.8,4108170.604,256154562.6,7745,293.90,15.9165613,17501.0731,12.94048977,3.587
2013-09-15,104.68,90.61035351,316929.6,4108599.509,256198396.0,7827,298.47,16.0246749,16474.6294,12.85492039,3.547
2013-09-22,102.87,92.09819293,316971.4,4109028.415,256242229.3,7777,303.71,15.8702699,16157.6957,13.15013981,3.495
2013-09-29,103.84,102.45192902,317013.2,4109457.321,256286062.7,7784,302.50,16.6585224,17539.7440,13.08819962,3.425
2013-10-06,102.02,107.20755925,317055.0,4109886.226,256329896.1,7809,301.65,16.0878873,16205.9640,13.03300953,3.367
2013-10-13,100.81,94.24672894,317103.3,4110315.132,256373729.5,7428,300.96,17.9511996,16699.1282,12.83742046,3.354
2013-10-20,97.85,94.40833821,317151.5,4110744.038,256417562.8,7896,307.71,15.7428999,16677.6673,12.86122036,3.360
2013-10-27,94.61,96.24124015,317199.8,4111172.943,256461396.2,7853,306.31,16.8553828,16827.8499,13.05107975,3.294
2013-11-03,94.60,103.66131736,317248.0,4111601.849,256505229.6,7858,303.33,16.9972392,17440.9046,13.18083954,3.265
2013-11-10,93.84,95.26131162,317293.3,4112030.755,256549063.0,7981,300.35,15.1897498,16827.1183,12.92298985,3.194
2013-11-17,94.84,89.45372761,317338.5,4112459.660,256592896.4,7974,308.96,15.5159867,16532.4439,12.97097969,3.219
2013-11-24,92.72,96.39615146,317383.8,4112888.566,256636729.7,8019,307.63,16.5395281,16887.9417,13.13123989,3.293
2013-12-01,97.65,99.94666136,317429.0,4113317.472,256680563.1,8011,311.16,17.7055532,15755.9376,12.90079975,3.272
2013-12-08,96.60,90.69010523,317462.8,4113746.377,256724396.5,8075,311.55,15.8252276,17116.3576,12.87228012,3.269
2013-12-15,99.32,97.83418291,317496.6,4114175.283,256768229.9,8058,310.81,17.6091235,16457.8309,12.95505047,3.239
2013-12-22,100.32,104.41353868,317530.4,4114604.189,256812063.2,8111,306.82,15.8208827,16447.5813,13.05457973,3.271
2013-12-29,93.96,96.26283425,317564.2,4115033.094,256855896.6,8121,309.28,14.0854538,15555.7173,13.08903980,3.331
2014-01-05,92.72,101.37540903,317598.0,4115462.000,256899730.0,8145,306.78,15.7196173,16351.7486,12.96800041,3.332
2014-01-12,94.37,98.04241169,317638.0,4116977.288,256947066.2,8159,313.97,14.8726414,17925.0433,13.23359966,3.327
2014-01-19,96.64,89.03337899,317678.0,4118492.577,256994402.3,8052,314.06,15.0278380,16562.2919,13.43010044,3.296
2014-01-26,97.49,103.67035218,317718.0,4120007.865,257041738.5,8044,301.13,14.4865719,16291.1590,13.35663986,3.295
2014-02-02,99.88,107.31920010,317758.0,4121523.154,257089074.6,8044,295.31,16.0226093,16810.8167,13.27165031,3.292
2014-02-09,100.30,105.96533548,317799.5,4123038.442,257136410.8,8132,298.17,15.7192501,16151.2985,13.22000027,3.309
2014-02-16,102.20,99.92130487,317841.0,4124553.731,257183746.9,8148,308.11,16.6759657,17048.9419,13.24355030,3.380
2014-02-23,102.59,116.75249156,317882.5,4126069.019,257231083.1,8059,313.16,16.7181023,16871.0630,13.31914997,3.444
2014-03-02,102.58,99.08737898,317924.0,4127584.308,257278419.2,8077,317.13,18.1964454,17161.8674,13.19244003,3.479
2014-03-09,98.89,107.68819443,317958.8,4129099.596,257325755.4,8182,321.37,15.2537545,15930.3126,13.23176003,3.512
2014-03-16,99.46,95.35213468,317993.6,4130614.885,257373091.5,8215,307.17,18.1369432,17658.0965,13.22642040,3.547
2014-03-23,101.67,94.23239185,318028.4,4132130.173,257420427.7,8190,312.80,15.1648120,16765.5011,13.05914974,3.549
2014-03-30,101.14,108.35914595,318063.2,4133645.462,257467763.8,8192,308.54,15.1356628,17071.0990,13.00549984,3.579
2014-04-06,103.74,102.33439095,318098.0,4135160.750,257515100.0,8229,315.08,16.1110741,16638.8406,13.05165005,3.596
2014-04-13,104.30,100.85844226,318144.5,4136676.038,257562436.2,8301,302.15,17.1839768,16950.1257,13.04662037,3.651
2014-04-20,100.60,93.52183682,318191.0,4138191.327,257609772.3,8360,311.94,16.8872533,16317.6204,13.12952042,3.683
2014-04-27,99.76,101.48633273,318237.5,4139706.615,257657108.5,8352,309.21,16.9377525,16744.8287,12.99053955,3.713
2014-05-04,99.99,100.82030165,318284.0,4141221.904,257704444.6,8350,314.17,17.0099807,16919.2929,12.94841003,3.684
2014-05-11,102.02,98.35054699,318332.8,4142737.192,257751780.8,8428,306.81,16.0205732,16824.8318,12.89710999,3.668
2014-05-18,104.35,94.88613225,318381.5,4144252.481,257799116.9,8434,308.02,18.3248514,17376.4842,12.85859013,3.665
2014-05-25,102.71,99.85284346,318430.3,4145767.769,257846453.1,8472,316.11,17.1783693,17485.8577,12.85282993,3.674
2014-06-01,102.66,103.96097274,318479.0,4147283.058,257893789.2,8383,319.88,16.8160307,17556.7739,12.93326378,3.690
2014-06-08,106.91,105.52488028,318521.6,4148798.346,257941125.4,8460,330.67,17.4455095,17620.7050,13.00000000,3.674
2014-06-15,107.26,105.36062265,318564.2,4150313.635,257988461.5,8477,322.31,17.9620985,16930.2212,12.97725964,3.686
2014-06-22,105.74,96.36622953,318606.8,4151828.923,258035797.7,8446,328.55,20.1036413,17004.8187,12.97148991,3.704
2014-06-29,104.06,99.52325460,318649.4,4153344.212,258083133.8,8442,332.48,17.6908988,17638.1121,12.97002029,3.704
2014-07-06,100.83,102.40021732,318692.0,4154859.500,258130470.0,8514,336.96,16.4995489,17540.8927,12.98279953,3.678
2014-07-13,103.13,97.12345096,318749.3,4156374.788,258177806.2,8592,336.01,18.2076662,16870.4765,12.96580029,3.635
2014-07-20,102.09,93.71954036,318806.5,4157890.077,258225142.3,8565,334.33,18.3204973,17638.6704,12.94274998,3.593
2014-07-27,97.88,101.13502825,318863.8,4159405.365,258272478.5,8443,330.02,16.9024056,17664.9374,13.19931030,3.539
2014-08-03,97.65,109.13809871,318921.0,4160920.654,258319814.6,8453,317.10,17.4564527,16709.8754,13.25378036,3.515
2014-08-10,97.35,94.79661283,318966.6,4162435.942,258367150.8,8556,323.12,15.9569307,17534.8012,13.05126953,3.505
2014-08-17,93.65,104.01150556,319012.2,4163951.231,258414486.9,8577,325.64,17.5059454,17490.3361,13.13844013,3.472
2014-08-24,95.96,107.62596871,319057.8,4165466.519,258461823.1,8631,328.20,14.9375402,17469.9212,13.06933975,3.454
2014-08-31,93.29,98.83935223,319103.4,4166981.808,258509159.2,8630,332.08,16.2054036,16816.1731,13.03518009,3.459
2014-09-07,92.27,103.68849571,319149.0,4168497.096,258556495.4,8590,332.13,19.3167796,17527.4636,13.24256992,3.457
2014-09-14,92.41,104.49748485,319203.5,4170012.385,258603831.5,8838,324.75,17.9603749,16583.9414,13.20621967,3.408
2014-09-21,93.54,95.99513078,319258.0,4171527.673,258651167.7,8867,319.66,18.7190053,16756.1711,13.46045017,3.353
2014-09-28,89.74,93.01280982,319312.5,4173042.962,258698503.8,8837,311.61,17.9819039,17479.7966,13.48143005,3.354
2014-10-05,85.82,105.84361194,319367.0,4174558.250,258745840.0,8875,303.94,18.1264566,17155.6176,13.46930027,3.299
2014-10-12,82.75,100.74563745,319415.5,4176073.538,258793176.2,8951,284.71,15.7400644,17295.8152,13.54183006,3.207
2014-10-19,81.01,96.12066197,319464.0,4177588.827,258840512.3,8934,287.63,15.9190871,17494.8654,13.56099987,3.120
2014-10-26,80.54,98.79206371,319512.5,4179104.115,258887848.5,8970,295.37,18.3196280,17331.0697,13.47889996,3.056
2014-11-02,78.65,101.35427041,319561.0,4180619.404,258935184.6,8972,306.29,18.3968568,17208.5342,13.52299976,2.993
2014-11-09,75.82,98.83268465,319597.2,4182134.692,258982520.8,9063,309.91,14.3852443,17685.1818,13.53011990,2.941
2014-11-16,76.51,92.84353906,319633.4,4183649.981,259029856.9,9004,318.16,15.9468495,18097.4767,13.62685013,2.894
2014-11-23,66.15,92.11492903,319669.6,4185165.269,259077193.1,9077,321.35,15.6406875,17012.4257,13.93400002,2.821
2014-11-30,65.84,102.80391436,319705.8,4186680.558,259124529.2,9083,325.39,17.0144596,17045.3255,14.36100006,2.778
2014-12-07,57.81,93.47211274,319742.0,4188195.846,259171865.4,9118,325.61,18.3818952,17450.1172,14.73707008,2.679
2014-12-14,56.52,106.42278301,319782.5,4189711.135,259219201.5,9137,307.92,16.5053273,16605.5953,14.58399963,2.554
2014-12-21,54.73,96.84195701,319823.0,4191226.423,259266537.7,9127,317.62,14.1529276,16911.8601,14.71117020,2.403
2014-12-28,52.69,91.31771818,319863.5,4192741.712,259313873.8,9121,324.02,17.8968519,17727.3332,14.84360027,2.299
2015-01-04,48.36,95.60916794,319904.0,4194257.000,259361210.0,9132,322.45,17.2288071,16951.2619,14.57075977,2.214
2015-01-11,48.69,98.37789795,319941.3,4193817.769,259409378.0,9192,317.11,17.3837221,17182.3176,14.55733013,2.139
2015-01-18,45.59,100.63560143,319978.5,4193378.538,259457545.9,9186,305.23,16.6387127,18026.0065,14.67800045,2.066
2015-01-25,48.24,104.54879046,320015.8,4192939.308,259505713.9,9213,311.87,18.2920283,17283.4655,14.95149994,2.044
2015-02-01,51.69,104.35402468,320053.0,4192500.077,259553881.8,9177,305.39,17.1964314,17062.6653,14.85009956,2.068
2015-02-08,52.78,95.65686799,320093.5,4192060.846,259602049.8,9226,326.75,18.3320150,17757.7035,14.90110016,2.191
2015-02-15,50.34,99.28360738,320134.0,4191621.615,259650217.8,9280,331.89,17.2615383,17326.1614,15.04059982,2.274
2015-02-22,49.76,104.00617788,320174.5,4191182.385,259698385.7,9285,336.79,16.3455427,16720.1202,14.94058990,2.332
2015-03-01,49.61,98.35270826,320215.0,4190743.154,259746553.7,9324,333.00,15.3608638,17228.1046,15.46127987,2.473
2015-03-08,44.84,91.77677279,320250.0,4190303.923,259794721.7,9366,326.93,17.6677329,17632.4676,15.48480034,2.487
2015-03-15,45.72,98.18767398,320285.0,4189864.692,259842889.6,9419,326.63,16.4981628,17500.7501,15.04273987,2.453
2015-03-22,48.87,98.36556767,320320.0,4189425.462,259891057.6,9422,335.28,19.1562626,17723.7569,15.21207047,2.457
2015-03-29,49.14,104.49967339,320355.0,4188986.231,259939225.5,9386,326.06,19.0363648,17027.6282,14.80700016,2.448
2015-04-05,51.64,94.48867901,320390.0,4188547.000,259987393.5,9404,329.93,17.8875119,17841.7792,15.21858978,2.413
2015-04-12,55.74,103.38048955,320436.0,4188107.769,260035561.5,9384,334.57,18.0295806,17324.5046,15.31284142,2.408
2015-04-19,57.15,101.00898150,320482.0,4187668.538,260083729.4,9366,331.87,14.8197307,17680.6113,15.38786030,2.485
2015-04-26,59.15,99.67318592,320528.0,4187229.308,260131897.4,9373,332.85,15.5014315,17950.0727,15.55344963,2.570
2015-05-03,59.39,99.53937660,320574.0,4186790.077,260180065.3,9369,332.45,17.5596399,17702.5663,15.12561035,2.664
2015-05-10,59.69,101.67828800,320613.0,4186350.846,260228233.3,9374,334.39,16.7289816,18446.9952,15.00300026,2.691
2015-05-17,59.72,106.90972252,320652.0,4185911.615,260276401.3,9262,336.28,18.6666292,17428.5037,15.27183914,2.744
2015-05-24,60.30,91.99044966,320691.0,4185472.385,260324569.2,9566,338.57,18.3382471,18311.8892,15.37366009,2.774
2015-05-31,59.13,101.57228753,320730.0,4185033.154,260372737.2,9586,336.68,15.7464458,17916.6080,15.70423985,2.780
2015-06-07,59.96,99.05950695,320769.0,4184593.923,260420905.2,9610,333.77,16.9153384,18135.7670,15.39550972,2.780
2015-06-14,59.61,100.24173325,320822.3,4184154.692,260469073.1,9589,337.15,16.2011442,18238.7707,15.34130001,2.835
2015-06-21,59.63,103.56585966,320875.5,4183715.462,260517241.1,9604,339.25,16.8011438,17089.4617,15.55000019,2.812
2015-06-28,56.93,107.44228764,320928.8,4183276.231,260565409.0,9595,337.53,17.5856164,17648.5952,15.71566010,2.801
2015-07-05,52.74,102.13547509,320982.0,4182837.000,260613577.0,9604,329.82,19.1398440,17272.6225,15.70048046,2.793
2015-07-12,50.89,100.76286206,321037.8,4182397.769,260661745.0,9562,315.79,16.5446930,18069.1147,15.92082977,2.834
2015-07-19,48.14,97.59744411,321093.5,4181958.538,260709912.9,9558,316.09,18.1928778,17367.0437,16.26399994,2.802
2015-07-26,47.12,92.52973087,321149.3,4181519.308,260758080.9,9413,309.19,19.0123532,17723.3305,16.10494041,2.745
2015-08-02,43.87,103.10481943,321205.0,4181080.077,260806248.8,9465,315.15,19.8729932,17957.7569,16.15099907,2.689
2015-08-09,42.50,107.16670469,321249.6,4180640.846,260854416.8,9395,313.95,19.2983522,18080.6960,16.36424065,2.629
2015-08-16,40.45,99.77522162,321294.2,4180201.615,260902584.8,9348,311.98,20.0138720,17113.2099,16.97987938,2.716
2015-08-23,45.22,101.83180643,321338.8,4179762.385,260950752.7,9337,292.94,19.4400846,17268.5079,16.74732018,2.637
2015-08-30,46.05,96.67763589,321383.4,4179323.154,260998920.7,9218,296.00,17.4325171,17296.2699,16.93214035,2.510
2015-09-06,44.63,105.04410644,321428.0,4178883.923,261047088.7,9135,289.34,19.0387002,16878.4583,16.82831001,2.437
2015-09-13,44.68,105.09550622,321481.3,4178444.692,261095256.6,9117,297.28,19.0456543,16868.6168,16.64522934,2.375
2015-09-20,45.70,95.14467705,321534.5,4178005.462,261143424.6,9136,302.27,18.3417015,17345.2295,16.96221924,2.327
2015-09-27,45.54,101.64625589,321587.8,4177566.231,261191592.5,9096,291.68,18.8925862,16921.7765,16.74527931,2.322
2015-10-04,49.63,108.43855764,321641.0,4177127.000,261239760.5,9172,301.55,19.3831340,17519.4960,16.40884018,2.318
2015-10-11,47.26,99.38092326,321689.3,4176687.769,261287928.5,9096,312.39,17.5769874,17609.2697,16.40176010,2.337
2015-10-18,44.60,95.72596828,321737.5,4176248.538,261336096.4,9096,313.09,17.8903996,18657.1085,16.57210922,2.277
2015-10-25,46.59,95.25188416,321785.8,4175809.308,261384264.4,9112,320.96,17.5757803,16961.9303,16.50164986,2.228
2015-11-01,44.29,96.36508003,321834.0,4175370.077,261432432.3,9160,316.11,18.7706361,17807.7812,16.83501625,2.224
2015-11-08,40.74,103.42611189,321871.2,4174930.846,261480600.3,9185,319.26,19.4957520,17520.9862,16.69449043,2.235
2015-11-15,40.39,104.64110168,321908.4,4174491.615,261528768.3,9182,304.68,17.2988149,17214.3993,16.52854919,2.178
2015-11-22,41.71,101.25566898,321945.6,4174052.385,261576936.2,9165,321.36,18.5862113,18369.1814,16.63339996,2.094
2015-11-29,39.97,104.37906518,321982.8,4173613.154,261625104.2,9202,322.80,18.4197559,18156.4312,16.67222404,2.059
2015-12-06,35.62,103.92338375,322020.0,4173173.923,261673272.2,9164,318.18,17.8509966,17002.8596,17.41856766,2.053
2015-12-13,34.73,110.46137193,322064.0,4172734.692,261721440.1,9176,301.61,16.6158222,17367.1721,17.14383698,2.037
2015-12-20,38.10,99.62674662,322108.0,4172295.462,261769608.1,9179,300.87,15.9433279,17142.5685,17.26817513,2.026
2015-12-27,37.04,101.47118577,322152.0,4171856.231,261817776.0,9202,311.02,19.0642379,18799.2668,17.21447945,2.034
2016-01-03,33.16,107.72073889,322196.0,4171417.000,261865944.0,9219,308.12,17.3397315,17839.2413,17.97299957,2.028
2016-01-10,29.42,103.79578279,322227.4,4170814.904,261914026.2,9227,272.36,18.1491700,18147.4378,18.28812981,1.996
2016-01-17,32.19,100.38223398,322258.8,4170212.808,261962108.3,9235,262.12,18.7026970,16684.4031,18.41410065,1.914
2016-01-24,33.62,97.84091640,322290.2,4169610.712,262010190.5,9221,263.19,18.1587874,16753.4629,18.13899994,1.856
2016-01-31,30.89,102.80618531,322321.6,4169008.615,262058272.6,9214,264.02,17.6776998,18260.8262,18.40733910,1.822
2016-02-07,29.44,102.52443336,322353.0,4168406.519,262106354.8,9186,252.20,19.3646795,17602.4370,18.90600014,1.759
2016-02-14,29.64,91.23058742,322393.0,4167804.423,262154436.9,9135,252.82,20.5003705,17722.8206,18.20474052,1.724
2016-02-21,32.78,100.97591042,322433.0,4167202.327,262202519.1,9102,263.37,15.8082020,17796.3983,18.27961922,1.730
2016-02-28,35.92,103.12401743,322473.0,4166600.231,262250601.2,9077,273.04,17.5583410,17552.9239,17.76609993,1.783
2016-03-06,38.50,93.93382834,322513.0,4165998.135,262298683.4,9078,289.79,13.5657882,17280.1136,17.69300079,1.841
2016-03-13,39.44,104.56529598,322556.0,4165396.038,262346765.5,9068,290.31,18.3514096,17526.8181,17.42041016,1.961
2016-03-20,39.46,106.54554490,322599.0,4164793.942,262394847.7,9038,299.53,16.4511872,17680.4372,17.57431984,2.007
2016-03-27,36.79,98.89335792,322642.0,4164191.846,262442929.8,9022,292.65,18.3030620,18246.5916,17.33334923,2.066
2016-04-03,39.72,109.50539764,322685.0,4163589.750,262491012.0,9008,296.28,16.5442975,17885.0710,17.77000046,2.083
2016-04-10,40.36,99.75235294,322730.5,4162987.654,262539094.2,8977,287.43,18.4777590,17486.5887,17.70989990,2.069
2016-04-17,43.73,99.23434725,322776.0,4162385.558,262587176.3,8953,297.97,17.2384387,16993.4097,17.45840073,2.137
2016-04-24,45.92,95.63441231,322821.5,4161783.462,262635258.5,8938,306.44,18.0269414,18067.0196,17.17766953,2.162
2016-05-01,44.66,94.42645449,322867.0,4161181.365,262683340.6,8825,301.72,16.3253092,17477.5729,17.86544037,2.240
2016-05-08,46.21,97.58266035,322905.8,4160579.269,262731422.8,8802,293.80,15.0389438,17488.6235,18.18650055,2.220
2016-05-15,47.75,104.24113332,322944.6,4159977.173,262779504.9,8791,289.14,15.4080150,17981.8741,18.36730003,2.242
2016-05-22,49.33,95.06155566,322983.4,4159375.077,262827587.1,8767,289.93,17.0403381,18198.8266,18.45070076,2.300
2016-05-29,48.62,104.58294394,323022.2,4158772.981,262875669.2,8735,297.33,18.3275795,18011.2309,18.63232994,2.339
2016-06-05,49.07,99.74313750,323061.0,4158170.885,262923751.4,8745,291.55,18.5852361,16607.9411,18.61264992,2.381
2016-06-12,47.98,96.88125342,323112.0,4157568.788,262971833.5,8716,290.05,19.3799228,17534.9025,18.73238945,2.399
2016-06-19,47.64,111.34008729,323163.0,4156966.692,263019915.7,8677,290.03,14.6615545,18311.8521,18.97114944,2.353
2016-06-26,48.99,116.20302946,323214.0,4156364.596,263067997.8,8622,274.73,17.6820291,18449.1265,18.38892937,2.329
2016-07-03,45.41,94.17109721,323265.0,4155762.500,263116080.0,8428,283.31,18.4685818,17505.7044,18.49839020,2.291
2016-07-10,45.95,109.30446205,323306.6,4155160.404,263164162.2,8485,286.75,19.6413897,18394.4197,18.54706001,2.253
2016-07-17,44.19,106.36643735,323348.2,4154558.308,263212244.3,8494,293.38,17.9646998,17724.8917,18.53989983,2.230
2016-07-24,41.60,95.69653923,323389.8,4153956.212,263260326.5,8515,300.44,19.2856477,17831.7647,18.75528908,2.182
2016-07-31,41.80,104.52241144,323431.4,4153354.115,263308408.6,8460,298.16,16.3564728,18051.6997,18.75411987,2.159
2016-08-07,44.49,98.66619027,323473.0,4152752.019,263356490.8,8445,293.67,18.3645274,17398.3169,18.22260094,2.150
2016-08-14,48.52,99.83124883,323524.8,4152149.923,263404572.9,8597,293.83,16.5864455,17654.9682,18.24740028,2.149
2016-08-21,47.64,100.80471779,323576.5,4151547.827,263452655.1,8548,296.65,19.1440009,17962.4582,18.57929993,2.193
2016-08-28,44.44,104.42996997,323628.3,4150945.731,263500737.2,8488,295.64,19.1459685,17882.5825,18.55050087,2.237
2016-09-04,45.88,108.85940728,323680.0,4150343.635,263548819.4,8458,296.69,17.8140817,17399.4805,18.87229919,2.223
2016-09-11,43.03,107.67072739,323729.0,4149741.538,263596901.5,8493,287.41,18.1658230,17899.3117,19.58482933,2.202
2016-09-18,44.48,108.26429633,323778.0,4149139.442,263644983.7,8512,289.75,17.8139598,17637.1566,19.79110909,2.225
2016-09-25,48.24,89.69585572,323827.0,4148537.346,263693065.8,8497,293.32,17.9148819,17167.3776,19.39450073,2.224
2016-10-02,49.81,99.10455506,323876.0,4147935.250,263741148.0,8467,295.33,18.2079897,17541.9293,18.98312950,2.245
2016-10-09,50.35,100.48053193,323911.2,4147333.154,263789230.2,8450,292.87,15.8760191,18064.2667,19.00621033,2.272
2016-10-16,50.85,93.62533618,323946.4,4146731.058,263837312.3,8464,285.32,17.8017567,16979.5390,18.61212921,2.257
2016-10-23,48.70,93.69436052,323981.6,4146128.962,263885394.5,8504,285.47,17.8518141,17903.0182,19.00522041,2.243
2016-10-30,44.07,101.13179234,324016.8,4145526.865,263933476.6,8522,281.80,17.1606078,17872.0240,18.58354950,2.230
2016-11-06,43.41,109.35451218,324052.0,4144924.769,263981558.8,8692,277.86,16.5677151,18341.4276,20.86075020,2.233
2016-11-13,45.69,94.34899153,324093.0,4144322.673,264029640.9,8681,291.51,17.2764209,18040.6766,20.64653015,2.184
2016-11-20,46.06,102.33993033,324134.0,4143720.577,264077723.1,8690,290.52,17.8011780,17762.1717,20.63520050,2.155
2016-11-27,51.68,110.72417945,324175.0,4143118.481,264125805.2,8699,299.32,19.4628596,17976.6083,20.70364952,2.154
2016-12-04,51.50,109.93093911,324216.0,4142516.385,264173887.4,8697,297.31,18.0315792,17619.2947,20.31481934,2.208
2016-12-11,51.90,98.79612359,324252.5,4141914.288,264221969.5,8796,318.69,17.8909191,18226.1402,20.43874931,2.236
2016-12-18,53.02,104.36169875,324289.0,4141312.192,264270051.7,8786,310.78,18.5315886,18477.6994,20.58772087,2.264
2016-12-25,53.72,104.02295990,324325.5,4140710.096,264318133.8,8766,309.51,17.9012413,17886.7943,20.63484955,2.309
2017-01-01,53.99,107.18540227,324362.0,4140108.000,264366216.0,8770,305.52,18.1697390,18106.7128,21.24279976,2.377
2017-01-08,52.37,100.88214592,324388.4,4140961.135,264410647.1,8946,316.12,18.2424260,18351.0496,21.50510979,2.388
2017-01-15,52.42,100.17127880,324414.8,4141814.269,264455078.2,8944,321.66,21.3127951,18127.7393,21.51429939,2.358
2017-01-22,53.17,102.63696611,324441.2,4142667.404,264499509.3,8961,320.76,17.8551489,17449.3723,20.90870094,2.326
2017-01-29,53.83,105.97866260,324467.6,4143520.538,264543940.5,8915,323.21,17.0295065,17992.1701,20.38360023,2.296
2017-02-05,53.86,103.77691777,324494.0,4144373.673,264588371.6,8978,321.74,18.5384080,18252.3005,20.32247925,2.293
2017-02-12,53.40,100.91812235,324528.5,4145226.808,264632802.7,8977,323.85,18.4197660,18131.4901,20.44639969,2.307
2017-02-19,53.99,105.59149664,324563.0,4146079.942,264677233.8,9001,330.77,17.8754731,16698.2064,19.90309906,2.302
2017-02-26,53.33,105.14408099,324597.5,4146933.077,264721664.9,9032,326.29,19.2299761,17485.9312,19.56236076,2.314
2017-03-05,48.49,101.10828751,324632.0,4147786.212,264766096.0,9088,330.30,16.6189077,18506.3788,19.60124969,2.341
2017-03-12,48.78,98.79856273,324669.8,4148639.346,264810527.2,9109,324.90,17.4836103,17851.7895,19.07290077,2.323
2017-03-19,47.97,104.88388649,324707.5,4149492.481,264854958.3,9129,331.11,16.2552361,17783.9718,18.77909088,2.321
2017-03-26,50.60,102.20012018,324745.3,4150345.615,264899389.4,9147,318.58,15.2870888,16785.3275,18.70590973,2.315
2017-04-02,52.24,106.11032515,324783.0,4151198.750,264943820.5,9199,324.69,16.1992675,18680.6043,18.65654945,2.360
2017-04-09,53.18,106.47100107,324815.2,4152051.885,264988251.6,9235,316.36,18.6321351,18316.8263,18.50374985,2.424
2017-04-16,49.62,116.68882784,324847.4,4152905.019,265032682.7,9252,313.32,17.8238818,18362.3390,18.62520027,2.436
2017-04-23,49.33,106.12017725,324879.6,4153758.154,265077113.8,9265,319.42,17.2984775,18210.9151,18.81575966,2.449
2017-04-30,46.22,103.58980786,324911.8,4154611.288,265121545.0,9293,328.02,16.7997131,17470.0782,18.94450951,2.411
2017-05-07,47.84,108.60741757,324944.0,4155464.423,265165976.1,9314,325.65,16.9043169,18288.4234,18.77555084,2.372
2017-05-14,50.33,91.53464959,324987.3,4156317.558,265210407.2,9305,325.53,14.9816615,18866.4595,18.71710014,2.369
2017-05-21,49.80,98.11326699,325030.5,4157170.692,265254838.3,9320,318.59,15.3009711,17617.1094,18.48913956,2.399
2017-05-28,47.66,104.84047504,325073.8,4158023.827,265299269.4,9342,324.34,18.1618807,18567.8127,18.71669960,2.406
2017-06-04,45.83,110.85945919,325117.0,4158876.962,265343700.5,9318,336.31,18.7071757,18165.2379,18.13973045,2.414
2017-06-11,44.74,101.87926032,325161.8,4159730.096,265388131.7,9330,334.20,18.0653733,18276.3884,17.92725945,2.366
2017-06-18,43.01,98.85982180,325206.5,4160583.231,265432562.8,9350,334.42,16.4968232,18581.0270,18.00250053,2.318
2017-06-25,46.04,113.52008307,325251.3,4161436.365,265476993.9,9250,335.05,16.7710746,18239.1484,18.08835030,2.288
2017-07-02,44.23,108.91106405,325296.0,4162289.500,265521425.0,9338,337.03,16.8796235,17877.0619,18.08136940,2.260
2017-07-09,46.54,103.20998783,325332.0,4163142.635,265565856.1,9397,329.80,18.9041908,18361.6845,17.57366943,2.297
2017-07-16,45.77,100.04796998,325368.0,4163995.769,265610287.2,9429,338.95,17.2987086,17384.1127,17.63681030,2.278
2017-07-23,49.71,107.87172623,325404.0,4164848.904,265654718.3,9410,335.40,16.3393652,17890.0020,17.75959969,2.312
2017-07-30,49.58,108.36407716,325440.0,4165702.038,265699149.5,9430,334.00,15.8459591,18007.1977,17.85713005,2.352
2017-08-06,48.82,94.85718702,325476.0,4166555.173,265743580.6,9423,335.73,17.1122608,18039.1759,17.81459999,2.378
2017-08-13,48.51,104.01857813,325520.3,4167408.308,265788011.7,9502,332.11,16.4822757,17934.4431,17.71843910,2.384
2017-08-20,47.87,100.55236497,325564.5,4168261.442,265832442.8,9528,327.90,16.8471558,17886.2793,17.61630058,2.360
2017-08-27,47.29,107.15006688,325608.8,4169114.577,265876873.9,9530,333.15,17.1499793,18740.8948,17.81296921,2.399
2017-09-03,47.48,108.09716352,325653.0,4169967.712,265921305.0,8781,344.97,20.8184128,17888.8643,17.73035049,2.679
2017-09-10,49.89,95.55726638,325694.8,4170820.846,265965736.2,9353,341.83,18.5271319,18023.1615,17.62199974,2.685
2017-09-17,50.66,105.02567224,325736.5,4171673.981,266010167.3,9510,361.05,19.3758821,18692.5912,17.73690033,2.634
2017-09-24,51.67,100.67729873,325778.3,4172527.115,266054598.4,9547,361.32,20.3522823,17874.2226,18.12639999,2.583
2017-10-01,49.29,103.22694047,325820.0,4173380.250,266099029.5,9561,363.29,18.2291612,18181.9979,18.56889915,2.565
2017-10-08,51.45,113.27644389,325849.6,4174233.385,266143460.6,9480,377.15,18.9392741,18612.4545,18.92604065,2.504
2017-10-15,51.47,97.63793535,325879.2,4175086.519,266187891.7,8406,375.85,18.7450422,19141.2786,18.99080086,2.489
2017-10-22,53.90,105.64680963,325908.8,4175939.654,266232322.8,9507,373.88,18.1126519,18424.3440,19.15549088,2.479
2017-10-29,55.64,100.00981562,325938.4,4176792.788,266276754.0,9553,366.92,17.8959989,18070.9784,19.16699982,2.488
2017-11-05,56.74,108.86362658,325968.0,4177645.923,266321185.1,9620,360.18,15.9212540,18720.8959,19.10588074,2.561
2017-11-12,56.55,99.10971049,326001.0,4178499.058,266365616.2,9645,355.78,18.3127707,18752.6350,18.94251060,2.592
2017-11-19,58.95,105.37298400,326034.0,4179352.192,266410047.3,9658,361.60,17.5069124,18368.3602,18.54879951,2.568
2017-11-26,58.36,102.23401442,326067.0,4180205.327,266454478.4,9682,365.86,18.3879170,19008.4118,18.65320015,2.533
2017-12-03,57.36,103.26772892,326100.0,4181058.462,266498909.5,9707,369.84,16.0504608,19125.1939,18.94915009,2.500
2017-12-10,57.30,103.06006015,326123.2,4181911.596,266543340.7,9780,369.46,17.8173846,18257.7188,19.12096977,2.485
2017-12-17,58.47,101.58749959,326146.4,4182764.731,266587771.8,9789,369.09,19.5380042,18995.5023,19.69985008,2.450
2017-12-24,60.42,99.87644157,326169.6,4183617.865,266632202.9,9754,371.51,15.6792764,19065.5548,19.63999939,2.472
2017-12-31,61.44,97.08103327,326192.8,4184471.000,266676634.0,9782,365.89,19.2440818,17718.1470,19.18301010,2.520
2018-01-07,64.30,106.04026812,326216.0,4184674.830,266715189.4,9492,385.30,17.0642691,18267.8501,18.97929955,2.522
2018-01-14,63.37,94.33708952,326242.8,4184878.660,266753744.8,9750,394.31,18.5499297,18236.4320,18.58536911,2.557
2018-01-21,66.14,108.59320573,326269.5,4185082.491,266792300.2,9878,387.14,18.0888811,18925.4586,18.47559929,2.567
2018-01-28,65.45,101.54738795,326296.3,4185286.321,266830855.7,9919,387.34,18.2246302,18246.4910,18.63509941,2.607
2018-02-04,59.20,110.31121796,326323.0,4185490.151,266869411.1,10251,370.30,19.0087349,18881.1816,18.69050026,2.637
2018-02-11,61.68,103.17596153,326351.5,4185693.981,266907966.5,10271,355.97,17.5235416,18415.6933,18.47430038,2.607
2018-02-18,63.55,106.57668958,326380.0,4185897.811,266946521.9,10270,363.63,18.1006982,19019.4009,18.56204987,2.557
2018-02-25,61.25,101.70146430,326408.5,4186101.642,266985077.3,10283,365.68,17.9675299,18325.4978,18.82469940,2.548
2018-03-04,62.04,108.03751239,326437.0,4186305.472,267023632.7,10369,347.68,17.8903973,18592.8943,18.60840034,2.560
2018-03-11,62.34,104.49804845,326468.5,4186509.302,267062188.2,10381,354.64,18.0941271,18580.8023,18.69000053,2.559
2018-03-18,65.88,96.49760967,326500.0,4186713.132,267100743.6,10407,353.48,17.5397413,18561.5828,18.49049950,2.598
2018-03-25,64.94,110.53015498,326531.5,4186916.962,267139299.0,10433,331.86,18.5900147,18998.2593,18.18379974,2.648
2018-04-01,62.06,110.72227824,326563.0,4187120.792,267177854.4,10460,334.74,16.0587566,19305.5506,18.27400017,2.700
2018-04-08,67.39,103.02739614,326590.2,4187324.623,267216409.8,10525,344.53,19.9831425,17377.3369,18.03039932,2.694
2018-04-15,68.38,101.48242576,326617.4,4187528.453,267254965.2,10540,349.47,16.7241107,19365.9593,18.51510048,2.747
2018-04-22,68.10,106.93612396,326644.6,4187732.283,267293520.6,10586,341.46,16.1719232,17774.8284,18.60169983,2.798
2018-04-29,69.72,94.41468470,326671.8,4187936.113,267332076.1,10619,342.96,18.4802654,18487.7412,19.04590034,2.846
2018-05-06,70.70,101.36168944,326699.0,4188139.943,267370631.5,10703,341.55,17.7437925,19639.7504,19.40740013,2.845
2018-05-13,71.28,97.22412756,326736.0,4188343.774,267409186.9,10723,345.87,16.8362531,18025.3257,19.93779945,2.873
2018-05-20,67.88,103.91036490,326773.0,4188547.604,267447742.3,10725,347.79,18.5293326,18867.5384,19.52799988,2.923
2018-05-27,65.81,102.12602654,326810.0,4188751.434,267486297.7,10769,347.56,18.4944787,18911.8709,19.92510033,2.962
2018-06-03,65.74,108.83519395,326847.0,4188955.264,267524853.1,10800,359.01,16.4214596,18618.2736,20.27540016,2.940
2018-06-10,65.06,104.57635543,326886.5,4189159.094,267563408.5,10900,372.65,18.7170516,18686.6277,20.61300087,2.911
2018-06-17,68.58,109.44955628,326926.0,4189362.925,267601964.0,10900,377.51,18.5108665,18564.3498,20.31030083,2.879
2018-06-24,74.15,114.90947716,326965.5,4189566.755,267640519.4,10900,360.50,18.7289729,18134.2876,19.89730072,2.833
2018-07-01,73.80,102.82544685,327005.0,4189770.585,267679074.8,10900,349.29,18.6558523,18936.1973,19.03000069,2.844
2018-07-08,71.01,105.38659824,327037.4,4189974.415,267717630.2,10900,344.83,17.1240067,18529.5764,18.87229919,2.857
2018-07-15,70.46,104.11786559,327069.8,4190178.245,267756185.6,11000,347.44,17.9283126,18380.1276,19.00839996,2.865
2018-07-22,68.69,103.08893484,327102.2,4190382.075,267794741.0,11000,343.11,18.3710903,17966.0990,18.61330032,2.831
2018-07-29,68.49,109.86398637,327134.6,4190585.906,267833296.5,10900,333.68,14.5755181,18798.9745,18.54100037,2.846
2018-08-05,67.63,105.56297644,327167.0,4190789.736,267871851.9,10800,347.15,17.3668343,18759.8945,18.89620018,2.852
2018-08-12,65.91,109.64403769,327207.3,4190993.566,267910407.3,10900,341.05,18.3784677,18967.1524,18.87849998,2.843
2018-08-19,68.72,113.35920200,327247.5,4191197.396,267948962.7,11000,330.45,16.2185293,19542.0624,19.00620079,2.821
2018-08-26,69.80,105.28835296,327287.8,4191401.226,267987518.1,11000,329.21,18.0030892,19570.1903,19.06909943,2.827
2018-09-02,67.75,104.30762456,327328.0,4191605.057,268026073.5,11000,322.78,16.8882535,19063.8441,19.30769920,2.824
2018-09-09,68.99,104.42858821,327357.8,4191808.887,268064628.9,10900,309.45,17.8743723,18289.0908,18.83009911,2.833
2018-09-16,70.78,104.73012060,327387.6,4192012.717,268103184.4,11000,319.18,17.0926265,19233.9023,18.81410027,2.841
2018-09-23,73.25,107.60514620,327417.4,4192216.547,268141739.8,11100,326.51,15.7778497,19493.1853,18.70289993,2.844
2018-09-30,74.34,115.80877681,327447.2,4192420.377,268180295.2,11100,305.36,16.2632851,18860.8207,18.80879974,2.866
2018-10-07,71.34,114.50333209,327477.0,4192624.208,268218850.6,11200,297.98,16.7987685,19158.9423,18.97596931,2.903
2018-10-14,69.12,102.16368517,327509.5,4192828.038,268257406.0,10900,281.42,19.6324793,19478.4272,19.14049911,2.879
2018-10-21,67.59,115.07733701,327542.0,4193031.868,268295961.4,10900,279.89,16.5616648,18614.7266,19.34650040,2.841
2018-10-28,63.14,102.98987848,327574.5,4193235.698,268334516.8,11200,295.58,19.8527445,18968.2953,19.99810028,2.811
2018-11-04,60.19,105.15254016,327607.0,4193439.528,268373072.3,11600,313.59,16.8096659,19468.3849,20.12439919,2.753
2018-11-11,56.46,109.63435804,327635.8,4193643.358,268411627.7,11700,309.80,17.7122925,19497.7577,20.15460014,2.686
2018-11-18,50.42,114.60964500,327664.5,4193847.189,268450183.1,11700,309.94,17.8336842,17875.7452,20.39649963,2.611
2018-11-25,50.93,101.78543231,327693.3,4194051.019,268488738.5,11700,304.79,17.9621335,19270.5500,20.38220024,2.539
2018-12-02,52.61,105.21540567,327722.0,4194254.849,268527293.9,11700,315.16,18.0802149,19010.7937,20.33359909,2.451
2018-12-09,51.20,107.52900463,327742.4,4194458.679,268565849.3,11600,298.23,16.4186349,18821.0911,20.27269936,2.421
2018-12-16,45.59,97.44173732,327762.8,4194662.509,268604404.8,11600,293.74,18.3302991,18570.0561,19.92749977,2.369
2018-12-23,45.33,102.90236883,327783.2,4194866.340,268642960.2,11700,273.26,20.8068117,17973.3654,19.65200043,2.321
2018-12-30,47.96,103.25758160,327803.6,4195070.170,268681515.6,11700,278.06,19.6432159,18982.0841,19.40660095,2.266
2019-01-06,51.59,105.04440626,327824.0,4195274.000,268720071.0,11700,277.30,17.4196729,18379.0867,19.12470055,2.237
2019-01-13,53.80,107.75342896,327848.3,4195162.635,268757435.6,11900,303.07,15.3860848,19307.2772,18.99539948,2.247
2019-01-20,53.69,106.37477468,327872.5,4195051.269,268794800.1,11900,301.44,16.1896225,18224.1721,19.01329994,2.251
2019-01-27,55.26,104.72152687,327896.8,4194939.904,268832164.7,11900,302.27,17.5343552,18026.7771,19.08580017,2.256
2019-02-03,52.72,106.90626775,327921.0,4194828.538,268869529.2,11900,306.49,17.1999205,18414.4313,19.07418060,2.254
2019-02-10,55.59,105.82129114,327947.0,4194717.173,268906893.8,11900,297.97,18.7070463,18449.1124,19.22780037,2.276
2019-02-17,57.26,99.66828087,327973.0,4194605.808,268944258.3,12000,307.87,20.4197186,18325.9153,19.13030052,2.317
2019-02-24,55.80,95.66984602,327999.0,4194494.442,268981622.9,12100,310.83,18.1357482,18967.1303,19.25219917,2.390
2019-03-03,56.07,109.41905704,328025.0,4194383.077,269018987.5,12100,311.64,16.9278007,18324.0293,19.47839928,2.422
2019-03-10,58.52,116.60335020,328048.0,4194271.712,269056352.0,12000,298.60,18.3616925,18927.3807,19.29859924,2.471
2019-03-17,59.04,105.72944693,328071.0,4194160.346,269093716.6,12100,296.25,18.1811638,19380.8605,18.85000038,2.548
2019-03-24,60.14,104.56272236,328094.0,4194048.981,269131081.1,12100,286.38,19.8330555,18395.2259,19.41510010,2.623
2019-03-31,63.08,111.85633363,328117.0,4193937.615,269168445.7,12200,294.50,19.4778883,19236.6542,19.14679909,2.691
2019-04-07,63.89,107.14949804,328140.0,4193826.250,269205810.3,12200,309.29,16.9193493,18883.0618,18.74160004,2.745
2019-04-14,64.00,98.91873838,328171.8,4193714.885,269243174.8,12100,315.41,16.5729899,18619.0337,18.78709984,2.828
2019-04-21,63.30,101.19744666,328203.5,4193603.519,269280539.4,12200,318.25,18.2611399,18843.6272,19.02268028,2.841
2019-04-28,61.94,101.90482840,328235.3,4193492.154,269317903.9,12300,307.85,17.6614373,18560.9799,19.11319923,2.887
2019-05-05,61.66,104.64910249,328267.0,4193380.788,269355268.5,12200,305.76,18.6245925,19549.7420,19.22551918,2.897
2019-05-12,62.76,106.73116092,328301.3,4193269.423,269392633.0,12100,294.88,18.5812564,18708.5699,19.09919930,2.866
2019-05-19,58.63,108.44323570,328335.5,4193158.058,269429997.6,12200,281.51,19.8713453,18134.7686,19.02669907,2.852
2019-05-26,53.50,110.74353075,328369.8,4193046.692,269467362.2,12300,267.25,17.8448257,18930.3781,19.52503967,2.822
2019-06-02,53.99,109.02181557,328404.0,4192935.327,269504726.7,12400,257.04,16.1399885,19653.1354,19.67428017,2.807
2019-06-09,52.51,105.35504917,328435.4,4192823.962,269542091.3,12300,275.95,18.3969314,19269.8355,19.18110085,2.732
2019-06-16,57.43,113.87689569,328466.8,4192712.596,269579455.8,12200,280.58,17.2977096,18682.3790,18.98889923,2.670
2019-06-23,58.47,114.06887039,328498.2,4192601.231,269616820.4,12100,287.94,16.7679108,18896.4601,19.17284966,2.654
2019-06-30,57.51,115.14190826,328529.6,4192489.865,269654184.9,12200,294.75,17.0929668,19117.1014,18.99679947,2.713
2019-07-07,60.21,115.26355744,328561.0,4192378.500,269691549.5,12300,294.25,18.3165705,19252.6464,18.97330093,2.743
2019-07-14,55.63,113.48611855,328603.3,4192267.135,269728914.1,12000,299.08,16.7816974,18672.4667,18.95669937,2.779
2019-07-21,56.20,103.28804234,328645.5,4192155.769,269766278.6,11300,298.77,17.5514929,19227.0202,19.02619934,2.750
2019-07-28,55.66,109.94270532,328687.8,4192044.404,269803643.2,12200,295.12,17.7516637,18336.8472,19.21030045,2.715
2019-08-04,54.50,108.86752020,328730.0,4191933.038,269841007.7,12300,286.83,16.7826200,19290.8821,19.42765045,2.688
2019-08-11,54.87,102.14482444,328771.8,4191821.673,269878372.3,12300,285.85,19.1331165,19324.7427,19.59860039,2.624
2019-08-18,54.17,111.81019990,328813.5,4191710.308,269915736.8,12300,272.06,18.6472131,19543.9840,19.79969978,2.598
2019-08-25,55.10,101.53506711,328855.3,4191598.942,269953101.4,12500,264.16,17.2895808,19292.3202,20.12080002,2.574
2019-09-01,56.52,101.24158282,328897.0,4191487.577,269990466.0,12400,275.10,17.2361905,19149.1158,19.70569992,2.563
2019-09-08,54.85,104.45144603,328928.4,4191376.212,270027830.5,12400,286.73,18.7755506,20071.9638,19.55550003,2.550
2019-09-15,58.09,111.04663757,328959.8,4191264.846,270065195.1,12400,297.82,17.9207031,18151.6651,19.52530003,2.552
2019-09-22,55.91,106.25679897,328991.2,4191153.481,270102559.6,12500,287.80,17.3834257,19399.9534,19.49510002,2.654
2019-09-29,52.81,109.18573784,329022.6,4191042.115,270139924.2,12400,287.70,17.0748373,18752.7260,19.46490002,2.642
2019-10-06,54.70,111.13178676,329054.0,4190930.750,270177288.8,12600,274.83,17.9000578,19310.0170,19.43470001,2.645
2019-10-13,53.78,111.58959780,329088.3,4190819.385,270214653.3,12600,283.15,19.3697167,19376.4518,19.17980003,2.629
2019-10-20,56.66,104.66858304,329122.5,4190708.019,270252017.9,12600,293.12,16.8746057,19516.2100,19.04669952,2.638
2019-10-27,56.20,109.33052555,329156.8,4190596.654,270289382.4,12600,307.96,18.2239461,19073.4334,19.09670067,2.596
2019-11-03,57.24,106.09428675,329191.0,4190485.288,270326747.0,12600,310.12,17.6866398,19528.1182,19.12159920,2.605
2019-11-10,57.72,114.79042928,329221.8,4190373.923,270364111.5,12800,322.43,17.3109794,19754.4389,19.17989922,2.615
2019-11-17,57.77,116.69401283,329252.5,4190262.558,270401476.1,12800,316.52,17.5526784,19405.7312,19.36660004,2.592
2019-11-24,55.17,108.26096053,329283.3,4190151.192,270438840.7,12900,307.74,18.3203091,19579.8665,19.53520012,2.579
2019-12-01,59.20,112.08470950,329314.0,4190039.827,270476205.2,12900,310.32,17.9418035,19477.3091,19.28669930,2.575
2019-12-08,60.07,109.47120499,329335.8,4189928.462,270513569.8,12800,311.68,14.8725286,19750.1111,18.99749947,2.561
2019-12-15,60.44,108.18341101,329357.6,4189817.096,270550934.3,12800,318.41,18.6165647,20106.3904,18.93849945,2.536
2019-12-22,61.72,108.70798824,329379.4,4189705.731,270588298.9,12900,334.78,16.9627090,20396.2701,18.84469986,2.532
2019-12-29,63.05,105.72584418,329401.2,4189594.365,270625663.4,12900,337.40,17.8387504,18812.8854,18.91130066,2.571