week,crude_oil,cpi,coal_consumption,ngas_consumption,us_pop,oil_production,tree_cover_loss,us_real_gdp,co2
2001/1/7,27.8,78.64598465,96641.56859,963475.8748,283960,5944,1932323.219,12999.5699,370.3
2001/1/14,28.81,68.15853647,89172.96037,901002.2698,284011.5,5949,2174659.188,12293.3405,370.67
2001/1/21,30.63,76.14942563,100533.6877,1032449.959,284063,5912,2335532.223,12708.8104,370.52
2001/1/28,31.35,76.11622408,101753.6219,826014.7033,284114.5,5935,2065545.899,12287.2265,371.36
2001/2/4,29.59,66.69315146,61448.50321,776629.6124,284166,5929,1989475.501,13353.2628,371.58
2001/2/11,30.92,78.37142503,84750.18929,466643.0293,284219.5,5866,2066730.206,13160.5703,371.96
2001/2/18,29.67,72.13921576,84421.53821,723881.2625,284273,5857,2109343.244,13254.4479,371.48
2001/2/25,28.65,67.89534477,96753.46242,781527.3435,284326.5,5875,1643721.796,14286.1856,371.73
2001/3/4,27.91,83.70191158,74788.0529,801230.0907,284380,5876,1871222.473,13335.2892,372.19
2001/3/11,28.45,67.89681433,86535.42025,554040.012,284435.5,5868,2158972.973,12555.2654,372.53
2001/3/18,27.02,77.31721431,68384.00834,327125.4379,284491,5883,1973350.649,13146.4006,372.54
2001/3/25,26.42,71.87011298,74962.95365,624013.0521,284546.5,5868,1728742.189,11982.2289,372.4
2001/4/1,26.86,74.86245642,90444.57488,614474.9072,284602,5883,2248741.369,13936.6979,372.45
2001/4/8,26.76,67.84048567,71861.08162,436068.6622,284648.4,5867,1724128.479,12809.3245,373.61
2001/4/15,28.27,82.22901722,76914.86811,449159.7901,284694.8,5855,1956950.159,13474.2006,373.71
2001/4/22,27.89,76.82493104,73912.39968,-37896.8606,284741.2,5861,1366131.633,13236.222,373.6
2001/4/29,26.99,76.89867482,80575.04556,444417.3623,284787.6,5884,1529740.048,12673.8415,373.55
2001/5/6,28.36,72.54530278,81810.27979,357581.5225,284834,5831,1769606.334,13062.4278,373.93
2001/5/13,28.12,69.8759023,71621.89234,287914.7056,284894.5,5780,1777310.798,12797.0577,373.7
2001/5/20,29.08,82.92414664,88625.35871,234652.5114,284955,5785,1670705.657,12918.3693,373.9
2001/5/27,28.92,80.29238407,91775.87921,-145009.096,285015.5,5819,1971662.18,13516.3057,373.87
2001/6/3,28.44,74.89502894,91169.67268,219498.1585,285076,5823,1778599.048,13277.8218,373.47
2001/6/10,27.98,70.46184594,109491.096,237785.7849,285138,5746,1609818.609,13622.3093,373.05
2001/6/17,28.9,71.13423402,90591.22951,83703.8947,285200,5726,2197730.391,12666.4285,373.11
2001/6/24,27.09,79.66635312,95857.9364,-1637.6973,285262,5740,1616553.162,13307.9349,373.02
2001/7/1,26.37,73.72712971,88596.12135,276125.823,285324,5756,1923916.979,12822.0243,372.48
2001/7/8,26.87,74.63466547,94102.59202,317751.2678,285376,5756,1930585.615,13434.4618,371.34
2001/7/15,27.07,70.25117924,100721.3648,153222.75,285428,5770,1847804.611,13502.6079,371.3
2001/7/22,25.26,71.84062777,98759.97325,342177.9996,285480,5731,1848049.015,12650.6364,370.87
2001/7/29,26.5,75.48345572,98805.41667,99451.5036,285532,5705,1922362.125,13098.5702,370.88
2001/8/5,27.1,78.64421125,101402.4441,380137.4567,285584,5745,1837875.458,13617.5645,369.92
2001/8/12,27.87,77.18862354,86869.22199,448319.6509,285648.5,5773,1936273.876,13759.6033,369.2
2001/8/19,27.52,76.37143702,96250.4936,175400.4891,285713,5785,1842632.946,13217.0956,369.32
2001/8/26,27.25,72.09095966,97646.81529,224992.4535,285777.5,5796,1923290.418,13211.8681,369.28
2001/9/2,26.84,75.37854563,86686.25911,166890.2157,285842,5751,1952308.639,13661.2323,368.33
2001/9/9,27.38,72.33465495,81028.86424,186880.7679,285890.8,5829,1793662.931,13621.525,368.56
2001/9/16,28.22,67.9353392,99962.31283,56931.9855,285939.6,5814,1810884.386,12966.6297,368.05
2001/9/23,27.09,77.76863067,86584.26744,85695.7084,285988.4,5789,2045606.773,12986.1702,367.81
2001/9/30,22.35,80.19580186,82340.4635,236333.988,286037.2,5735,2243707.27,13716.9723,368.04
2001/10/7,22.6,74.8849383,82445.40558,499890.8444,286086,5736,2189230.576,13773.14,368.29
2001/10/14,22.66,68.19160178,86245.32827,375579.2828,286143.3,5515,2044808.161,12747.7991,368.17
2001/10/21,21.92,73.44810923,91529.48427,377700.2913,286200.5,5828,2150356.376,13255.78,368.71
2001/10/28,21.78,66.87181278,103210.7549,-686.4205,286257.8,5879,2052685.323,13310.2116,369.13
2001/11/4,21.17,77.81698398,76203.64926,155372.8273,286315,5859,2119731.198,13215.4319,369.09
2001/11/11,20.7,81.81692344,92314.97755,412269.7947,286369.5,5863,2368488.884,13608.3161,369.83
2001/11/18,19.61,78.20220113,82604.24906,209014.6353,286424,5872,1872005.055,12859.7232,370.22
2001/11/25,18.28,74.90162696,81756.45007,330707.5861,286478.5,5882,1565301.57,13554.8683,370.44
2001/12/2,19.13,70.25785556,82781.83495,585974.5307,286533,5873,2156158.095,12224.9609,370.78
2001/12/9,19.47,62.47886579,87165.97138,521133.6214,286574.2,5856,2022969.94,12558.4914,371.23
2001/12/16,18.45,71.74050265,83744.99162,635925.7014,286615.4,5884,1946684.975,13737.7397,371.27
2001/12/23,19.2,68.47152543,91154.87181,427109.3091,286656.6,5911,2013295.659,13511.3446,371.69
2001/12/30,20.94,70.19655284,76546.62514,696692.0541,286697.8,5902,2232285.128,13030.1934,372.2
2002/1/6,20.8,77.50917342,94589.00275,922862.8426,286739,5922,2326746.354,13324.5534,372.2
2002/1/13,20.54,77.63242028,100243.6002,531986.0074,286788,5922,2186710.705,13154.4547,372.74
2002/1/20,18.61,82.46904298,93039.69506,1125233.789,286837,5911,2107532.777,13069.491,372.58
2002/1/27,19.21,74.67877801,82297.56284,940628.4444,286886,5909,2340624.235,12773.5595,372.82
2002/2/3,19.71,65.54378953,79078.60771,656704.5748,286935,5916,2113627.929,13768.1841,372.95
2002/2/10,19.97,80.10119397,73181.61673,629193.0787,286984,5952,2119703.869,14079.5562,373
2002/2/17,21.18,70.75663201,86488.52339,456408.6598,287033,5927,1941507.888,13140.6654,373.08
2002/2/24,20.7,68.39558708,72768.77425,565782.5436,287082,5956,2265001.165,13452.8091,373.74
2002/3/3,21.43,71.51233003,86195.53153,427630.502,287131,5966,1744610.371,14413.7702,373.88
2002/3/10,23.31,80.02771971,81457.7215,443521.8405,287173.4,5947,2120610.704,13938.0902,374.13
2002/3/17,24.4,69.55132746,84547.49312,781246.1686,287215.8,5975,1910693.794,13246.3712,374.64
2002/3/24,25.25,78.11190412,79229.5339,624437.1556,287258.2,5948,1941342.155,14155.7656,374.28
2002/3/31,25.86,79.1136274,83291.43908,506249.2624,287300.6,5956,2019986.973,13546.6645,374.26
2002/4/7,26.99,78.78840773,70307.1846,563450.5581,287343,5916,2389142.55,13849.7804,374.53
2002/4/14,25.24,83.4502284,86815.40031,391781.7159,287400,5922,1893959.928,13189.7068,375.23
2002/4/21,25.54,66.11213123,78670.84351,343589.9427,287457,5896,2315538.002,13434.9883,375.41
2002/4/28,26.46,88.40244563,82467.61132,469540.1194,287514,5865,1960982.152,13294.8318,376.05
2002/5/5,26.88,78.58907377,72459.46258,-65716.2093,287571,5879,2275823.059,14270.6071,375.6
2002/5/12,27.27,84.87680299,92801.43025,288965.4903,287630.3,5889,2199862.063,13663.6698,375.07
2002/5/19,28.43,78.62287326,69743.25088,-18335.9238,287689.5,5894,2325834.779,13094.9744,375.93
2002/5/26,27.18,71.79352699,72299.78406,273842.7199,287748.8,5890,2215572.386,12541.3707,376.24
2002/6/2,25.22,79.02682354,99562.6245,193136.2823,287808,5896,1956608.11,13937.0924,375.9
2002/6/9,25.01,80.23189696,91793.12694,252346.0686,287856.6,5897,2204160.046,13372.0971,375.45
2002/6/16,24.94,79.69853647,81045.99817,98847.6239,287905.2,5910,2191900.618,14206.1903,375.23
2002/6/23,25.61,66.39516086,88356.23898,318620.5295,287953.8,5939,1833019.029,14753.4602,375.49
2002/6/30,26.52,83.24572749,87799.88489,-7668.2635,288002.4,5917,2269880.873,13598.4622,374.82
2002/7/7,26.81,77.3630494,88603.04375,20336.7334,288051,5898,1580578.82,14144.701,374.47
2002/7/14,26.7,77.08001394,99722.08173,-81748.914,288114,5885,1665603.533,13392.5296,374.01
2002/7/21,27.62,82.84089168,100745.7577,-80509.7398,288177,5839,1408573.002,13804.1216,373.34
2002/7/28,26.64,76.29947233,90601.03838,235935.7801,288240,5844,1487212.383,13094.921,373.33
2002/8/4,26.87,85.87127221,97322.48461,223346.3796,288303,5604,1471829.756,13655.7915,372.57
2002/8/11,26.77,73.01564457,92846.97359,277362.1742,288365.8,5858,2123537.47,13082.2681,371.81
2002/8/18,28.52,73.2463375,103935.7776,72500.8692,288428.5,5907,1833929.199,13813.9766,371.33
2002/8/25,30.09,75.31634683,94208.27894,-27964.4251,288491.3,5918,1394796.338,13157.6663,370.93
2002/9/1,28.84,75.56361966,77620.50601,189525.5223,288554,5883,1954467.137,13373.6723,370.26
2002/9/8,28.65,75.51342307,96352.40433,20304.4497,288602,5773,1528725.93,13770.8081,371.63
2002/9/15,29.59,72.00600152,76980.14292,145215.8542,288650,5716,1341821.242,13786.3289,370.83
2002/9/22,29.39,71.75794684,84003.09591,214753.1371,288698,5736,1694663.587,13628.2143,370.5
2002/9/29,30.63,70.20043557,86853.729,222955.3038,288746,5190,1304434.824,12653.0351,369.88
2002/10/6,30.25,69.47669685,86256.97077,59133.71,288794,4803,1649165.997,12729.9307,369.91
2002/10/13,29.37,74.3316623,82896.69957,152169.1541,288848.5,5490,1433930.587,13464.9066,371.24
2002/10/20,29.65,72.11401513,101569.215,351113.015,288903,5721,1827595.169,13826.5128,370.68
2002/10/27,27.88,77.36991628,94802.45444,63389.7244,288957.5,5714,1509925.175,13210.4375,371.06
2002/11/3,27.03,72.59487363,83956.2333,462149.4259,289012,5711,1768337.8,13606.2267,371.97
2002/11/10,25.97,73.71936544,105103.848,393172.5344,289062.5,5349,1805142.163,13467.8096,371.86
2002/11/17,25.68,73.48828855,88880.6605,651326.7257,289113,5738,1356621.705,13960.6984,372.73
2002/11/24,26.98,77.98746411,73343.55152,414366.4927,289163.5,5754,1777444.089,13599.9249,372.77
2002/12/1,26.83,77.85998733,102674.0303,599791.8274,289214,5740,2010071.465,14470.6401,373.04
2002/12/8,27.14,83.63557301,97417.09628,849524.6053,289253.6,5763,1771227.466,13217.9225,373.59
2002/12/15,27.82,77.19937502,101691.8648,821197.9528,289293.2,5752,1508349.319,14347.8454,373.57
2002/12/22,30.35,68.83748102,104327.6492,571357.3462,289332.8,5758,1710229.069,12764.3818,374.47
2002/12/29,32.38,79.56946686,106401.1765,649977.5526,289372.4,5749,2000009.847,12944.7725,374.69
2003/1/5,31.96,77.58796711,101243.7856,904055.4684,289412,5752,1523337.235,13908.3614,374.55
2003/1/12,31.54,83.71210698,106062.9987,897124.4519,289460.5,5728,1012219.372,13443.2505,375.02
2003/1/19,33.04,80.08038402,106838.6028,1131987.51,289509,5702,1477729.862,14178.3178,374.92
2003/1/26,34.46,82.69318865,81820.22191,1040079.519,289557.5,5739,1146906.204,14340.1722,375.3
2003/2/2,33.19,70.78074967,102843.1451,831242.0227,289606,5764,1369249.908,14092.2171,375.17
2003/2/9,33.95,72.25834473,85241.29389,1049659.366,289656.8,5899,1801660,13440.8339,375.11
2003/2/16,35.79,81.74417514,99631.4432,909853.9393,289707.5,5906,1427350.684,13646.1974,376.38
2003/2/23,36.78,70.4980738,93484.63914,716193.3411,289758.3,5898,1762737.285,14263.7156,376.02
2003/3/2,36.98,83.01772275,92024.8136,588511.0347,289809,5901,1514588.836,13040.2383,376.3
2003/3/9,36.98,78.29470977,92970.74099,935755.5018,289852,5872,1501966.695,13722.8952,376.36
2003/3/16,36.66,83.68773819,84821.56082,712781.6839,289895,5886,1424595.923,13014.7052,375.96
2003/3/23,30.46,75.45681939,84213.49703,849846.2147,289938,5906,1801545.967,13273.2144,377
2003/3/30,30.43,73.67694192,77536.46918,843335.0282,289981,5906,1059514.269,14016.7832,376.85
2003/4/6,29.33,71.733755,84790.03751,516579.943,290024,5866,1272684.277,13863.737,377.13
2003/4/13,28.03,82.65934444,83414.87251,488951.8413,290080.5,5801,1707269.668,13945.9108,377.79
2003/4/20,29.28,74.13495824,77230.98689,410661.4526,290137,5772,1575288.31,13736.1781,378.35
2003/4/27,28.43,75.4465092,80251.15555,522219.5185,290193.5,5766,1583300.137,14124.6446,378.63
2003/5/4,25.69,80.28646171,96530.78727,166458.0386,290250,5829,1840914.635,12614.7052,378.07
2003/5/11,26.58,81.43426146,73106.60236,546052.0405,290308.5,5855,2158436.905,13561.4904,378.07
2003/5/18,28.54,82.67313682,89965.40132,192520.9774,290367,5807,1399030.823,13666.8489,379.43
2003/5/25,29.29,74.91793362,85807.28344,279256.0676,290425.5,5813,1572190.58,13059.4714,378.72
2003/6/1,29.1,69.34779086,96720.26274,206352.7343,290484,5837,1263362.376,14243.2529,378.42
2003/6/8,30.68,72.18961288,97537.69688,339723.6065,290532.4,5803,1810766.527,14436.0769,378.49
2003/6/15,31.46,72.93058468,107177.8119,143450.5673,290580.8,5860,1306765.288,13750.5397,378.12
2003/6/22,30.6,73.3749082,92460.47526,23108.7457,290629.2,5900,1285536.22,13775.643,378.31
2003/6/29,30.01,68.84446364,95700.69972,192011.1523,290677.6,5867,1849506.558,12940.7703,377.58
2003/7/6,30.31,79.08916479,89980.14487,90776.8001,290726,5815,1783244.079,12984.8047,376.57
2003/7/13,30.73,79.83845708,98047.72396,181749.947,290788,5770,1356506.584,13860.1749,377.23
2003/7/20,31.48,75.16074954,108133.7946,265997.6861,290850,5777,1354944.813,14287.3276,376.39
2003/7/27,30.61,75.51211395,98692.66691,69943.3088,290912,5699,1324625.085,15141.318,375.91
2003/8/3,30.73,72.00514354,110085.8051,296261.3202,290974,5738,1288256.814,13434.463,374.94
2003/8/10,32.11,74.17501808,80232.76516,266988.5461,291023.6,5747,1403783.987,13976.2456,374.67
2003/8/17,31.31,72.60545683,111394.0221,115345.7173,291073.2,5750,1082877.687,13836.1546,373.89
2003/8/24,31.19,84.0923868,92922.48325,65347.4037,291122.8,5736,1697407.017,14276.5684,373.44
2003/8/31,31.56,80.00195536,120598.2766,-19048.2389,291172.4,5723,1436251.622,14066.1232,373.21
2003/9/7,29.2,63.54249713,88035.22844,7149.4042,291222,5727,1490270.31,13667.075,373.12
2003/9/14,28.92,64.70415508,91276.19266,14303.1335,291282.3,5703,1406513.571,13669.0735,372.88
2003/9/21,27.39,80.45433361,86024.15654,-118654.2032,291342.5,5739,1490546.398,13494.9734,373.35
2003/9/28,27.73,78.63711011,87722.61752,245628.7495,291402.8,5734,1347837.035,14542.3593,373.28
2003/10/5,29.43,71.29480146,91210.74967,357861.5448,291463,5678,1633154.746,13635.4992,372.92
2003/10/12,30.69,77.313293,89381.76103,317768.0434,291516.5,5559,1462321.839,14446.0253,372.79
2003/10/19,31.49,63.25942129,97183.15042,198456.2171,291570,5605,1068719.697,14306.2402,373.43
2003/10/26,30.17,80.23399279,99250.46406,442053.327,291623.5,5614,1492473.269,14284.4929,373.4
2003/11/2,29.28,71.12486866,98615.15734,250369.9801,291677,5550,1483422.692,14291.9277,373.96
2003/11/9,29.79,71.80530109,81196.16074,395839.5751,291715.2,5596,1050125.359,15590.9598,374.52
2003/11/16,31.56,76.44166853,92143.16103,698670.0663,291753.4,5692,1605069.192,14268.8882,374.89
2003/11/23,32.58,77.21943254,91541.65597,673320.1065,291791.6,5683,1396677.314,14077.1514,375.27
2003/11/30,30.11,79.45282734,81882.01429,463011.1713,291829.8,5709,1738993.828,14551.924,375.32
2003/12/7,30.63,79.17047781,101946.0779,943077.459,291868,5597,1471329.632,14739.574,375.74
2003/12/14,32.16,79.90311141,111879.3984,550480.5299,291912.5,5592,1383627.615,13787.9014,376.34
2003/12/21,33.2,72.90284366,108918.8677,638720.379,291957,5663,1800363.453,13902.8556,376.14
2003/12/28,32.24,73.54905931,88241.95344,505241.3606,292001.5,5658,904014.516,13712.1712,376.35
2004/1/4,32.68,72.98347764,83847.69863,880208.9459,292046,5664,2602745.805,13906.8013,376.34
2004/1/11,33.89,78.95171391,102452.1355,742646.2871,292092,5705,2475319.57,13721.3619,376.95
2004/1/18,34.51,77.55440134,92151.16695,987923.2231,292138,5717,2336155.22,14471.5654,377.12
2004/1/25,35.45,83.12234762,103511.0479,928741.4243,292184,5709,2296241.53,14207.5358,377.95
2004/2/1,33.61,86.00113659,75784.09387,805123.6154,292230,5710,2486668.341,14517.9729,377.87
2004/2/8,33.41,81.78820867,95275.76804,1058302.151,292270.8,5703,2230089.095,13506.4646,378.43
2004/2/15,33.88,84.31803375,84415.23616,1061490.712,292311.6,5658,2729120.561,14013.2615,377.49
2004/2/22,35.54,79.2383127,93418.17015,1135834.945,292352.4,5622,2739924.347,14827.291,377.62
2004/2/29,36.08,76.76522714,88950.88823,560469.0958,292393.2,5661,2607326.786,13657.5123,378.29
2004/3/7,36.67,79.96081319,95273.44302,696286.6086,292434,5675,2320423.476,14792.9584,378.96
2004/3/14,36.44,72.42733058,94298.73093,412848.8365,292488.3,5658,2512606.56,14493.0696,379.23
2004/3/21,37.78,82.65446949,95635.52522,519200.6298,292542.5,5657,2539539.583,14610.7281,378.5
2004/3/28,36.65,76.40353457,83864.80676,552573.1728,292596.8,5658,2324720.293,14117.3196,379.72
2004/4/4,35.23,79.61772956,97950.13467,323736.0049,292651,5661,2788664.715,14449.3392,380
2004/4/11,35.7,81.03039647,71599.21028,517588.757,292706.3,5611,2991043.488,13914.3366,380.73
2004/4/18,37.39,82.53850831,71213.33833,557009.2049,292761.5,5588,2849819.563,14123.5808,380.38
2004/4/25,37.32,74.9965185,71397.74722,334008.4741,292816.8,5618,2435555.747,14637.8706,380.64
2004/5/2,37.31,72.66911776,80065.28045,274023.8362,292872,5624,2840904.753,14154.1966,380.72
2004/5/9,39.24,79.11228178,90984.69837,55715.4676,292918.2,5626,3041389.659,15175.6929,380.71
2004/5/16,40.37,76.37992532,101579.2106,289359.199,292964.4,5611,2602921.594,14302.4343,380.25
2004/5/23,40.84,85.81440974,85915.47351,273368.1961,293010.6,5608,3347687.851,14125.8351,381.07
2004/5/30,40.65,80.56350525,90473.59011,328985.9179,293056.8,5460,2880552.806,14878.2909,379.94
2004/6/6,40.01,83.4269608,93965.62577,46807.8226,293103,5452,2861308.573,14864.8407,380.09
2004/6/13,37.99,75.44703868,94085.95082,-180775.5687,293164.8,5411,2981658.838,13460.5911,380.16
2004/6/20,37.86,77.89051901,89099.44818,387477.4219,293226.5,5434,2900895.605,14666.3765,379.37
2004/6/27,37.7,81.95498957,88873.74516,109219.4777,293288.3,5394,2682464.945,14161.8732,379.14
2004/7/4,37.14,83.17126266,96625.61901,-49537.8368,293350,5404,2566260.984,14174.3288,378.33
2004/7/11,39.73,78.64886356,104495.3376,21631.4519,293413.3,5485,2715540.897,14530.6178,377.89
2004/7/18,40.33,81.4766566,90675.84598,105503.6662,293476.5,5334,2539797.649,15220.7239,376.74
2004/7/25,41.27,71.61795639,99090.94568,-84396.8777,293539.8,5446,2408841.436,14313.8306,376.42
2004/8/1,42.5,85.50615311,97896.67416,445681.8606,293603,5367,2394039.813,14439.6894,376.76
2004/8/8,43.81,85.69495815,103326.9707,198347.1751,293653.8,5414,2438002.974,14584.9127,376.26
2004/8/15,45.24,68.81870053,96531.76452,97179.5947,293704.6,5243,2915044.559,14225.1015,375.77
2004/8/22,47.28,84.58418134,100356.4488,263950.8748,293755.4,5113,2651542.071,14174.8906,376.09
2004/8/29,44.34,77.33473158,99686.60547,265712.0865,293806.2,5401,2500059.228,14807.1505,373.99
2004/9/5,43.28,82.79225394,94130.70148,208935.7356,293857,5360,2712726.118,14584.8532,374.44
2004/9/12,43.33,83.21725812,100835.8094,79991.1296,293918.8,5337,2557722.693,14353.9705,374.05
2004/9/19,44.39,80.37661942,83370.92197,11783.0646,293980.5,5087,2461171.749,14209.7756,374.4
2004/9/26,47.82,71.03975914,87745.48203,178461.0888,294042.3,4946,2698013.405,14792.9091,374.31
2004/10/3,49.71,85.2971514,91006.45647,476090.535,294104,4656,2604883.751,14281.0982,373.98
2004/10/10,51.77,78.91797814,101383.313,126490.1998,294150.6,5033,2912954.066,14714.1285,374.22
2004/10/17,54.12,79.94442202,87409.60815,167091.0633,294197.2,5090,2793834.415,14846.2258,374.57
2004/10/24,54.43,81.63310967,85462.20326,127632.1757,294243.8,5110,3166890.492,15018.854,374.96
2004/10/31,53.43,81.04906014,95141.96484,157118.567,294290.4,5176,2665098.919,14308.7744,375.31
2004/11/7,49.81,83.45481857,99771.39387,489484.366,294337,5319,2511857.634,14134.3482,375.44
2004/11/14,48,77.68800812,93192.54526,161105.6341,294393,5391,2656446.971,14975.1524,376.8
2004/11/21,47.02,78.44042264,103846.8175,451149.5711,294449,5395,2870084.38,14236.8595,376.73
2004/11/28,48.79,82.00209038,115548.6462,506835.578,294505,5408,2515664.174,14898.3684,376.82
2004/12/5,46.06,85.18931249,111012.3911,774639.14,294561,5396,2746945.466,13487.8779,377.54
2004/12/12,41.91,82.74488702,95655.60451,964996.1603,294612.8,5439,2829124.889,14913.5791,377.24
2004/12/19,43.5,86.99751233,98641.0784,595760.0886,294664.5,5461,2785803.024,14374.246,377.78
2004/12/26,44.39,76.74482593,98394.55865,764051.4679,294716.3,5421,2879188.716,14589.4413,377.83
2005/1/2,42.52,93.54770095,99486.10837,781890.2552,294768,5430,2729180.167,15238.4027,378.21
2005/1/9,44.07,76.50102511,112260.526,1002693.588,294805.4,5430,2609824.752,14697.4488,378.44
2005/1/16,46.79,71.7242621,94248.96644,681734.3667,294842.8,5417,2538046.781,15377.1746,378.35
2005/1/23,47.85,77.67437102,117748.3061,698372.7029,294880.2,5456,2530742.699,15315.696,378.63
2005/1/30,48.56,69.44266679,98361.96258,938332.8319,294917.6,5437,2694157.067,15084.4056,379.42
2005/2/6,46.97,85.79114978,83992.91412,696437.2844,294955,5421,2564950.028,14592.1114,379.23
2005/2/13,46.08,75.27447149,91200.32674,881878.7077,295003.5,5427,2147496.421,14713.1731,379.92
2005/2/20,47.82,80.12799364,79818.44652,964104.4986,295052,5436,2584811.885,13931.0641,379.87
2005/2/27,51.75,83.81464316,75695.58271,631562.9877,295100.5,5492,2480660.019,14988.8117,381.36
2005/3/6,52.74,79.17525636,86971.90151,495905.6526,295149,5489,2540652.767,15402.1292,380.06
2005/3/13,54.22,81.64728787,86943.33204,769709.2225,295201.5,5504,2267402.677,15481.2226,381.28
2005/3/20,55.93,88.47193885,81907.044,799812.5957,295254,5480,2307707.753,14512.6277,380.22
2005/3/27,52.95,85.27527293,92069.82693,603274.7042,295306.5,5496,2983753.96,14823.3901,381.76
2005/4/3,54.97,88.19992872,82026.56134,587368.8664,295359,5504,2982508.953,15046.6804,382.3
2005/4/10,55.24,78.72896071,93600.06656,340470.5987,295414.8,5428,2888643.439,14943.5772,382.1
2005/4/17,51.44,77.00116312,79390.019,485322.972,295470.5,5441,2567751.552,14772.325,382.18
2005/4/24,52.39,82.19918947,70765.77292,442169.6758,295526.3,5415,2847217.77,15028.7973,382.57
2005/5/1,52,80.11960107,103841.2702,508040.4259,295582,5423,2582411.813,14789.838,381.94
2005/5/8,50.64,89.88904555,79505.16569,109675.2207,295630.4,5510,2719072.329,15646.5302,381.98
2005/5/15,50.33,74.7135097,84371.81606,30677.321,295678.8,5521,2815157.196,13782.859,382.63
2005/5/22,47.77,83.3910923,80942.56793,104500.9187,295727.2,5539,2532552.69,15201.5054,383.01
2005/5/29,50.15,80.11640425,87714.55035,210970.0348,295775.6,5537,2765709.713,14710.1501,382.79
2005/6/5,53.76,86.35118594,82302.35342,82504.4197,295824,5515,2606665.362,14354.8502,382.63
2005/6/12,53.74,76.88368653,89095.21802,66941.7085,295887.3,5542,3039252.066,14860.9474,382.41
2005/6/19,56.18,91.84806841,90698.74709,46511.8075,295950.5,5541,2851196.672,14932.1775,381.95
2005/6/26,59.04,75.42032791,105070.211,-2913.6551,296013.8,5359,3068770.531,14949.044,381.36
2005/7/3,58.21,83.59898779,112556.7084,171284.2462,296077,5498,2538745.784,14540.9709,381.11
2005/7/10,60.36,84.47641459,108597.0032,295086.173,296129.2,5463,2722047.664,14479.4856,380.85
2005/7/17,59.18,88.35701039,102424.0671,16767.4473,296181.4,4758,2957349.022,15305.3658,380.74
2005/7/24,57.3,82.25070141,102093.1596,269689.2859,296233.6,5448,2492395.338,15162.7443,380.14
2005/7/31,59.39,80.51812091,102749.374,214529.912,296285.8,5149,2530045.161,15410.2613,379.83
2005/8/7,61.64,86.11215873,114478.7529,190824.8676,296338,5417,2606802.839,15162.9914,378.9
2005/8/14,64.85,82.858379,96329.57717,341061.0653,296405,5359,2772407.005,15543.9166,378.83
2005/8/21,64.92,77.94330311,103134.8384,174487.4676,296472,5395,2678659.127,13982.1586,378
2005/8/28,66.34,83.78811645,109158.464,-38490.0468,296539,5427,2587686.845,14525.297,377.95
2005/9/4,68.47,85.83755754,96664.92484,325904.8881,296606,4360,2469355.536,14083.2657,377.32
2005/9/11,64.81,82.61117002,106425.5878,42678.4979,296668.8,4268,2618846.732,14868.366,376.16
2005/9/18,63.84,88.28701692,104863.8452,-29638.2139,296731.5,4500,2454604.415,15574.9931,376.35
2005/9/25,66.43,86.86075752,96603.72219,288473.959,296794.3,4348,2356896.424,14678.1963,376.46
2005/10/2,66.06,84.18437772,105191.2601,98.8977,296857,3813,2691848.044,15409.9187,376.65
2005/10/9,63.06,81.44148265,105084.7126,178133.1082,296903.4,3901,3135437.954,15215.8889,376.91
2005/10/16,62.87,85.55550416,92125.06003,342472.9062,296949.8,4147,2714455.783,14589.2419,377.215
2005/10/23,62.28,92.13815977,88232.35329,167795.56,296996.2,4108,2684148.337,15714.1111,377.52
2005/10/30,61.33,84.8773775,85199.11755,231669.0459,297042.6,4068,2641014.15,14691.6169,377.8
2005/11/6,60.34,84.10640458,95189.28782,416703.6512,297089,4306,2801686.171,14549.6683,377.94
2005/11/13,58.8,82.25242779,85223.84311,482640.8693,297144.5,4583,2700339.063,14874.5257,378.86
2005/11/20,57,85.24387178,86283.56634,596689.359,297200,4579,2627534.395,15480.2939,378.48
2005/11/27,58.13,92.05633584,82489.75268,318039.3849,297255.5,4765,2630414.403,14893.4646,379.02
2005/12/4,57.78,78.89715665,97047.22437,750523.3151,297311,5021,2675549.221,14830.6991,379.93
2005/12/11,59.83,85.14278149,99925.64871,528048.4061,297364.8,4933,2943897.504,14629.2132,380.18
2005/12/18,60.32,84.25952849,91481.93541,677638.3595,297418.5,4890,2435547.552,15265.7393,380.24
2005/12/25,57.97,78.41274707,105124.1431,685865.0676,297472.3,4891,2569695.568,15347.676,380.49
2006/1/1,59.82,92.18757486,85259.7638,620486.5248,297526,4864,2740375.169,15425.5218,381.26
2006/1/8,63.39,82.13116894,99900.96602,758364.4873,297567.6,5023,2938076.367,15511.3714,381.2
2006/1/15,63.74,79.81663609,102563.3986,834707.5512,297609.2,5110,2657815.75,16077.9603,381.55
2006/1/22,66.79,94.02996861,90666.57157,756006.5083,297650.8,5119,2968570.151,15264.3019,381.62
2006/1/29,66.82,79.98522066,79694.69414,565028.5137,297692.4,4862,2351781.153,15351.8845,381.62
2006/2/5,66.59,68.97313329,89215.50888,847950.044,297734,4903,3015578.531,15529.5988,382.28
2006/2/12,63.06,82.1814915,84517.49224,679689.2498,297788,5003,3001119.754,14889.0336,382.59
2006/2/19,59.37,81.38168792,81122.05312,618617.7236,297842,4997,2915707.821,15391.4874,381.94
2006/2/26,59.93,90.21697938,85731.61448,518901.5337,297896,4985,2941519.995,15509.3373,382.14
2006/3/5,62.27,83.98575375,95196.90302,380073.7862,297950,5054,2426355.896,15038.5464,382.89
2006/3/12,60.89,90.79470807,80811.0504,620903.6133,298005,5154,2660707.752,15727.8017,382.89
2006/3/19,62.64,79.94041974,91750.32231,756087.0881,298060,5027,2933409.894,14952.4001,382.91
2006/3/26,61.36,86.02672565,71496.94373,555711.9636,298115,5016,2584051.348,15529.3249,382.43
2006/4/2,65.67,90.6191995,82597.32416,319656.4764,298170,5024,2793177.023,14972.2787,384.17
2006/4/9,66.56,87.83174369,61113.32376,490305.0723,298216.2,5053,2861911.759,14710.0892,384.74
2006/4/16,68.85,80.95861681,82516.12872,47777.5445,298262.4,5125,2586560.73,15044.7371,384.86
2006/4/23,71.87,80.02305801,80757.63413,268237.6368,298308.6,5127,2359297.283,14744.8359,384.76
2006/4/30,70.38,90.49485243,76622.68977,261612.6508,298354.8,5122,2682443.734,15077.8633,384.88
2006/5/7,72.14,85.26250094,98791.07935,-16700.7526,298401,5128,2605098.49,15526.7635,385.03
2006/5/14,71.5,92.96349525,90639.38154,168440.0341,298464,5069,2558559.49,15916.6164,385.32
2006/5/21,69.07,97.1849979,92190.22219,141493.4802,298527,5093,2911440.665,15485.8661,384.96
2006/5/28,70.35,79.1855008,92471.04295,170734.925,298590,5088,2896395.246,15513.2475,384.66
2006/6/4,71.53,82.58296516,94772.13179,168696.7057,298653,5097,2806319.955,16299.9156,384.18
2006/6/11,71.54,77.84874614,94013.94232,34556.9993,298717.3,5211,2854103.24,14850.1727,384.28
2006/6/18,69.48,85.08887366,86645.4797,-6414.8677,298781.5,5198,2722566.669,15330.4988,383.93
2006/6/25,69.94,86.00038025,100022.0239,271577.4365,298845.8,5162,2734419.229,15706.3199,383.44
2006/7/2,72.65,82.64737064,113932.1335,365642.2021,298910,5129,2771120.815,14775.1508,383.11
2006/7/9,74.65,79.13119708,99115.93938,144433.6692,298963.6,5275,2897560.087,15526.014,382.83
2006/7/16,75.21,86.22578284,103476.1911,-28405.3228,299017.2,5265,2563242.711,16091.8379,381.8
2006/7/23,73.98,81.16915669,112155.2467,152831.6592,299070.8,5141,2429500.224,15846.8028,382.11
2006/7/30,73.87,81.5737052,102840.0771,109703.9981,299124.4,4940,2694532.455,15496.9313,381.51
2006/8/6,75.2,86.02870961,111587.0277,248089.0434,299178,5144,2755633.259,15819.3443,380.59
2006/8/13,75.63,87.18362197,89254.92341,351262.0831,299246.5,5150,2834829.601,15462.6446,380.4
2006/8/20,71.79,83.73551059,107008.0846,235666.7511,299315,5087,2638045.115,15382.0392,379.79
2006/8/27,72.12,80.06587542,97506.62027,-9051.4456,299383.5,5099,2895635.142,15776.8766,379.55
2006/9/3,70.01,83.19333563,87652.55957,204317.3567,299452,5101,2759528.982,15380.9325,378.69
2006/9/10,67.53,84.20253131,100248.9826,51838.7118,299516.5,5076,2671622.884,15709.6177,379.14
2006/9/17,63.98,89.14486777,84102.53602,173815.4762,299581,5109,2738919.13,16041.9179,378.66
2006/9/24,61.4,82.81672752,88300.37026,-235202.4926,299645.5,5106,3018367.591,14894.2565,378.87
2006/10/1,61.94,77.95384721,88715.44496,331108.4553,299710,5151,2127626.682,15196.2967,378.92
2006/10/8,59.77,84.20398511,97212.72852,2342.751,299758,5253,2148548.097,14647.2806,378.9
2006/10/15,58.58,91.69819017,99132.36371,726040.6124,299806,5132,2031194.028,15619.0895,378.93
2006/10/22,58.48,86.23981054,82404.01938,6823.2544,299854,5221,2110576.587,15576.5178,379.48
2006/10/29,58.88,84.1403307,99820.45421,181293.4934,299902,5307,2209213.288,14815.6112,379.64
2006/11/5,58.55,93.74005876,89419.73491,456145.2286,299950,5329,2179788.9,15232.3815,379.76
2006/11/12,59.96,98.59703204,71278.0044,385257.2698,300007,5326,2255394.07,15178.5485,380
2006/11/19,57.56,83.28911737,100263.451,547340.1196,300064,5269,2035796.901,15679.1572,380.38
2006/11/26,57.24,88.40873197,86026.08543,391845.0377,300121,5030,2033476.351,15091.0691,381.24
2006/12/3,62.02,87.52475355,97865.80991,561995.4905,300178,5368,2444816.398,16049.6908,381.47
2006/12/10,62.32,87.7319565,108608.6641,938196.0477,300222,5357,1797861.973,15544.2203,381.7
2006/12/17,61.91,91.1622151,101828.4689,476647.1083,300266,5348,2065023.274,15275.3912,382.18
2006/12/24,62.4,90.20456779,99007.11302,646664.5195,300310,5361,2029352.32,16008.2234,382
2006/12/31,60.66,79.13977133,100107.7315,679905.7737,300354,5369,1964675.746,16020.5613,382.08
2007/1/7,57.76,88.60284918,104035.4021,704263.2042,300398,5370,2988811.502,15790.3947,382.92
2007/1/14,54.11,90.95562755,103780.4387,891605.4068,300450.5,5317,2709715.015,16649.8913,382.43
2007/1/21,51.51,84.44231358,103390.5355,696215.9293,300503,5241,2755075.745,15778.5051,383.55
2007/1/28,53.57,81.84302068,96057.80734,730377.1935,300555.5,5224,2938332.73,16056.7067,383.67
2007/2/4,57.11,90.16938553,98474.40128,1091838.208,300608,5283,2771234.121,15172.3312,383.26
2007/2/11,58.99,86.44064305,94496.68971,870046.4919,300661.8,5316,2875240.282,15614.8533,384.81
2007/2/18,58.41,82.99547001,83686.70716,959005.3591,300715.5,5323,2459410.838,15806.538,384.71
2007/2/25,59.57,94.5869557,100026.8918,986582.2468,300769.3,5285,2458102.386,15693.2683,384
2007/3/4,61.64,92.00275269,84106.57494,682206.0237,300823,5267,2846530.726,15432.0394,383.41
2007/3/11,60.85,89.3594399,103531.2681,456714.0119,300878.5,5218,2694118.581,15285.4857,384.33
2007/3/18,57.94,84.71337361,76686.44781,264307.6874,300934,5235,2675984.038,15713.058,385.08
2007/3/25,58.26,80.65830645,97864.86294,621351.4945,300989.5,5218,2563255.285,15967.6317,385.85
2007/4/1,64.18,82.0732278,90176.32351,465518.3299,301045,5243,2149733.527,15766.1844,385.85
2007/4/8,64.82,85.3979301,87599.42448,659604.9466,301091.6,5179,2131819.974,15165.2906,385.78
2007/4/15,62.58,91.54768879,89773.79037,456012.3243,301138.2,5125,2306294.385,15814.8897,387.29
2007/4/22,63.06,91.52112413,76266.36448,651903.8618,301184.8,5128,2323015.754,15926.8709,386.96
2007/4/29,65.26,78.5183196,86555.67407,543527.7747,301231.4,5089,2393010.781,15933.3298,386.6
2007/5/6,63.82,81.75202587,88847.21947,212294.2459,301278,5131,2434013.588,15638.2535,386.25
2007/5/13,61.9,87.70108526,81860.93092,183258.5197,301340.5,5201,2072546.81,14686.2564,386.65
2007/5/20,63.61,81.17921945,94932.03043,379008.2363,301403,5207,2006537.89,15650.5153,386.51
2007/5/27,64.89,91.53779875,83383.42954,206731.1832,301465.5,5148,2284865.859,15169.9598,386.91
2007/6/3,63.94,94.90925123,106219.0719,193103.1716,301528,5180,2193380.527,15641.4706,386.9
2007/6/10,65.9,86.80481626,100267.7268,234696.7907,301593.5,5170,2177168.949,15718.7055,386.43
2007/6/17,66.62,93.2357819,92414.91198,-534.6773,301659,5093,2102317.392,16539.6461,385.7
2007/6/24,68.78,95.92961542,94292.39934,104354.5007,301724.5,5108,2339951.165,15815.7269,385.04
2007/7/1,69.13,90.14957295,113913.7433,319478.5117,301790,5122,2573740.977,14980.4772,385.38
2007/7/8,71.78,78.52873116,101397.2565,153009.9606,301844.8,5198,2480901.743,15765.2013,385.12
2007/7/15,72.79,78.33271033,103882.4975,-102188.2506,301899.6,5201,2282509.893,16566.7179,384.08
2007/7/22,74.92,80.44562975,109501.6858,-8988.682,301954.4,5184,2395618.27,15463.1011,383.8
2007/7/29,75.15,97.04695614,114079.6698,79682.3252,302009.2,5206,2600301.822,16005.6673,382.87
2007/8/5,76.75,93.08193539,91474.01846,-5670.7034,302064,5142,2458530.843,15822.2178,382.39
2007/8/12,71.92,93.94166608,112751.436,271967.8968,302131.5,5192,2395958.134,15136.1957,381.87
2007/8/19,72.05,93.4871798,114821.7919,228115.721,302199,5119,2520649.77,15460.0022,382.09
2007/8/26,70.19,87.64366631,114067.7283,334999.4406,302266.5,5161,2492254.062,16119.5734,381.62
2007/9/2,72.93,80.47400917,93091.68122,136050.6712,302334,5021,2515134.751,15472.8284,381.52
2007/9/9,75.96,88.17466809,105448.4712,-134825.5311,302385.2,5129,2643176.551,15740.3745,380.65
2007/9/16,78.95,88.8564846,94383.57215,-17459.0153,302436.4,5039,2482964.782,15683.6653,380.79
2007/9/23,82.26,82.12863162,87272.52094,63007.2145,302487.6,5027,2760999.583,15167.5977,380.67
2007/9/30,81.7,90.9077714,91050.3771,272632.5892,302538.8,5064,2691377.726,15671.8907,380.87
2007/10/7,80.59,87.35360151,97986.13836,262394.6857,302590,5059,2252641.74,16213.6432,380.94
2007/10/14,81.46,87.86289378,84958.97625,270745.6065,302651,5102,2456303.205,15770.0687,381.02
2007/10/21,87.8,88.1917291,84775.81365,101668.6412,302712,5122,2488953.469,16314.8258,381.34
2007/10/28,89.23,79.32680459,88531.68385,148537.6606,302773,5114,2093861.792,15705.811,381.75
2007/11/4,93.46,90.86995696,82852.28563,590465.0287,302834,5126,2081219.286,15497.0168,382.01
2007/11/11,95.81,93.52857844,86548.11994,596908.0248,302891,5134,2230812.889,15027.275,382.21
2007/11/18,93.56,78.05657646,86879.089,374602.1348,302948,4942,2023057.58,15624.8317,383.04
2007/11/25,97.93,88.58319053,83088.17427,341144.1125,303005,5117,2274789.84,15247.2507,382.87
2007/12/2,92.47,84.43778122,104029.1484,848143.0101,303062,5133,1959972.954,16207.1435,383.66
2007/12/9,88.71,92.36354119,108724.0017,669533.1953,303105.6,5117,1848314.883,15994.7737,383.68
2007/12/16,91.18,86.13367551,109401.618,726586.1745,303149.2,5110,2020039.573,15223.652,384.38
2007/12/23,91.16,83.44972061,105935.4857,620978.6262,303192.8,5117,2072058.174,15229.7079,383.88
2007/12/30,95.64,87.08898607,102264.0889,787745.8288,303236.4,5078,1881169.297,15711.9865,384.76
2008/1/6,98.17,87.13305809,93197.01454,854568.1454,303280,5051,2147390.646,16229.2209,384.39
2008/1/13,94.76,85.180765,94099.38398,933013.3134,303333.5,5013,2207614.233,16231.1037,385.79
2008/1/20,91.51,80.08086183,96045.96374,950937.6465,303387,5042,2118038.154,15002.4641,385.99
2008/1/27,89.41,82.61566297,107412.8681,1203304.951,303440.5,4998,2244786.67,16483.2299,386.76
2008/2/3,91.14,96.54246377,92540.99596,671350.3651,303494,5013,1799968.205,15687.8216,386.01
2008/2/10,89.08,89.62786236,99651.10217,732792.3771,303547.3,5044,2079661.966,16421.9799,385.95
2008/2/17,94.13,90.27943382,91154.5544,815660.328,303600.5,5034,2347472.306,16204.4098,385.3
2008/2/24,99.61,90.86996178,98567.29078,718111.9326,303653.8,5044,2203551.912,15411.9093,385.36
2008/3/2,100.84,99.35410078,92384.06817,543001.2244,303707,5050,1889651.797,16787.5244,385.81
2008/3/9,103.44,93.45320341,105462.3917,710284.9212,303750.8,5100,2121310.57,16042.5864,385.72
2008/3/16,109.35,93.55587576,79328.10565,605742.5585,303794.6,5100,2257394.227,16167.9898,385.82
2008/3/23,105.28,95.49997829,81634.83819,764368.2872,303838.4,5103,2087592.691,15759.091,386.74
2008/3/30,104.49,85.33926136,102014.1613,705736.0433,303882.2,5087,2198134.229,15793.6826,388.09
2008/4/6,103.46,98.1357423,84165.83254,461027.1817,303926,5097,2067186.842,16189.2472,386.73
2008/4/13,109.71,90.83373636,81983.29595,74447.907,303983.8,5096,2072373.348,16552.054,386.48
2008/4/20,114.33,94.72630855,85723.70608,276040.0554,304041.5,5101,2361871.958,15261.3888,387.33
2008/4/27,118.53,91.7173678,79280.96458,325627.3073,304099.3,5098,2317924.799,16626.6882,387.27
2008/5/4,115.42,90.74491917,98813.32819,169226.8446,304157,5099,2266536.5,15732.1348,388.52
2008/5/11,123.01,89.88741792,82240.09225,124850.2308,304216.8,5128,2220045.195,16267.5256,388.87
2008/5/18,124.96,88.1604051,86573.2338,196274.2681,304276.5,5045,2173249.663,16585.7153,388.89
2008/5/25,130.14,87.71514181,85322.80956,341283.4564,304336.3,5128,2274677.057,14978.3581,388.59
2008/6/1,128.47,100.4704696,100216.1428,-93989.3216,304396,5139,1485499.688,15483.972,388.54
2008/6/8,128.16,101.9112376,81963.56228,154554.2332,304446,5114,2119222.469,16257.5225,387.47
2008/6/15,134.8,81.25796901,90318.30327,41158.6321,304496,5145,2000189.907,15028.5645,387.88
2008/6/22,134.34,84.12114383,102049.9754,326074.6262,304546,5120,2322132.803,15749.0682,387.34
2008/6/29,137,92.91538753,102465.1015,83515.3325,304596,5123,2472974.403,15664.0085,387.34
2008/7/6,142.52,98.99413086,115895.2466,1125.5016,304646,4960,1944560.494,14675.5127,387.34
2008/7/13,139.95,86.01038994,103357.9599,-85950.0196,304710.3,5139,2202284.004,15016.2217,387.34
2008/7/20,135.37,91.24016457,108176.7636,211830.6541,304774.5,5165,2080831.414,16324.4263,386.37
2008/7/27,125.92,82.83190379,97429.2184,3760.2733,304838.8,5160,2302442.168,15787.8002,384.9
2008/8/3,124.57,95.91403912,98921.16557,100001.3358,304903,5172,2220214.162,15543.0556,385.23
2008/8/10,118.8,89.8952355,105137.0481,253446.8166,304954,5139,1889334.072,15274.5573,383.93
2008/8/17,114.4,90.71287947,113611.0612,-153584.5598,305005,5078,1931803.447,14863.8603,383.68
2008/8/24,115.7,95.09571052,88242.70629,102866.8548,305056,4906,2238748.03,15780.1341,383.3
2008/8/31,116.09,88.09734828,96829.9656,86372.5941,305107,5097,2394353.163,15649.4678,383.51
2008/9/7,108.37,99.68914086,102804.9705,139534.6117,305158,4084,2312866.849,15359.3864,383.03
2008/9/14,102.88,90.19106009,93837.8281,54410.045,305219.3,3988,1968481.073,16624.9408,383.37
2008/9/21,97.19,95.22371785,81422.88869,416546.6224,305280.5,3932,1983225.555,15344.8478,383.06
2008/9/28,111.12,89.33020648,91804.6365,160016.2765,305341.8,3839,2115295.972,15212.7472,382.75
2008/10/5,96.59,79.59825653,89314.96973,-14587.5182,305403,4422,2636520.937,15086.0382,382.87
2008/10/12,86.24,84.64898296,79970.59109,496669.7338,305457.3,4572,2241358.268,15035.5842,382.85
2008/10/19,75.19,98.30421741,75442.20358,294784.9546,305511.5,4630,2272975.522,15117.8304,383.07
2008/10/26,68.56,96.39172273,78034.10098,407020.9558,305565.8,4675,2458393.704,14526.4133,383.99
2008/11/2,65.21,100.7364768,78885.7918,481627.3825,305620,4776,2169550.694,15640.2572,383.79
2008/11/9,64.31,91.20511642,84952.59896,316587.7167,305661.4,4885,2399889.279,15831.1043,384.11
2008/11/16,58.6,93.39247797,83300.98954,391422.2978,305702.8,4943,2385524.137,14489.3275,384.34
2008/11/23,52.26,86.90673272,73529.44105,252306.2384,305744.2,5006,2344028.954,15235.3596,384.49
2008/11/30,53.27,99.23816213,93144.23857,433345.71,305785.6,5118,2254337.427,15451.9032,385.05
2008/12/7,45.6,82.36787473,93097.53674,998993.4526,305827,5152,2031384.867,15362.3704,385.29
2008/12/14,44.57,96.2651076,96031.18996,563512.0399,305879,4967,2397440.218,14770.9146,385.54
2008/12/21,39.7,92.91105685,94626.38776,754233.0514,305931,4972,2535053.244,15966.6992,385.93
2008/12/28,32.98,94.41773652,81948.20379,703496.4321,305983,4979,2044910.611,15333.0495,386.23
2009/1/4,42.4,93.26217751,80527.66971,1166510.745,306035,4935,1406957.794,14476.2498,386.4
2009/1/11,44.46,91.81716915,81500.87953,935736.1907,306085.5,4917,1567991.001,16075.1555,387.02
2009/1/18,36.73,91.12247455,97916.98177,938994.686,306136,5052,1336297.836,15137.1916,387.14
2009/1/25,42.15,87.88814217,84498.02661,904605.3874,306186.5,5045,1652557.38,15155.344,387.5
2009/2/1,42.7,82.71526479,89510.77745,799294.7812,306237,5235,1470782.481,15538.1713,387.03
2009/2/8,40.78,93.36764893,71098.88197,618320.0392,306287.3,5327,1593090.687,15471.4008,386.94
2009/2/15,36.94,88.78971695,74517.40904,760844.1279,306337.5,5323,1502749.892,14543.0576,387.62
2009/2/22,37.15,97.86912526,85504.95182,813072.3426,306387.8,5300,1555384.057,14784.8645,388.22
2009/3/1,41.1,81.81577662,85588.57982,578548.6706,306438,5373,1390616.526,15104.8933,389.08
2009/3/8,43.18,90.42459927,73251.34166,607066.723,306479.4,5401,1847258.94,15138.5438,388.8
2009/3/15,45.66,89.68480464,74651.50317,728545.5122,306520.8,5414,1572770.971,15889.1075,388.2
2009/3/22,49.49,93.59348474,88029.33328,607862.7477,306562.2,5432,1933223.874,15121.949,389.29
2009/3/29,52.99,105.508484,81588.96621,786643.0421,306603.6,5480,1451331.11,15312.9473,389.04
2009/4/5,50.34,97.28367711,72928.73097,389615.9568,306645,5469,1181283.104,15389.4132,389.43
2009/4/12,50.46,79.21638417,72626.84388,553381.695,306699.5,5482,1278670.711,14744.1587,388.93
2009/4/19,49.86,95.22345837,69962.81952,351902.9953,306754,5421,1752394.499,14624.3705,389.56
2009/4/26,47.8,90.47665312,62897.7251,288745.065,306808.5,5269,1557440.72,15090.7143,390.52
2009/5/3,50.2,83.20526212,74206.94696,121060.5266,306863,5280,1627921.213,15989.9409,389.76
2009/5/10,55.96,85.39193122,70705.41812,576222.4508,306908.4,5306,1449583.243,15506.4052,390.17
2009/5/17,57.94,83.63227443,68756.66813,31301.3932,306953.8,5352,1751162.551,13937.4647,390.38
2009/5/24,60.32,93.41638706,69169.27843,360071.452,306999.2,5364,1423014.395,15393.4521,390.41
2009/5/31,64.32,93.09397734,85285.69079,230977.7072,307044.6,5358,1725623.839,15139.8865,389.85
2009/6/7,68.11,81.71419687,63891.68389,237182.9393,307090,5358,1497634.491,14824.8775,390.2
2009/6/14,70.85,86.21467252,78920.87741,594720.9867,307148,5273,1420125.624,15951.949,389.42
2009/6/21,70.62,87.40114379,94114.70612,316539.0036,307206,5257,1446100.539,15510.0064,388.49
2009/6/28,68.58,101.0377775,96335.25878,-123529.2325,307264,5163,1592382.466,15441.2667,388.69
2009/7/5,69.32,90.17048156,91931.14927,84833.2716,307322,5171,1556423.607,14318.1102,388.48
2009/7/12,61.48,90.0724046,86634.50848,254757.6723,307384,5171,1309379.952,15632.4616,388.36
2009/7/19,61.29,84.31702617,89676.92666,275855.2227,307446,5176,1802083.996,14560.4431,387.68
2009/7/26,65.28,95.57834986,98398.0648,31689.3077,307508,5107,1457433.144,15250.1881,387.37
2009/8/2,67.03,86.47059764,96428.95595,115161.3797,307570,5246,1748561.206,15728.7843,387.06
2009/8/9,71.58,85.09947302,83563.27643,43932.58,307621.2,5172,1570400.981,15456.0037,386.01
2009/8/16,69.64,96.7047074,86082.18184,16184.9177,307672.4,5169,1560253.029,15473.4785,385.7
2009/8/23,70.8,91.8051863,94247.95355,180892.5116,307723.6,5173,1389256.02,15673.6288,385.86
2009/8/30,72.37,96.10027591,89980.96011,55273.95,307774.8,5244,1632521.183,14918.9904,385.15
2009/9/6,68.39,99.27969399,77171.67317,273458.2255,307826,5266,1560786.27,14657.4655,384.69
2009/9/13,70.91,88.77604432,82955.87834,103923.2028,307887.3,5304,1918771.186,15234.8004,384.76
2009/9/20,71.32,84.00207811,72194.94347,213026.6228,307948.5,5300,1884153.596,15495.1688,384.62
2009/9/27,68.33,98.92698663,65144.28458,144432.746,308009.8,5375,1752568.282,15632.2362,384.03
2009/10/4,68.84,98.00536291,69444.39202,52664.5106,308071,5360,1564987.729,15510.5532,383.88
2009/10/11,70.8,78.29153384,72301.69051,298163.5683,308125.5,5377,1420240.975,14646.604,384.38
2009/10/18,75.73,92.18839483,70766.87513,385404.6922,308180,5371,1537751.39,15028.8582,384.71
2009/10/25,80.06,86.19722836,82726.04861,107315.2839,308234.5,5357,1351045.937,15541.84,385.01
2009/11/1,78.47,90.69360801,85228.66419,386664.6519,308289,5391,1387037.93,15609.6633,385.36
2009/11/8,79,87.17050164,90495.19237,308424.1195,308330.2,5506,1235175.889,14385.5843,385.69
2009/11/15,78.24,86.39811365,77246.8216,693042.2505,308371.4,5317,1469860.758,14891.3074,386.34
2009/11/22,78.37,90.57445667,75489.73316,208022.272,308412.6,5433,1638937.633,14630.6548,386.38
2009/11/29,76.14,96.35268624,83642.89326,415565.2691,308453.8,5561,1618710.46,14599.422,387.07
2009/12/6,76.81,94.07435648,93683.11647,1119617.875,308495,5538,1523375.79,14770.9806,386.97
2009/12/13,71.51,88.27407449,85944.48972,916306.4359,308547.8,5524,1557617.097,15406.7716,386.87
2009/12/20,71.72,92.27426684,90715.16909,630291.408,308600.5,5524,1514938.363,15081.6501,388.4
2009/12/27,74.76,94.0301805,91030.69596,752902.0681,308653.3,5512,1569673.422,15148.6154,388.6
2010/1/3,79.07,88.11499974,100381.8392,956823.6713,308706,5507,1886270.17,15534.7589,388.17
2010/1/10,82.34,101.191094,91515.85895,1101258.678,308745.6,5496,2333794.095,14962.8161,388.33
2010/1/17,80.06,89.03161573,106869.8601,989761.107,308785.2,5404,2292500.531,14859.5732,388.33
2010/1/24,76.62,100.843667,116971.4287,769795.0494,308824.8,5421,2264037.391,15790.1681,389.01
2010/1/31,73.94,88.57147007,95186.52463,1034156.825,308864.4,5403,2207187.289,15429.9961,390.71
2010/2/7,74.57,90.52992911,85720.11661,608208.21,308904,5475,2182117.266,15063.9954,390.35
2010/2/14,73.88,90.38004453,87683.52994,811937.2724,308951.8,5482,2345490.532,15447.2025,390.22
2010/2/21,78.25,96.4859397,88986.57423,1167357.233,308999.5,5505,2338841.477,15355.1112,389.57
2010/2/28,79.22,88.03761984,83982.12419,785736.9696,309047.3,5510,2231150.325,15454.6339,390.93
2010/3/7,80.19,94.47680983,78266.86243,536445.0669,309095,5527,2322972.978,15151.5728,391.38
2010/3/14,81.76,82.39204397,80690.36453,604345.8392,309141,5540,2084446.475,15942.4203,391.17
2010/3/21,81.44,92.72970304,91419.08693,678692.1446,309187,5536,2408167.653,15040.2432,390.29
2010/3/28,80.65,93.98854236,92112.16567,799385.8945,309233,5489,2149260.15,15904.2251,391.77
2010/4/4,83.01,88.60825216,60958.2223,168487.6957,309279,5473,1848498.529,15792.1749,391.19
2010/4/11,85.66,82.61586047,73125.8597,369657.8036,309323.5,5475,2055565.798,16018.1143,392.71
2010/4/18,84.34,91.38056288,77238.42968,-95581.0245,309368,5466,1901589.497,15640.8484,393.3
2010/4/25,82.9,92.8555811,75161.51336,370399.6994,309412.5,5488,2367560.624,14976.6362,393.2
2010/5/2,84.22,86.77801348,81027.91036,291090.8423,309457,5522,2281812.025,15231.7161,393.01
2010/5/9,80.24,97.84876971,75248.4772,304687.092,309494.2,5533,1828397.088,15899.9985,392.6
2010/5/16,74.98,106.4794299,76662.63612,152534.5248,309531.4,5516,2104914.204,16375.2879,393.42
2010/5/23,69.14,90.3334769,79076.36869,322270.1393,309568.6,5540,1692894.944,15988.5151,392.71
2010/5/30,70.62,99.78878456,81789.59583,-67654.4414,309605.8,5320,1954706.733,15881.5363,393.3
2010/6/6,72.91,87.77526148,88287.66749,-42674.0965,309643,5445,2161108.539,15583.7126,392.75
2010/6/13,73.44,97.01155553,92729.31266,148404.3498,309694,5503,2203862.625,16092.1281,391.85
2010/6/20,76.7,97.75366223,93839.83948,115975.2985,309745,5501,2002632.508,15998.8979,391.64
2010/6/27,77.06,89.74121947,89009.47846,140894.1901,309796,5257,1969844.608,15907.4685,391.15
2010/7/4,74.96,91.01551637,88381.47969,193269.9742,309847,5414,2227953.614,16047.5796,390.55
2010/7/11,74.39,95.51953626,102670.8981,18910.6904,309900.3,5352,2009619.156,15585.5447,389.85
2010/7/18,76.35,93.24812406,104165.9648,165960.0095,309953.5,5460,1767528.011,15979.7927,390.26
2010/7/25,77.56,90.79952175,124987.89,-14082.2868,310006.8,5486,1890140.424,15596.6,389.82
2010/8/1,78.12,102.0431123,95222.33718,-18585.6599,310060,5440,2242715.951,16333.6197,388.86
2010/8/8,81.79,96.91661077,93578.93222,63373.7381,310104,5239,2164638.509,15276.8835,388.82
2010/8/15,78.17,93.30254714,98774.3161,248784.4514,310148,5352,2129119.375,15676.5751,388.47
2010/8/22,74.84,99.14839083,101277.2749,392987.1357,310192,5511,2311201.305,15265.5044,387.62
2010/8/29,72.91,87.77409114,106020.2265,116356.4675,310236,5602,2004858.146,16779.388,387.53
2010/9/5,74.02,87.38369081,89244.71586,241399.4687,310280,5603,2052327.279,16006.8378,386.14
2010/9/12,74.82,89.84341169,82654.85418,181514.8199,310332,5573,1911900.47,15448.046,387.06
2010/9/19,75.62,99.64703212,84837.59329,211606.3828,310384,5556,1859764.014,15840.9087,386.78
2010/9/26,73.76,93.85839075,89567.50677,170328.4348,310436,5562,1896605.876,16312.6123,386.78
2010/10/3,78.41,92.73808533,73350.06873,5864.6724,310488,5514,2295802.631,16039.4738,386.95
2010/10/10,82.29,92.22447223,71155.91587,95976.4935,310525.8,5528,2369375.009,15534.2244,386.84
2010/10/17,82.16,101.456396,68455.99552,174644.4594,310563.6,5536,2560632.083,15827.462,387.43
2010/10/24,81.15,98.77619314,91661.17256,249482.0544,310601.4,5540,2675776.418,15720.5772,387.83
2010/10/31,82.03,93.54932475,77640.1805,242888.4273,310639.2,5593,2270943.865,15485.6112,388.05
2010/11/7,84.93,91.13958834,86203.44329,345021.2201,310677,5596,2510485.52,16042.6191,387.96
2010/11/14,86.91,105.4751429,73382.96812,536039.2122,310722.3,5597,2452490.077,15037.1392,388.63
2010/11/21,82.23,92.98283194,63861.16057,599020.4903,310767.5,5581,2532495.281,15526.2135,389.49
2010/11/28,82.28,92.79205598,78983.73295,415961.1784,310812.8,5555,2059238.063,15129.0396,389.66
2010/12/5,86.75,92.2092891,80059.61902,723786.3654,310858,5582,2276883.798,15887.3876,389.78
2010/12/12,88.5,87.7376335,89654.91901,617030.1089,310899.3,5604,2400568.957,15268.5188,389.44
2010/12/19,88.27,91.70188198,105569.8265,844068.9948,310940.5,5598,1965737.93,15969.9734,390.15
2010/12/26,89.66,95.60240769,86887.58199,1039811.271,310981.8,5575,2515600.932,15611.604,389.94
2011/1/2,90.97,85.12385585,88049.03558,982165.5802,311023,5598,1915252.04,15384.7065,391.64
2011/1/9,89.54,91.61319758,99562.75634,1215872.762,311053,5575,1905317.452,15379.6652,390.76
2011/1/16,91.02,95.37553391,80715.79673,910460.1299,311083,5205,1836387.258,14745.51,391.52
2011/1/23,89.75,97.67573802,80371.71131,813958.7513,311113,5321,1715751.717,15388.0152,391.37
2011/1/30,86.11,91.16231109,94528.44397,866045.5887,311143,5568,2322771.449,15460.6456,392.07
2011/2/6,89.52,98.56489158,77416.81395,494686.2749,311173,5597,1676667.477,15432.4585,391.44
2011/2/13,85.51,94.63132579,103998.3352,528166.6514,311213,5610,1975418.677,16243.3294,391.65
2011/2/20,84.13,92.59325056,83241.37389,824629.4194,311253,5604,1878040.202,15984.6669,392.05
2011/2/27,95.26,98.97174134,74385.67688,820659.3105,311293,5591,1825272.092,15391.061,392.06
2011/3/6,101.05,88.97514462,90905.62021,511850.126,311333,5593,1584774.069,15357.8434,391.88
2011/3/13,103.74,105.9117041,72652.81606,527858.6979,311375.3,5591,2060638.146,16173.7208,392.49
2011/3/20,99.79,89.89844163,85273.05943,736143.8016,311417.5,5570,1968977.959,15552.6635,392.89
2011/3/27,104.41,89.38224897,89235.9718,438363.3883,311459.8,5568,1998756.124,15547.6435,394
2011/4/3,105.08,97.53353611,78235.22523,268828.9536,311502,5638,1803672.155,16537.3485,393
2011/4/10,109.29,91.5369343,76700.55172,207894.8842,311546,5635,1669601.899,16142.5291,393.08
2011/4/17,107.75,96.13920112,59596.21637,366351.2325,311590,5625,2014477.217,15857.377,393.55
2011/4/24,109.11,92.36870636,74672.22257,533168.4765,311634,5610,1839234.119,15135.7836,393.31
2011/5/1,112.3,102.8306486,84548.43818,253132.6578,311678,5623,1603168.132,15704.5697,394.14
2011/5/8,105.84,94.79424379,82116.85647,110006.8254,311716.8,5609,1462974.601,15301.8827,392.89
2011/5/15,99.87,104.0617748,81319.12617,170388.5146,311755.6,5618,1367954.145,15545.4237,394.91
2011/5/22,97.99,88.29811159,81058.49676,289414.7969,311794.4,5583,2269074.45,15434.1135,394.85
2011/5/29,99.55,98.48285868,77480.89798,126024.1817,311833.2,5609,1957709.48,16172.618,394.19
2011/6/5,100.92,94.27182906,79320.29701,182585.9787,311872,5633,1848651.054,15806.2516,393.49
2011/6/12,100.05,91.18156369,89605.80562,313180.7661,311923.3,5643,1569392.113,15676.8018,393.79
2011/6/19,95.87,98.67527499,91166.47608,129898.975,311974.5,5650,1848244.88,15388.931,393.54
2011/6/26,92.7,88.36761475,90860.04279,287561.4277,312025.8,5593,1761013.735,15798.2541,393.45
2011/7/3,93.7,89.09390787,82606.25266,140856.2638,312077,5520,2365369.196,15902.5329,393.5
2011/7/10,97.12,93.57203316,104208.5489,332532.7125,312120,5578,2023005.126,15060.3643,393.29
2011/7/17,96.72,89.16468825,93900.76467,81989.5922,312163,5591,1978255.654,15328.8538,391.32
2011/7/24,98.01,87.39012008,94289.69441,-20844.2668,312206,5377,1644191.378,16434.0781,391.98
2011/7/31,97.83,90.20347671,104859.4059,59311.9311,312249,5523,1808160.059,15718.9356,391.19
2011/8/7,90.85,91.45875445,102369.8046,89408.6297,312292,5529,1703568.815,15863.1204,390.6
2011/8/14,82.86,87.43479726,97598.81554,-51693.0607,312346.3,5561,2121330.474,15767.4071,390.14
2011/8/21,85.36,93.81924716,112040.5418,-99861.6891,312400.5,5591,1986201.626,16228.7979,389.39
2011/8/28,85.06,100.7258747,88301.31252,159457.0481,312454.8,5598,1886242.337,15297.2045,389.52
2011/9/4,88.07,91.33917123,89397.47016,-26713.7615,312509,5642,1871399.565,16152.06,389.04
2011/9/11,87.91,102.554978,78218.71177,-116349.8221,312558.8,5083,1830736.144,15755.921,389.14
2011/9/18,88.93,92.11425131,69495.73251,105228.8518,312608.5,5747,1734044.4,16194.371,389.08
2011/9/25,83.65,93.40241935,86801.04688,84590.5367,312658.3,5756,2001349.371,15958.9082,388.67
2011/10/2,81.18,94.40906865,78271.15366,163057.0932,312708,5800,1787951.454,16075.8095,388.77
2011/10/9,79.43,88.78584009,77802.89386,463644.6136,312744.2,5878,2118159.435,16417.9639,388.8
2011/10/16,85.35,94.50447127,82701.01239,375580.9327,312780.4,5891,1848513.794,15593.0872,389.03
2011/10/23,86.82,99.65992142,67716.77458,152120.1212,312816.6,5876,1847436.895,15799.3535,389.24
2011/10/30,92.32,106.2519762,62205.51727,166654.2931,312852.8,5818,1956458.351,16175.0073,389.61
2011/11/6,93.24,91.42697787,48187.48135,533631.4098,312889,5846,1490901.466,16124.0897,389.76
2011/11/13,96.97,103.3966155,63094.02566,-30721.6981,312932.8,5894,1554057.676,16119.7349,390.44
2011/11/20,99.32,97.02781061,82924.01869,632078.0527,312976.5,5887,1894162.554,16476.6469,390.51
2011/11/27,96.89,95.8528238,76641.48017,612036.9995,313020.3,5864,1841043.575,17003.4185,391.15
2011/12/4,99.91,85.41079487,85778.20352,576040.119,313064,5861,1825934.166,15246.8292,391.36
2011/12/11,100.08,103.8466567,81609.89997,739288.5121,313104.8,5862,1889267.536,15573.4213,392.01
2011/12/18,96.06,97.9365738,74649.30889,640954.0064,313145.5,5862,2306351.904,15728.7424,392.35
2011/12/25,97.74,87.20546254,78065.83601,933802.0126,313186.3,5846,1744228.752,15456.5397,392.2
2012/1/1,99.81,100.8344293,85285.57294,962960.9502,313227,5851,2371265.489,16493.9902,392.96
2012/1/8,102.39,100.8576327,68346.35644,470388.6126,313258.2,5844,1928401.076,16015.6413,393.37
2012/1/15,100.43,94.74224494,80179.05418,1084407.042,313289.4,5726,2026480.564,16121.6768,392.97
2012/1/22,99.95,84.87043842,76905.55614,816679.7711,313320.6,5722,1890429.131,16108.5517,393.34
2012/1/29,99.35,94.1137605,93781.65924,777408.1039,313351.8,5720,1809789.991,16234.2863,393.24
2012/2/5,97.8,102.7415299,76417.17032,642971.6449,313383,5763,2348308.995,15537.094,393.71
2012/2/12,98.56,89.30503745,70792.55691,559166.9818,313423.8,5819,1912034.616,16876.8085,393.49
2012/2/19,101.73,95.35810782,58044.74833,611162.9242,313464.5,5817,2023649.253,16302.9858,394.44
2012/2/26,107.18,103.5736136,72527.47442,815498.8086,313505.3,5814,1933349.245,15517.5616,394.26
2012/3/4,107.52,100.4463434,54362.72333,269738.5322,313546,5806,1887977.183,16105.4307,393.55
2012/3/11,106.32,91.10907088,59680.6659,232786.115,313587,5830,2147788.242,16297.4069,394.27
2012/3/18,106.15,104.4784736,62184.41367,296925.445,313628,5826,1572221.089,16291.0067,394.79
2012/3/25,106.41,85.53936338,64436.61914,319664.9732,313669,5821,1969315.669,15489.7,395.12
2012/4/1,105.12,91.50587306,56275.72861,364879.1183,313710,6049,1740780.18,16404.6709,395.32
2012/4/8,103.52,96.24904544,51442.15465,161724.342,313744.6,6040,1639529.403,16184.564,396.62
2012/4/15,102.55,88.27132171,61185.86999,285118.3951,313779.2,6043,2151611.816,15844.0428,396.16
2012/4/22,103.15,98.32098899,70204.57123,391736.6715,313813.8,6113,1769768.327,15580.8267,396.61
2012/4/29,103.78,100.8103114,60129.49924,203845.5713,313848.4,6121,1914984.509,16244.9288,396.92
2012/5/6,103.47,101.2428577,76145.31237,314784.8902,313883,6136,1882162.967,16246.5675,397.12
2012/5/13,96.98,104.5974532,74414.8306,295366.9227,313930.3,6149,2203294.757,15940.936,396.99
2012/5/20,93.11,102.4219233,80847.4768,323516.9324,313977.5,6239,1762018.089,16348.2457,396.12
2012/5/27,90.88,102.7180372,54592.55926,277403.7729,314024.8,6227,1892224.058,16047.2399,396.3
2012/6/3,87.06,101.4878821,69668.45785,21290.9863,314072,6245,2009109.148,16702.6044,395.73
2012/6/10,84.43,100.0710143,74041.43366,127476.8181,314122,6236,2352353.248,16280.1563,396.24
2012/6/17,83.27,102.4727707,74282.98091,314564.4459,314172,6353,2041998.625,16057.0153,395.57
2012/6/24,81.11,101.7825524,74597.62451,172524.7738,314222,6257,1964460.833,15773.4179,395.25
2012/7/1,80.23,103.113608,96337.04814,194184.0372,314272,6094,2098734.107,16030.146,394.96
2012/7/8,85.74,101.9204555,89010.35666,319003.1951,314315.4,6249,1830324.949,16423.7318,394.36
2012/7/15,85.78,93.60803967,80058.6725,337569.3807,314358.8,6245,2175548.832,16331.9283,394.47
2012/7/22,90.34,103.2661353,97902.89433,189182.188,314402.2,6364,1665137.463,16487.7803,394.08
2012/7/29,88.88,93.02137596,87632.91445,232910.0995,314445.6,6320,1616386.26,15754.7608,393.43
2012/8/5,89.1,103.685578,82156.11186,242840.36,314489,6218,2306739.699,15482.4177,393.24
2012/8/12,93.14,98.31994151,96612.7478,92994.5195,314542.5,6181,1673288.251,16216.0751,392.49
2012/8/19,94.43,99.89923182,92344.11764,253330.6808,314596,6246,2148469.035,15871.5569,391.36
2012/8/26,96.22,87.08124169,76590.38729,128258.3325,314649.5,6258,2270167.006,15686.4227,391.79
2012/9/2,95.68,90.86348936,76245.92946,-20460.1122,314703,5486,1782094.57,16054.4157,391.86
2012/9/9,95.68,96.81609435,68157.73533,26374.3475,314743.4,5526,2042663.33,16624.6403,390.91
2012/9/16,97.56,96.40979599,77981.86453,431647.6624,314783.8,6277,1838371.676,15901.5808,390.79
2012/9/23,93.7,102.3303029,68506.68035,33927.0463,314824.2,6509,1873240.924,16040.2228,390.89
2012/9/30,91.35,97.29661923,84536.92957,213237.3246,314864.6,6520,2228502.612,15994.1575,390.81
2012/10/7,90.81,94.16000785,62354.32643,274014.4391,314905,6598,2018357.704,16831.5669,390.96
2012/10/14,91.42,101.9154831,65820.20157,317592.7409,314951.8,6606,1566488.373,16316.7589,390.89
2012/10/21,91.59,92.83504106,69352.16994,196835.5876,314998.5,6610,2249534.696,16559.6735,391.33
2012/10/28,86.35,94.58688,70206.77802,-29107.2428,315045.3,6669,1991561.263,16548.2616,391.56
2012/11/4,85.87,101.969105,71088.46552,583370.3014,315092,6677,2167804.955,16344.9029,392.29
2012/11/11,85.98,95.76909962,87748.38384,443688.8359,315133.5,6709,2028093.276,16083.896,393.26
2012/11/18,85.87,97.06359921,64319.6705,601985.8914,315175,6710,1977688.556,16594.3665,393.16
2012/11/25,87.4,98.52213978,90765.50866,133142.3258,315216.5,6818,2064376.354,15775.3018,393.71
2012/12/2,87.27,100.7900293,77373.39936,885524.8348,315258,6817,1899320.4,16543.8479,393.64
2012/12/9,87,101.5667537,74709.25098,652863.1869,315286.4,6852,1926782.906,16383.1521,394.4
2012/12/16,85.71,103.5383042,71947.7175,723397.5982,315314.8,6863,1774638.628,17156.7479,394.53
2012/12/23,88.24,108.2947356,83204.45713,659908.9581,315343.2,6984,2225511.157,15779.4047,394.84
2012/12/30,90.14,88.50436053,89814.76262,593445.4595,315371.6,6985,2064053.246,15893.4696,394.5
2013/1/6,92.77,98.21817185,87512.487,845676.8849,315400,7002,1728215.777,15761.321,395.34
2013/1/13,93.38,93.9138656,84373.99053,931984.7189,315433.8,7041,1555509.524,15900.5121,395.98
2013/1/20,94.58,97.47773873,78164.7059,691150.5153,315467.5,6989,1747274.779,15975.044,395.78
2013/1/27,95.41,97.03000495,68537.59644,757379.6375,315501.3,6993,1912664.56,16764.116,395.77
2013/2/3,97.33,91.68334,80886.25003,748259.2048,315535,6997,1696005.42,16765.9727,396.63
2013/2/10,96.18,98.83349424,66436.63924,953350.811,315571.8,7064,1793807.387,16503.0195,396.97
2013/2/17,96.95,98.6156475,65497.91285,799424.5039,315608.5,7118,1942120.44,16181.6427,397.15
2013/2/24,94.38,103.1310421,70223.14292,952450.6569,315645.3,7096,1913527.529,16787.2598,396.73
2013/3/3,92.19,94.05895677,81259.99358,428236.8776,315682,7093,1719648.147,16724.6811,397.65
2013/3/10,91,95.96423485,58851.39968,687660.9212,315713.8,7159,2081343.337,16306.8079,396.94
2013/3/17,92.7,95.71049775,74023.54861,646076.1896,315745.6,7150,1874863.656,15623.3633,397.36
2013/3/24,93.05,96.58103585,82730.16681,546086.0639,315777.4,7151,1606193.993,16982.8706,397.96
2013/3/31,96.08,98.00065286,89867.00174,568246.5615,315809.2,7151,1688605.457,16482.5239,398.07
2013/4/7,95.07,95.29966728,72706.78959,306134.1654,315841,7181,1828618.433,17126.4134,397.76
2013/4/14,93.36,91.72503784,62383.5645,388244.603,315884.8,7208,1878642.735,16907.3576,397.96
2013/4/21,88,103.5286856,64707.59299,264783.224,315928.5,7326,1888970.519,16706.4485,399.2
2013/4/28,91,96.07586713,72091.97498,372767.3079,315972.3,7312,1883637.187,16226.3611,399.53
2013/5/5,93.4,101.6885153,72433.46599,260255.84,316016,7369,1720231.814,16419.6909,399.52
2013/5/12,95.84,107.4929943,76294.66842,99741.8796,316062.5,7321,1714332.531,15732.8176,399.74
2013/5/19,94.65,91.54202997,72354.14674,157016.2608,316109,7258,1807191.52,16041.5589,399.93
2013/5/26,94.76,105.379898,84254.74995,4118.2787,316155.5,7292,1635696.03,16422.4228,399.88
2013/6/2,93.32,101.7955231,80239.85203,133079.8641,316202,7300,1847407.589,16397.4325,399.18
2013/6/9,94.25,99.74724324,76564.96578,13367.3422,316242.6,7224,1597187.8,16556.2395,398.61
2013/6/16,96.36,86.34025868,87626.43395,198790.5465,316283.2,7129,1850293.837,17265.5219,398.14
2013/6/23,96.65,95.03758319,90158.68205,139887.5642,316323.8,7261,1781920.374,17085.2871,398.64
2013/6/30,95.83,98.26545882,84462.78843,-56158.433,316364.4,7267,1848500.293,16300.845,398.24
2013/7/7,100.65,110.1981998,91160.06159,148024.7785,316405,7401,2261707.534,16346.0782,397.74
2013/7/14,104.7,102.6389183,83842.85724,-46482.0137,316460.5,7490,1625455.891,16279.8921,397.08
2013/7/21,106.88,94.0678199,84586.60228,252728.4359,316516,7555,2038009.437,16468.106,396.82
2013/7/28,105.88,97.11438591,92289.0269,149262.4593,316571.5,7542,2075429.053,16887.7823,396.68
2013/8/4,105.54,100.7449322,80733.09629,295130.6476,316627,7560,2187323.244,15741.7794,395.67
2013/8/11,105.17,92.13072215,83888.12008,327568.2382,316681.8,7571,1936915.159,16525.362,395.13
2013/8/18,106.97,104.1960011,93794.71333,311322.9833,316736.5,7518,2120462.782,16553.0908,395.15
2013/8/25,105.48,94.36894436,91673.54198,30431.9787,316791.3,7609,2145679.122,16653.9312,394.22
2013/9/1,108.33,92.02384393,61273.98767,174016.7542,316846,7621,2261184.279,16302.7904,393.85
2013/9/8,108.77,95.07065529,67053.1549,96367.3805,316887.8,7745,2518121.245,17501.0731,393.35
2013/9/15,108.36,90.61035351,82017.39077,104718.8133,316929.6,7827,1806081.194,16474.6294,393.3
2013/9/22,106.22,92.09819293,67175.05927,442088.5626,316971.4,7777,2207377.912,16157.6957,393.38
2013/9/29,103.1,102.451929,84700.83875,182764.445,317013.2,7784,2148615.894,17539.744,393.31
2013/10/6,103.14,107.2075593,64061.7952,245311.8717,317055,7809,2012678.7,16205.964,393.34
2013/10/13,102.7,94.24672894,56237.87126,177254.723,317103.3,7428,1850679.233,16699.1282,393.68
2013/10/20,101.51,94.40833821,72145.28733,276962.341,317151.5,7896,1743285.702,16677.6673,393.98
2013/10/27,97.57,96.24124015,70954.86194,145889.8558,317199.8,7853,2087178.252,16827.8499,394.24
2013/11/3,96.94,103.6613174,72656.91543,395025.1074,317248,7858,1763784.974,17440.9046,394.46
2013/11/10,94.31,95.26131162,74209.48216,658960.459,317293.3,7981,1525437.574,16827.1183,395.53
2013/11/17,93.94,89.45372761,80128.17684,496591.0564,317338.5,7974,1952576.825,16532.4439,394.87
2013/11/24,93.92,96.39615146,73820.16298,681311.116,317383.8,8019,1726620.947,16887.9417,396
2013/12/1,92.97,99.94666136,75136.43388,1207799.751,317429,8011,1728672.612,15755.9376,396.26
2013/12/8,96.21,90.69010523,86653.72271,713741.9141,317462.8,8075,1833538.874,17116.3576,396.14
2013/12/15,97.23,97.83418291,86614.85392,1006413.799,317496.6,8058,2022337.427,16457.8309,397.43
2013/12/22,97.85,104.4135387,89711.6798,823091.0977,317530.4,8111,1718027.886,16447.5813,397.27
2013/12/29,99.15,96.26283425,89152.01807,1056763.77,317564.2,8121,2040052.066,15555.7173,397.41
2014/1/5,96.47,101.375409,74902.3425,914605.3235,317598,8145,1738714.991,16351.7486,398.23
2014/1/12,92.42,98.04241169,94369.0841,961118.6274,317638,8159,1424965.098,17925.0433,397.75
2014/1/19,92.98,89.03337899,107984.4073,1297411.153,317678,8052,1359531.489,16562.2919,397.97
2014/1/26,96.19,103.6703522,74854.27044,915372.6232,317718,8044,1855146.567,16291.159,397.83
2014/2/2,97.29,107.3192001,78676.10795,921425.4236,317758,8044,1872477.152,16810.8167,397.97
2014/2/9,97.78,105.9653355,85441.86552,725543.8378,317799.5,8132,2098818.686,16151.2985,397.87
2014/2/16,100.21,99.92130487,92513.83645,729123.8947,317841,8148,1794069.95,17048.9419,398.09
2014/2/23,102.93,116.7524916,85659.66375,1015143.598,317882.5,8059,2034853.336,16871.063,397.97
2014/3/2,102.77,99.08737898,85894.71475,778850.1014,317924,8077,1498020.999,17161.8674,398.43
2014/3/9,103.07,107.6881944,57858.38651,877890.866,317958.8,8182,1868957.591,15930.3126,399.88
2014/3/16,99.55,95.35213468,70487.70343,788444.5054,317993.6,8215,2299664.67,17658.0965,401.18
2014/3/23,99.77,94.23239185,86219.70415,579342.1051,318028.4,8190,2187901.501,16765.5011,400.1
2014/3/30,100.66,108.359146,81505.35042,741651.8109,318063.2,8192,1986308.702,17071.099,400.61
2014/4/6,100.46,102.334391,65189.72737,218557.6036,318098,8229,1918683.214,16638.8406,401.11
2014/4/13,102.72,100.8584423,58415.81414,426324.1357,318144.5,8301,1792139.019,16950.1257,401.54
2014/4/20,103.95,93.52183682,42886.94945,269402.5563,318191,8360,1667987.378,16317.6204,401.59
2014/4/27,102.11,101.4863327,64326.2911,346837.245,318237.5,8352,1776989.209,16744.8287,401.74
2014/5/4,100.51,100.8203017,66834.48332,119534.6263,318284,8350,1958189.368,16919.2929,401.72
2014/5/11,100.29,98.35054699,81044.83982,35915.3617,318332.8,8428,1833364.913,16824.8318,401.73
2014/5/18,101.92,94.88613225,73409.43128,-44191.9712,318381.5,8434,1802521.555,17376.4842,401.75
2014/5/25,103.82,99.85284346,69989.39589,110553.1405,318430.3,8472,1667480.255,17485.8577,401.82
2014/6/1,103.95,103.9609727,73521.86601,183404.6002,318479,8383,1978557.429,17556.7739,401.81
2014/6/8,103.23,105.5248803,69852.01989,300164.9764,318521.6,8460,1597117.006,17620.705,401.51
2014/6/15,105.97,105.3606227,85264.01594,410764.3102,318564.2,8477,1770079.948,16930.2212,401.03
2014/6/22,107.23,96.36622953,95905.6976,32658.839,318606.8,8446,1579962.397,17004.8187,400.94
2014/6/29,106.69,99.5232546,76463.96422,302931.7397,318649.4,8442,1502670.028,17638.1121,400.22
2014/7/6,105.52,102.4002173,84995.28403,169810.2794,318692,8514,1290124.423,17540.8927,399.84
2014/7/13,103.25,97.12345096,82293.52132,182807.8063,318749.3,8592,1390470.597,16870.4765,398.82
2014/7/20,102.37,93.71954036,88131.07009,-206964.1448,318806.5,8565,1776466.172,17638.6704,398.81
2014/7/27,104.35,101.1350283,86727.80204,253389.7961,318863.8,8443,1511061.749,17664.9374,397.42
2014/8/3,102.19,109.1380987,83198.41176,364187.9756,318921,8453,1763515.563,16709.8754,397.78
2014/8/10,97.5,94.79661283,92645.26792,-5925.2676,318966.6,8556,1504079.931,17534.8012,397.23
2014/8/17,97.17,104.0115056,84934.74726,-28309.2983,319012.2,8577,1392487.065,17490.3361,396.77
2014/8/24,94.95,107.6259687,100784.5826,13362.8848,319057.8,8631,1318384.654,17469.9212,396.31
2014/8/31,96.25,98.83935223,79596.62778,87045.9646,319103.4,8630,1342615.714,16816.1731,396.35
2014/9/7,94.06,103.6884957,70603.67476,-74329.1017,319149,8590,1484280.744,17527.4636,395.03
2014/9/14,92.43,104.4974849,53453.0481,114016.8182,319203.5,8838,1813609.5,16583.9414,395.07
2014/9/21,93.52,95.99513078,66340.6206,282641.7626,319258,8867,1409747.939,16756.1711,395.45
2014/9/28,93.15,93.01280982,80826.26237,69780.2718,319312.5,8837,1412210.126,17479.7966,395.33
2014/10/5,91.44,105.8436119,60456.3673,115614.9573,319367,8875,1645035.128,17155.6176,395.56
2014/10/12,87.63,100.7456375,60217.55446,132761.6132,319415.5,8951,1844742.588,17295.8152,395.65
2014/10/19,82.88,96.12066197,63186.02404,102002.9741,319464,8934,1886855.191,17494.8654,395.87
2014/10/26,82.12,98.79206371,70294.6226,69406.4972,319512.5,8970,1770055.956,17331.0697,397.52
2014/11/2,81.29,101.3542704,66313.61555,448862.6201,319561,8972,2025786.019,17208.5342,396.78
2014/11/9,78.24,98.83268465,69684.45302,350829.3448,319597.2,9063,1651492.404,17685.1818,397.22
2014/11/16,76.5,92.84353906,60027.55513,568026.3704,319633.4,9004,1483565.22,18097.4767,397.32
2014/11/23,75.38,92.11492903,74452.80241,449510.9932,319669.6,9077,1737294.115,17012.4257,397.89
2014/11/30,72.36,102.8039144,71270.38153,415084.8951,319705.8,9083,1583136.641,17045.3255,398.2
2014/12/7,67.18,93.47211274,67223.64547,695781.9662,319742,9118,1830327.472,17450.1172,399.12
2014/12/14,61.14,106.422783,76604.93729,782835.5948,319782.5,9137,1679211.746,16605.5953,399.1
2014/12/21,55.89,96.84195701,85643.44789,1031732.309,319823,9127,1496717.211,16911.8601,398.92
2014/12/28,55.58,91.31771818,81132.36673,815396.0056,319863.5,9121,1829535.206,17727.3332,399.84
2015/1/4,53.44,95.60916794,84735.89534,984023.6152,319904,9132,2417845.474,16951.2619,399.85
2015/1/11,48.77,98.37789795,86643.46524,792782.8731,319941.3,9192,2146384.694,17182.3176,400.16
2015/1/18,47.07,100.6356014,61815.04097,850875.6079,319978.5,9186,2137833.269,18026.0065,399.51
2015/1/25,46.46,104.5487905,85579.04932,911378.141,320015.8,9213,2143909.763,17283.4655,400.2
2015/2/1,45.32,104.3540247,61165.68384,810437.261,320053,9177,1971122.74,17062.6653,400.17
2015/2/8,50.58,95.65686799,82451.47257,596118.0115,320093.5,9226,2396124.998,17757.7035,399.95
2015/2/15,51.14,99.28360738,72490.3766,883303.392,320134,9280,2059138.955,17326.1614,399.92
2015/2/22,51.69,104.0061779,61815.69653,912692.3306,320174.5,9285,2301091.122,16720.1202,401.34
2015/3/1,49.16,98.35270826,67553.97252,469518.342,320215,9324,2176393.192,17228.1046,401.28
2015/3/8,50.38,91.77677279,72034.21414,813498.9288,320250,9366,2214447.068,17632.4676,401.87
2015/3/15,47.69,98.18767398,66147.06813,513956.8996,320285,9419,2067153.023,17500.7501,400.77
2015/3/22,44.39,98.36556767,57217.50971,472017.0519,320320,9422,2178943.898,17723.7569,401.77
2015/3/29,48.68,104.4996734,57524.95933,759023.1977,320355,9386,2154693.284,17027.6282,401.81
2015/4/5,48.91,94.48867901,60780.41351,409897.419,320390,9404,2385225.703,17841.7792,403.2
2015/4/12,51.78,103.3804896,55767.56696,60308.9519,320436,9384,2420649.969,17324.5046,404.04
2015/4/19,54.78,101.0089815,46777.02728,165009.4135,320482,9366,2207567.697,17680.6113,403.07
2015/4/26,56.14,99.67318592,51899.09864,486332.107,320528,9373,2492002.419,17950.0727,403.8
2015/5/3,57.98,99.5393766,66037.49377,89937.3968,320574,9369,2187627.832,17702.5663,404.13
2015/5/10,59.73,101.678288,64964.84606,207168.9558,320613,9374,2222556.258,18446.9952,403.97
2015/5/17,60.01,106.9097225,59255.89022,61880.6943,320652,9262,2268357.439,17428.5037,403.97
2015/5/24,58.95,91.99044966,55240.61093,32079.9072,320691,9566,2245061.978,18311.8892,403.82
2015/5/31,58.19,101.5722875,46169.82327,252263.3517,320730,9586,2292977.495,17916.608,403.2
2015/6/7,59.66,99.05950695,75538.0414,53318.8694,320769,9610,2191134.368,18135.767,403.24
2015/6/14,60.07,100.2417333,90959.73848,284736.902,320822.3,9589,2230999.431,18238.7707,402.39
2015/6/21,59.89,103.5658597,68730.55731,-273827.4692,320875.5,9604,2340175.384,17089.4617,402.71
2015/6/28,60.01,107.4422876,78933.17781,78873.7077,320928.8,9595,2124407.786,17648.5952,402.15
2015/7/5,57.92,102.1354751,85579.70235,81607.8325,320982,9604,2148040.322,17272.6225,401.73
2015/7/12,52.38,100.7628621,80296.44169,224108.6812,321037.8,9562,2660291.426,18069.1147,401.39
2015/7/19,51.68,97.59744411,81870.63699,249361.9734,321093.5,9558,2359725.565,17367.0437,401.25
2015/7/26,49.21,92.52973087,81382.68064,118355.3335,321149.3,9413,2051775.325,17723.3305,400.2
2015/8/2,47.91,103.1048194,73579.63238,179850.9666,321205,9465,2116175.825,17957.7569,398.36
2015/8/9,44.94,107.1667047,83886.44491,-19024.0958,321249.6,9395,2075467.783,18080.696,399.19
2015/8/16,43.2,99.77522162,78298.35509,219617.8545,321294.2,9348,2003421.618,17113.2099,399.14
2015/8/23,41.34,101.8318064,85449.77537,253424.7881,321338.8,9337,2320556.762,17268.5079,398.85
2015/8/30,40.73,96.67763589,73185.03895,64811.6722,321383.4,9218,2504602.395,17296.2699,398.49
2015/9/6,46.73,105.0441064,67099.03075,134760.8922,321428,9135,2175674.677,16878.4583,397.77
2015/9/13,45.16,105.0955062,79006.41032,-160016.7799,321481.3,9117,2142166.18,16868.6168,397.24
2015/9/20,45.48,95.14467705,75650.48515,18634.9617,321534.5,9136,2318594.261,17345.2295,397.33
2015/9/27,45.57,101.6462559,54581.15955,-105580.5246,321587.8,9096,2258134.948,16921.7765,397.22
2015/10/4,45,108.4385576,56050.32067,226844.418,321641,9172,2412086.769,17519.496,398.37
2015/10/11,48.36,99.38092326,48018.25362,137614.3173,321689.3,9096,2585414.541,17609.2697,398.18
2015/10/18,46.82,95.72596828,47633.13452,151751.2177,321737.5,9096,2009116.953,18657.1085,398.52
2015/10/25,45.16,95.25188416,57720.55886,181890.974,321785.8,9112,2130742.968,16961.9303,398.48
2015/11/1,44.99,96.36508003,40172.78499,294292.5094,321834,9160,2173062.835,17807.7812,399.06
2015/11/8,45.98,103.4261119,61556.51736,592258.3399,321871.2,9185,2186519.146,17520.9862,400.44
2015/11/15,42.7,104.6411017,54721.59697,453166.3619,321908.4,9182,2252344,17214.3993,400.34
2015/11/22,40.62,101.255669,65794.59162,426373.195,321945.6,9165,2217186.63,18369.1814,400.37
2015/11/29,40.49,104.3790652,50969.54904,441750.6134,321982.8,9202,2399054.8,18156.4312,400.8
2015/12/6,40.4,103.9233838,60639.61723,564746.2655,322020,9164,2378618.392,17002.8596,401.31
2015/12/13,36.93,110.4613719,52945.99788,443053.8483,322064,9176,2174904.35,17367.1721,402.34
2015/12/20,35.78,99.62674662,48436.80301,668941.0552,322108,9179,2124874.221,17142.5685,402.6
2015/12/27,36.26,101.4711858,52895.74256,443112.3393,322152,9202,2354870.288,18799.2668,402.08
2016/1/3,36.99,107.7207389,77589.42674,848143.0713,322196,9219,1765649.846,17839.2413,402.15
2016/1/10,34.65,103.7957828,58495.20661,886807.7088,322227.4,9227,1937799.43,18147.4378,402.48
2016/1/17,30.59,100.382234,69895.17802,798068.7841,322258.8,9235,1839681.747,16684.4031,402.61
2016/1/24,29.19,97.8409164,86024.52936,1223698.816,322290.2,9221,2104709.294,16753.4629,402.98
2016/1/31,31.81,102.8061853,71058.14779,913833.8967,322321.6,9214,1937529.439,18260.8262,404.58
2016/2/7,31.26,102.5244334,47180.58167,541479.877,322353,9186,2222190.755,17602.437,403.81
2016/2/14,28.14,91.23058742,56204.20103,741434.9685,322393,9135,2061400.564,17722.8206,403.67
2016/2/21,30.02,100.9759104,48404.35034,783148.2949,322433,9102,2041177.64,17796.3983,404.41
2016/2/28,31.32,103.1240174,54530.995,715948.1918,322473,9077,1998440.251,17552.9239,404.06
2016/3/6,34.43,93.93382834,46698.30269,316477.7838,322513,9078,2155405.527,17280.1136,404
2016/3/13,37.69,104.565296,60989.67517,587738.9895,322556,9068,2132693.2,17526.8181,404.79
2016/3/20,38.32,106.5455449,48979.70425,412659.9531,322599,9038,1857305.24,17680.4372,405.66
2016/3/27,39.45,98.89335792,37119.26472,220691.2456,322642,9022,1928478.203,18246.5916,405.45
2016/4/3,36.82,109.5053976,48315.59556,373000.6206,322685,9008,2633561.33,17885.071,406.6
2016/4/10,36.72,99.75235294,52635.18068,375225.0471,322730.5,8977,2522804.121,17486.5887,408.72
2016/4/17,41.23,99.23434725,55749.02756,56318.051,322776,8953,2634409.824,16993.4097,407.45
2016/4/24,41.86,95.63441231,44774.91663,428958.1921,322821.5,8938,2590821.907,18067.0196,407.72
2016/5/1,44.3,94.42645449,61849.12543,223715.4935,322867,8825,2608279.418,17477.5729,407.55
2016/5/8,44.22,97.58266035,44563.22802,403277.5579,322905.8,8802,2553233.189,17488.6235,407.86
2016/5/15,45.44,104.2411333,40940.36057,273624.2269,322944.6,8791,2328422.451,17981.8741,407.31
2016/5/22,47.99,95.06155566,38207.16288,534153.1737,322983.4,8767,2620150.66,18198.8266,408.33
2016/5/29,48.72,104.5829439,62556.48342,194434.4137,323022.2,8735,2187806.68,18011.2309,407.47
2016/6/5,49,99.7431375,52139.83336,-18150.0522,323061,8745,2739960.649,16607.9411,406.87
2016/6/12,50.18,96.88125342,63531.91815,-34181.7508,323112,8716,2762203.61,17534.9025,407.21
2016/6/19,47.89,111.3400873,49877.2062,77864.2515,323163,8677,2705711.494,18311.8521,406.67
2016/6/26,48.71,116.2030295,69161.39638,123259.2885,323214,8622,2666707.121,18449.1265,405.99
2016/7/3,48.17,94.17109721,78784.83353,120965.2362,323265,8428,2559686.028,17505.7044,405.57
2016/7/10,46.17,109.3044621,76541.54296,-99861.7864,323306.6,8485,2425729.543,18394.4197,404.5
2016/7/17,45.6,106.3664374,81149.06172,362637.6935,323348.2,8494,2869887.085,17724.8917,403.41
2016/7/24,44.44,95.69653923,81360.00446,-108160.5494,323389.8,8515,2248219.117,17831.7647,403.85
2016/7/31,41.83,104.5224114,88747.4818,529.6372,323431.4,8460,2518295.248,18051.6997,403.49
2016/8/7,40.82,98.66619027,65711.68289,-68331.0692,323473,8445,2366957.541,17398.3169,402.9
2016/8/14,43.11,99.83124883,81573.26437,212391.1335,323524.8,8597,2845788.533,17654.9682,401.87
2016/8/21,47.16,100.8047178,72232.31641,445452.7155,323576.5,8548,2382529.883,17962.4582,401.89
2016/8/28,47.05,104.42997,74297.80042,-127875.5976,323628.3,8488,2521007.887,17882.5825,400.97
2016/9/4,45.11,108.8594073,71091.96777,-84169.3867,323680,8458,2321810.905,17399.4805,400.99
2016/9/11,45.96,107.6707274,60759.95975,180729.9879,323729,8493,2336478.608,17899.3117,401.35
2016/9/18,44.34,108.2642963,67028.70474,87902.9607,323778,8512,2758992.07,17637.1566,400.89
2016/9/25,44.59,89.69585572,67480.98401,216569.1547,323827,8497,2720172.601,17167.3776,400.75
2016/10/2,46.55,99.10455506,63527.81909,-16809.8664,323876,8467,2518588.268,17541.9293,400.94
2016/10/9,49.48,100.4805319,50496.89848,379969.8066,323911.2,8450,2337508.053,18064.2667,401.59
2016/10/16,50.29,93.62533618,58800.66146,347128.8071,323946.4,8464,2560344.459,16979.539,401.67
2016/10/23,50.56,93.69436052,43032.93867,120813.1274,323981.6,8504,2529022.077,17903.0182,402.16
2016/10/30,49.36,101.1317923,56908.05285,7795.7629,324016.8,8522,2555498.996,17872.024,402.8
2016/11/6,45.51,109.3545122,37387.88162,534875.9411,324052,8692,2501327.132,18341.4276,402.81
2016/11/13,44.61,94.34899153,46450.72583,241247.3032,324093,8681,2715561.99,18040.6766,403.6
2016/11/20,45.15,102.3399303,45873.85584,194916.9962,324134,8690,2701354.578,17762.1717,404
2016/11/27,47.25,110.7241795,47592.9814,591962.5802,324175,8699,2655521.732,17976.6083,404.57
2016/12/4,48.63,109.9309391,60612.74321,754302.6311,324216,8697,2754244.493,17619.2947,403.9
2016/12/11,50.97,98.79612359,64006.16051,658312.2991,324252.5,8796,2494836.332,18226.1402,404.83
2016/12/18,51.91,104.3616988,65114.10688,807887.2162,324289,8786,2607992.543,18477.6994,404.43
2016/12/25,51.95,104.0229599,60259.89234,1109413.265,324325.5,8766,2614242.105,17886.7943,404.77
2017/1/1,53.6,107.1854023,67448.18872,748110.871,324362,8770,1927714.458,18106.7128,405.95
2017/1/8,53.34,100.8821459,60733.30092,823785.7352,324388.4,8946,2025753.348,18351.0496,406.02
2017/1/15,52.07,100.1712788,69661.72861,737884.8692,324414.8,8944,2287619.588,18127.7393,406.22
2017/1/22,51.82,102.6369661,60874.01745,865518.0933,324441.2,8961,1917208.667,17449.3723,406.52
2017/1/29,52.74,105.9786626,63631.99755,749283.5554,324467.6,8915,1998073.916,17992.1701,406.24
2017/2/5,53.33,103.7769178,57263.10732,670803.865,324494,8978,2239353.48,18252.3005,406.07
2017/2/12,52.88,100.9181224,43609.02935,717801.5196,324528.5,8977,2083618.386,18131.4901,405.95
2017/2/19,53.22,105.5914966,59461.03999,681772.1031,324563,9001,2544068.227,16698.2064,406.98
2017/2/26,54.03,105.144081,57970.66729,635694.4157,324597.5,9032,2010643.297,17485.9312,407.41
2017/3/5,53.56,101.1082875,64802.80812,329160.7272,324632,9088,2271494.935,18506.3788,406.15
2017/3/12,50.5,98.79856273,65943.66805,434107.0089,324669.8,9109,2224691.184,17851.7895,407.1
2017/3/19,48.03,104.8838865,39610.83524,516139.9829,324707.5,9129,2099469.978,17783.9718,406.82
2017/3/26,47.28,102.2001202,51157.15652,423598.5876,324745.3,9147,2444659.246,16785.3275,408.41
2017/4/2,49.14,106.1103252,53827.53743,129633.964,324783,9199,2364375.117,18680.6043,407.64
2017/4/9,51.26,106.4710011,43899.55504,245856.8508,324815.2,9235,2063342.179,18316.8263,408.84
2017/4/16,53.19,116.6888278,49044.74852,447553.9478,324847.4,9252,2448891.062,18362.339,409.65
2017/4/23,51.09,106.1201773,49209.13394,76344.2581,324879.6,9265,2480607.245,18210.9151,409.97
2017/4/30,49.12,103.5898079,37330.0799,286494.8704,324911.8,9293,2320791.424,17470.0782,409.2
2017/5/7,47.21,108.6074176,50205.90247,257638.7331,324944,9314,2685033.186,18288.4234,409.32
2017/5/14,47.04,91.53464959,49074.17669,389105.6166,324987.3,9305,2146130.646,18866.4595,410.4
2017/5/21,49.24,98.11326699,58356.79545,193475.3375,325030.5,9320,2642426.562,17617.1094,410
2017/5/28,50.21,104.840475,48654.44788,125582.3454,325073.8,9342,2656163.846,18567.8127,409.57
2017/6/4,48.48,110.8594592,56817.49795,160157.7741,325117,9318,2414505.469,18165.2379,409.69
2017/6/11,46.57,101.8792603,68858.6303,138414.5309,325161.8,9330,2486969.272,18276.3884,409.43
2017/6/18,45.3,98.8598218,54007.06951,260874.3561,325206.5,9350,1859441.248,18581.027,408.32
2017/6/25,43.09,113.5200831,56957.90678,216373.6448,325251.3,9250,2288405.768,18239.1484,407.76
2017/7/2,44.63,108.9110641,63311.63049,323268.5148,325296,9338,2416527.872,17877.0619,408.07
2017/7/9,44.96,103.2099878,73687.12254,74748.6643,325332,9397,2291878.58,18361.6845,407.06
2017/7/16,45.51,100.04797,68853.96054,155858.6879,325368,9429,2499201.787,17384.1127,406.81
2017/7/23,46.41,107.8717262,77192.78829,393558.0236,325404,9410,2215122.396,17890.002,406.73
2017/7/30,48.27,108.3640772,71552.59148,219707.1231,325440,9430,2479547.219,18007.1977,406.47
2017/8/6,49.52,94.85718702,69968.0369,174096.0585,325476,9423,2613254.29,18039.1759,405.53
2017/8/13,49.08,104.0185781,72899.5061,351299.5015,325520.3,9502,2268163.979,17934.4431,405.2
2017/8/20,47.52,100.552365,55203.43694,145223.0192,325564.5,9528,2146083.155,17886.2793,404.54
2017/8/27,47.68,107.1500669,90946.14156,110694.2656,325608.8,9530,2031125.97,18740.8948,404.2
2017/9/3,46.68,108.0971635,65965.89355,-37868.2542,325653,8781,2298145.579,17888.8643,403.69
2017/9/10,48.58,95.55726638,68331.29283,-109029.6883,325694.8,9353,2672821.845,18023.1615,403.68
2017/9/17,49.07,105.0256722,58681.29297,300396.2297,325736.5,9510,2324215.975,18692.5912,403.05
2017/9/24,50.12,100.6772987,66900.84911,78771.5717,325778.3,9547,2464815.096,17874.2226,402.76
2017/10/1,51.77,103.2269405,54434.75412,304457.6086,325820,9561,1918518.513,18181.9979,402.95
2017/10/8,50.23,113.2764439,57839.20997,195223.9312,325849.6,9480,1942280.93,18612.4545,403.41
2017/10/15,50.77,97.63793535,55498.24918,277336.0548,325879.2,8406,2061714.516,19141.2786,403.95
2017/10/22,51.74,105.6468096,63117.81293,-42383.8065,325908.8,9507,1822597.697,18424.344,404
2017/10/29,52.51,100.0098156,56109.55045,218811.9466,325938.4,9553,2294488.845,18070.9784,404.15
2017/11/5,54.59,108.8636266,54865.51575,709696.4411,325968,9620,2265610.06,18720.8959,404.25
2017/11/12,57.05,99.10971049,64644.02209,149004.392,326001,9645,2016013.382,18752.635,405.07
2017/11/19,55.81,105.372984,56431.58188,603787.4711,326034,9658,2055286.506,18368.3602,406.12
2017/11/26,57.47,102.2340144,47581.76912,334383.2168,326067,9682,2128984.856,19008.4118,406.33
2017/12/3,57.81,103.2677289,59432.80631,726653.7355,326100,9707,2225842.077,19125.1939,406.74
2017/12/10,56.92,103.0600602,64514.93057,841674.5059,326123.2,9780,2000037.312,18257.7188,406.55
2017/12/17,57.17,101.5874996,50955.05215,793321.4098,326146.4,9789,2066396.42,18995.5023,406.84
2017/12/24,57.87,99.87644157,51137.14267,791607.9323,326169.6,9754,2070628.921,19065.5548,407.21
2017/12/31,59.88,97.08103327,58669.23455,842611.9725,326192.8,9782,1879363.949,17718.147,407.37
2018/1/7,61.36,106.0402681,68005.96658,981508.3889,326216,9492,2344760.056,18267.8501,408.14
2018/1/14,63.26,94.33708952,65910.61686,966129.1349,326242.8,9750,2018475.654,18236.432,407.89
2018/1/21,63.77,108.5932057,59786.66445,1029007.373,326269.5,9878,1800297.431,18925.4586,408.27
2018/1/28,65.14,101.547388,65113.18456,1074937.27,326296.3,9919,2253779.721,18246.491,407.88
2018/2/4,65.32,110.311218,58176.06947,800607.2301,326323,10251,2364781.966,18881.1816,408.2
2018/2/11,62.01,103.1759615,56036.58473,906392.2499,326351.5,10271,2195322.431,18415.6933,408.37
2018/2/18,60.56,106.5766896,36268.8235,576974.0698,326380,10270,2485899.182,19019.4009,408.45
2018/2/25,62.47,101.7014643,40451.21251,764038.8462,326408.5,10283,2145395.257,18325.4978,408.9
2018/3/4,62.07,108.0375124,48504.44096,397659.1903,326437,10369,1943703.6,18592.8943,409.83
2018/3/11,61.65,104.4980485,69454.81552,552245.4055,326468.5,10381,1902681.77,18580.8023,408.71
2018/3/18,61.28,96.49760967,51024.04926,538527.218,326500,10407,1971754.49,18561.5828,409.12
2018/3/25,64.11,110.530155,51234.09864,855751.1058,326531.5,10433,2078117.13,18998.2593,410.02
2018/4/1,64.97,110.7222782,33589.10286,301989.6386,326563,10460,1857200.354,19305.5506,409.19
2018/4/8,63.07,103.0273961,53919.60256,565085.5028,326590.2,10525,1502162.231,17377.3369,409.45
2018/4/15,66.02,101.4824258,44274.06583,191441.8364,326617.4,10540,1953390.75,19365.9593,411.05
2018/4/22,67.55,106.936124,32635.20926,371162.4332,326644.6,10586,2015722.071,17774.8284,411.68
2018/4/29,67.91,94.4146847,45817.74866,266623.6053,326671.8,10619,2013732.004,18487.7412,409.66
2018/5/6,68.38,101.3616894,60781.14085,419340.5308,326699,10703,1933573.567,19639.7504,411.06
2018/5/13,70.56,97.22412756,49918.04724,136980.9756,326736,10723,2154453.847,18025.3257,411.87
2018/5/20,71.3,103.9103649,50414.08596,147709.4478,326773,10725,2423805.461,18867.5384,411.45
2018/5/27,70.98,102.1260265,33948.14948,225617.369,326810,10769,2231055.866,18911.8709,411.41
2018/6/3,66.96,108.835194,55164.74265,-49500.3353,326847,10800,2395921.991,18618.2736,410.94
2018/6/10,65.35,104.5763554,54757.58666,70937.5737,326886.5,10900,2162477.631,18686.6277,411.16
2018/6/17,66.21,109.4495563,62663.1087,447415.2092,326926,10900,1980133.949,18564.3498,410.36
2018/6/24,66.32,114.9094772,68743.33905,73735.5023,326965.5,10900,2167860.891,18134.2876,410.56
2018/7/1,74.03,102.8254469,53224.35282,259766.966,327005,10900,2156795.174,18936.1973,409.38
2018/7/8,73.73,105.3865982,57975.78271,-228803.7217,327037.4,10900,2417399.638,18529.5764,409.15
2018/7/15,71.96,104.1178656,68800.77616,-18320.7551,327069.8,11000,1894465.756,18380.1276,408.54
2018/7/22,68.95,103.0889348,65866.2956,68484.8072,327102.2,11000,2220952.7,17966.099,408.28
2018/7/29,70.01,109.8639864,72395.90133,1508.7925,327134.6,10900,1978204.764,18798.9745,407.46
2018/8/5,69.46,105.5629764,53078.80581,-191217.2211,327167,10800,2178847.26,18759.8945,407.23
2018/8/12,67.9,109.6440377,81981.10225,310597.2435,327207.3,10900,1790387.685,18967.1524,407.07
2018/8/19,66.15,113.359202,56482.37825,116254.5503,327247.5,11000,1910875.37,19542.0624,406.84
2018/8/26,68.1,105.288353,59655.52361,92271.4591,327287.8,11000,2058809.988,19570.1903,406.11
2018/9/2,69.66,104.3076246,55799.67808,420446.101,327328,11000,2259556.843,19063.8441,405.49
2018/9/9,68.51,104.4285882,55570.09574,192928.0059,327357.8,10900,2450305.59,18289.0908,405.39
2018/9/16,68.96,104.7301206,58878.53416,316842.1583,327387.6,11000,2159669.145,19233.9023,405.69
2018/9/23,70.28,107.6051462,67689.56463,74655.7375,327417.4,11100,1921338.7,19493.1853,405.55
2018/9/30,72.84,115.8087768,56651.60822,227807.3063,327447.2,11100,2101924.638,18860.8207,405.5
2018/10/7,75.13,114.5033321,46246.30629,417439.9374,327477,11200,2087763.677,19158.9423,405.58
2018/10/14,72.96,102.1636852,65857.54871,317870.8747,327509.5,10900,2170437.508,19478.4272,406.01
2018/10/21,70.24,115.077337,56941.63456,79308.9822,327542,10900,2516658.592,18614.7266,406.62
2018/10/28,67.43,102.9898785,47256.94527,166918.009,327574.5,11200,2140493.633,18968.2953,406.48
2018/11/4,65.06,105.1525402,53153.94326,260200.2818,327607,11600,2601758.088,19468.3849,406.99
2018/11/11,61.57,109.634358,49534.64708,465278.385,327635.8,11700,2029697.8,19497.7577,408.73
2018/11/18,56.92,114.609645,60444.37419,598198.8111,327664.5,11700,2323146.143,17875.7452,408.59
2018/11/25,54.99,101.7854323,47475.44176,517937.4403,327693.3,11700,2306224.715,19270.55,408.39
2018/12/2,51.01,105.2154057,60863.5137,641532.0722,327722,11700,2502069.645,19010.7937,408.49
2018/12/9,52.63,107.5290046,60696.71582,902101.3924,327742.4,11600,2151183.587,18821.0911,409.4
2018/12/16,51.54,97.44173732,50250.12795,719592.5056,327762.8,11600,2187786.194,18570.0561,409.31
2018/12/23,46.98,102.9023688,60788.60766,824668.87,327783.2,11700,2173224.074,17973.3654,409.14
2018/12/30,45.22,103.2575816,41405.74745,811559.3199,327803.6,11700,2324854.658,18982.0841,409.6
2019/1/6,47,105.0444063,63372.59102,920167.3325,327824,11700,2312162.324,18379.0867,410.67
2019/1/13,50.78,107.753429,71370.00114,974876.267,327848.3,11900,2251552.535,19307.2772,410.35
2019/1/20,51.92,106.3747747,58063.3484,844803.4724,327872.5,11900,2551387.589,18224.1721,411.98
2019/1/27,52.88,104.7215269,69000.94295,980210.3203,327896.8,11900,1988922.836,18026.7771,411.02
2019/2/3,53.63,106.9062678,53373.36073,794619.0604,327921,11900,2050633.112,18414.4313,411.62
2019/2/10,53.53,105.8212911,44775.37062,927114.695,327947,11900,2156871.343,18449.1124,412.4
2019/2/17,53.88,99.66828087,31575.14708,932689.1768,327973,12000,2281646.959,18325.9153,410.98
2019/2/24,56.74,95.66984602,41420.10486,1051576.239,327999,12100,2569276.695,18967.1303,412.4
2019/3/3,56.12,109.419057,43865.83056,528798.7194,328025,12100,2200433.79,18324.0293,412.16
2019/3/10,56.35,116.6033502,46931.20304,668624.8995,328048,12000,2238360.384,18927.3807,412.16
2019/3/17,57.81,105.7294469,44881.84156,595564.0687,328071,12100,2058586.871,19380.8605,411.82
2019/3/24,59.44,104.5627224,44873.86686,494685.7163,328094,12100,2032050.041,18395.2259,411.32
2019/3/31,59.49,111.8563336,45347.54761,637763.1072,328117,12200,1956172.406,19236.6542,412.19
2019/4/7,62.36,107.149498,28154.38161,387565.5903,328140,12200,1699596.887,18883.0618,413.14
2019/4/14,64.1,98.91873838,41318.72424,405916.4991,328171.8,12100,1967574.02,18619.0337,413.6
2019/4/21,63.8,101.1974467,46827.22382,303674.7328,328203.5,12200,2160908.68,18843.6272,413.77
2019/4/28,65.28,101.9048284,45771.5851,298118.1228,328235.3,12300,1952739.17,18560.9799,414.29
2019/5/5,62.9,104.6491025,48861.08506,308988.4316,328267,12200,1652507.698,19549.742,414.32
2019/5/12,61.81,106.7311609,56805.31391,346216.9191,328301.3,12100,1463359.156,18708.5699,415.4
2019/5/19,62.1,108.4432357,50082.93155,102678.451,328335.5,12200,1868394.289,18134.7686,414.74
2019/5/26,60.72,110.7435308,54798.82646,253335.0497,328369.8,12300,1712693.821,18930.3781,414.3
2019/6/2,56.93,109.0218156,54389.96141,123251.5396,328404,12400,2005753.267,19653.1354,414.39
2019/6/9,52.97,105.3550492,49606.92483,281175.4654,328435.4,12300,1846168.361,19269.8355,414.08
2019/6/16,52.52,113.8768957,36729.78985,179761.8549,328466.8,12200,2255868.117,18682.379,413.86
2019/6/23,54.75,114.0688704,34178.71753,18650.1544,328498.2,12100,1960773.173,18896.4601,413.41
2019/6/30,58.38,115.1419083,60599.03161,189659.6191,328529.6,12200,1982828.847,19117.1014,413.42
2019/7/7,57.32,115.2635574,65466.04337,254706.6694,328561,12300,1932792.065,19252.6464,412.08
2019/7/14,59.02,113.4861186,50741.51594,74085.5864,328603.3,12000,2104924.601,18672.4667,412.14
2019/7/21,56.74,103.2880423,61864.84028,-4884.1552,328645.5,11300,1847790.35,19227.0202,410.84
2019/7/28,56.05,109.9427053,56936.09625,164615.9228,328687.8,12200,2046533.472,18336.8472,410.06
2019/8/4,56.55,108.8675202,55734.17256,83467.8021,328730,12300,2171491.633,19290.8821,410.34
2019/8/11,53.28,102.1448244,45827.01037,-100195.203,328771.8,12300,1941849.351,19324.7427,410.27
2019/8/18,55.31,111.8101999,60740.23683,29496.8297,328813.5,12300,1992405.884,19543.984,409.57
2019/8/25,55.5,101.5350671,73227.24845,173544.3741,328855.3,12500,2155623.762,19292.3202,409.44
2019/9/1,55.21,101.2415828,54570.74146,322540.3171,328897,12400,2344205.733,19149.1158,408.81
2019/9/8,55.73,104.451446,55187.18454,109042.2403,328928.4,12400,2572886.936,20071.9638,408.59
2019/9/15,56.16,111.0466376,59366.54412,84400.2305,328959.8,12400,2172918.758,18151.6651,408.5
2019/9/22,59.33,106.256799,52367.92047,28159.1583,328991.2,12500,1903728.949,19399.9534,408.32
2019/9/29,56.9,109.1857378,65268.76841,162000.1382,329022.6,12400,2122995.999,18752.726,407.96
2019/10/6,53.12,111.1317868,30804.43462,239502.904,329054,12600,2480381.7,19310.017,408.38
2019/10/13,53.27,111.5895978,43079.35374,233269.0146,329088.3,12600,2349895.073,19376.4518,408.62
2019/10/20,53.49,104.668583,48906.64348,16297.4089,329122.5,12600,2098578.836,19516.21,408.72
2019/10/27,55.2,109.3305256,40890.41429,200989.857,329156.8,12600,2498515.052,19073.4334,409.29
2019/11/3,55.17,106.0942868,36835.30379,534206.3412,329191,12600,2102514.143,19528.1182,409.9
2019/11/10,56.69,114.7904293,52566.66462,755925.7688,329221.8,12800,2227910.101,19754.4389,410.19
2019/11/17,56.85,116.6940128,47733.46611,683933.6091,329252.5,12800,2214280.102,19405.7312,410.19
2019/11/24,56.9,108.2609605,43598.99677,768265.7923,329283.3,12900,2080980.18,19579.8665,410.72
2019/12/1,58.07,112.0847095,43325.23094,606011.7971,329314,12900,2173871.578,19477.3091,411.07
2019/12/8,57.64,109.471205,39751.66796,828666.4868,329335.8,12800,2458219.683,19750.1111,411.32
2019/12/15,59.25,108.183411,48847.79099,751921.3538,329357.6,12800,1946025.679,20106.3904,411.89
2019/12/22,60.75,108.7079882,50008.88542,591593.7371,329379.4,12900,2230631.393,20396.2701,412.21
2019/12/29,61.29,105.7258442,49428.07791,614629.4116,329401.2,12900,2124357.069,18812.8854,412.99
