week,crude_oil,cpi,coal_consumption,ngas_consumption,us_pop,oil_production,cattle_index,tree_cover_loss,us_real_gdp,usd_mex_exrate,co2
2009-01-04,42.40,93.26217751,80527.66971,1166510.7448,306035.0,4935,297.27,1406957.794,14476.2498,13.65769958,386.40
2009-01-11,44.46,91.81716915,81500.87953,935736.1907,306085.5,4917,288.70,1567991.001,16075.1555,13.89949989,387.02
2009-01-18,36.73,91.12247455,97916.98177,938994.6860,306136.0,5052,299.23,1336297.836,15137.1916,14.02509975,387.14
2009-01-25,42.15,87.88814217,84498.02661,904605.3874,306186.5,5045,292.83,1652557.380,15155.3440,14.25570011,387.50
2009-02-01,42.70,82.71526479,89510.77745,799294.7812,306237.0,5235,290.44,1470782.481,15538.1713,14.11919975,387.03
2009-02-08,40.78,93.36764893,71098.88197,618320.0392,306287.3,5327,295.90,1593090.687,15471.4008,14.51669979,386.94
2009-02-15,36.94,88.78971695,74517.40904,760844.1279,306337.5,5323,296.93,1502749.892,14543.0576,14.78160000,387.62
2009-02-22,37.15,97.86912526,85504.95182,813072.3426,306387.8,5300,284.73,1555384.057,14784.8645,15.33180046,388.22
2009-03-01,41.10,81.81577662,85588.57982,578548.6706,306438.0,5373,293.26,1390616.526,15104.8933,15.16699982,389.08
2009-03-08,43.18,90.42459927,73251.34166,607066.7230,306479.4,5401,280.46,1847258.940,15138.5438,14.62399960,388.80
2009-03-15,45.66,89.68480464,74651.50317,728545.5122,306520.8,5414,280.20,1572770.971,15889.1075,14.03299999,388.20
2009-03-22,49.49,93.59348474,88029.33328,607862.7477,306562.2,5432,282.76,1933223.874,15121.9490,14.33880043,389.29
2009-03-29,52.99,105.50848398,81588.96621,786643.0421,306603.6,5480,278.41,1451331.110,15312.9473,13.54179955,389.04
2009-04-05,50.34,97.28367711,72928.73097,389615.9568,306645.0,5469,287.29,1181283.104,15389.4132,13.13000011,389.43
2009-04-12,50.46,79.21638417,72626.84388,553381.6950,306699.5,5482,288.74,1278670.711,14744.1587,13.09780025,388.93
2009-04-19,49.86,95.22345837,69962.81952,351902.9953,306754.0,5421,288.48,1752394.499,14624.3705,13.55049992,389.56
2009-04-26,47.80,90.47665312,62897.72510,288745.0650,306808.5,5269,281.91,1557440.720,15090.7143,13.72599983,390.52
2009-05-03,50.20,83.20526212,74206.94696,121060.5266,306863.0,5280,280.20,1627921.213,15989.9409,13.02280045,389.76
2009-05-10,55.96,85.39193122,70705.41812,576222.4508,306908.4,5306,284.04,1449583.243,15506.4052,13.23009968,390.17
2009-05-17,57.94,83.63227443,68756.66813,31301.3932,306953.8,5352,281.66,1751162.551,13937.4647,13.18200016,390.38
2009-05-24,60.32,93.41638706,69169.27843,360071.4520,306999.2,5364,285.92,1423014.395,15393.4521,13.13599968,390.41
2009-05-31,64.32,93.09397734,85285.69079,230977.7072,307044.6,5358,279.27,1725623.839,15139.8865,13.23859978,389.85
2009-06-07,68.11,81.71419687,63891.68389,237182.9393,307090.0,5358,276.96,1497634.491,14824.8775,13.39430046,390.20
2009-06-14,70.85,86.21467252,78920.87741,594720.9867,307148.0,5273,278.50,1420125.624,15951.9490,13.35550022,389.42
2009-06-21,70.62,87.40114379,94114.70612,316539.0036,307206.0,5257,280.29,1446100.539,15510.0064,13.21300030,388.49
2009-06-28,68.58,101.03777750,96335.25878,-123529.2325,307264.0,5163,281.23,1592382.466,15441.2667,13.28989983,388.69
2009-07-05,69.32,90.17048156,91931.14927,84833.2716,307322.0,5171,289.68,1556423.607,14318.1102,13.67570019,388.48
2009-07-12,61.48,90.07240460,86634.50848,254757.6723,307384.0,5171,295.49,1309379.952,15632.4616,13.33800030,388.36
2009-07-19,61.29,84.31702617,89676.92666,275855.2227,307446.0,5176,313.82,1802083.996,14560.4431,13.18700027,387.68
2009-07-26,65.28,95.57834986,98398.06480,31689.3077,307508.0,5107,306.31,1457433.144,15250.1881,13.17800045,387.37
2009-08-02,67.03,86.47059764,96428.95595,115161.3797,307570.0,5246,307.85,1748561.206,15728.7843,12.96840000,387.06
2009-08-09,71.58,85.09947302,83563.27643,43932.5800,307621.2,5172,304.18,1570400.981,15456.0037,12.85499954,386.01
2009-08-16,69.64,96.70470740,86082.18184,16184.9177,307672.4,5169,302.22,1560253.029,15473.4785,12.82479954,385.70
2009-08-23,70.80,91.80518630,94247.95355,180892.5116,307723.6,5173,302.39,1389256.020,15673.6288,13.23950005,385.86
2009-08-30,72.37,96.10027591,89980.96011,55273.9500,307774.8,5244,295.90,1632521.183,14918.9904,13.37150002,385.15
2009-09-06,68.39,99.27969399,77171.67317,273458.2255,307826.0,5266,295.73,1560786.270,14657.4655,13.33199978,384.69
2009-09-13,70.91,88.77604432,82955.87834,103923.2028,307887.3,5304,296.88,1918771.186,15234.8004,13.24219990,384.76
2009-09-20,71.32,84.00207811,72194.94347,213026.6228,307948.5,5300,289.76,1884153.596,15495.1688,13.56200027,384.62
2009-09-27,68.33,98.92698663,65144.28458,144432.7460,308009.8,5375,291.30,1752568.282,15632.2362,13.60849953,384.03
2009-10-04,68.84,98.00536291,69444.39202,52664.5106,308071.0,5360,286.69,1564987.729,15510.5532,13.27540016,383.88
2009-10-11,70.80,78.29153384,72301.69051,298163.5683,308125.5,5377,289.93,1420240.975,14646.6040,13.10289955,384.38
2009-10-18,75.73,92.18839483,70766.87513,385404.6922,308180.0,5371,292.83,1537751.390,15028.8582,13.05020046,384.71
2009-10-25,80.06,86.19722836,82726.04861,107315.2839,308234.5,5357,298.29,1351045.937,15541.8400,13.24370003,385.01
2009-11-01,78.47,90.69360801,85228.66419,386664.6519,308289.0,5391,292.41,1387037.930,15609.6633,13.42479992,385.36
2009-11-08,79.00,87.17050164,90495.19237,308424.1195,308330.2,5506,290.97,1235175.889,14385.5843,13.02350044,385.69
2009-11-15,78.24,86.39811365,77246.82160,693042.2505,308371.4,5317,290.61,1469860.758,14891.3074,13.06309986,386.34
2009-11-22,78.37,90.57445667,75489.73316,208022.2720,308412.6,5433,291.55,1638937.633,14630.6548,12.88949966,386.38
2009-11-29,76.14,96.35268624,83642.89326,415565.2691,308453.8,5561,291.72,1618710.460,14599.4220,12.64029980,387.07
2009-12-06,76.81,94.07435648,93683.11647,1119617.8751,308495.0,5538,283.96,1523375.790,14770.9806,12.88599968,386.97
2009-12-13,71.51,88.27407449,85944.48972,916306.4359,308547.8,5524,284.21,1557617.097,15406.7716,12.84879971,386.87
2009-12-20,71.72,92.27426684,90715.16909,630291.4080,308600.5,5524,289.59,1514938.363,15081.6501,12.86699963,388.40
2009-12-27,74.76,94.03018050,91030.69596,752902.0681,308653.3,5512,289.25,1569673.422,15148.6154,13.08269978,388.60
2010-01-03,79.07,88.11499974,100381.83919,956823.6713,308706.0,5507,294.11,1886270.170,15534.7589,12.67399979,388.17
2010-01-10,82.34,101.19109403,91515.85895,1101258.6776,308745.6,5496,295.63,2333794.095,14962.8161,12.72200012,388.33
2010-01-17,80.06,89.03161573,106869.86009,989761.1070,308785.2,5404,308.96,2292500.531,14859.5732,12.94250011,388.33
2010-01-24,76.62,100.84366695,116971.42869,769795.0494,308824.8,5421,309.04,2264037.391,15790.1681,13.06849957,389.01
2010-01-31,73.94,88.57147007,95186.52463,1034156.8247,308864.4,5403,305.03,2207187.289,15429.9961,13.16199970,390.71
2010-02-07,74.57,90.52992911,85720.11661,608208.2100,308904.0,5475,308.53,2182117.266,15063.9954,12.92395020,390.35
2010-02-14,73.88,90.38004453,87683.52994,811937.2724,308951.8,5482,309.81,2345490.532,15447.2025,12.78400040,390.22
2010-02-21,78.25,96.48593970,88986.57423,1167357.2334,308999.5,5505,318.43,2338841.477,15355.1112,12.75953960,389.57
2010-02-28,79.22,88.03761984,83982.12419,785736.9696,309047.3,5510,313.74,2231150.325,15454.6339,12.61149979,390.93
2010-03-07,80.19,94.47680983,78266.86243,536445.0669,309095.0,5527,316.30,2322972.978,15151.5728,12.54819965,391.38
2010-03-14,81.76,82.39204397,80690.36453,604345.8392,309141.0,5540,316.72,2084446.475,15942.4203,12.56180000,391.17
2010-03-21,81.44,92.72970304,91419.08693,678692.1446,309187.0,5536,324.66,2408167.653,15040.2432,12.48799992,390.29
2010-03-28,80.65,93.98854236,92112.16567,799385.8945,309233.0,5489,312.54,2149260.150,15904.2251,12.28719997,391.77
2010-04-04,83.01,88.60825216,60958.22230,168487.6957,309279.0,5473,319.20,1848498.529,15792.1749,12.18840027,391.19
2010-04-11,85.66,82.61586047,73125.85970,369657.8036,309323.5,5475,323.38,2055565.798,16018.1143,12.27350044,392.71
2010-04-18,84.34,91.38056288,77238.42968,-95581.0245,309368.0,5466,323.04,1901589.497,15640.8484,12.17150021,393.30
2010-04-25,82.90,92.85558110,75161.51336,370399.6994,309412.5,5488,323.63,2367560.624,14976.6362,12.29304981,393.20
2010-05-02,84.22,86.77801348,81027.91036,291090.8423,309457.0,5522,321.59,2281812.025,15231.7161,12.72570038,393.01
2010-05-09,80.24,97.84876971,75248.47720,304687.0920,309494.2,5533,326.14,1828397.088,15899.9985,12.54349995,392.60
2010-05-16,74.98,106.47942987,76662.63612,152534.5248,309531.4,5516,313.99,2104914.204,16375.2879,12.94869995,393.42
2010-05-23,69.14,90.33347690,79076.36869,322270.1393,309568.6,5540,309.30,1692894.944,15988.5151,12.92539978,392.71
2010-05-30,70.62,99.78878456,81789.59583,-67654.4414,309605.8,5320,304.61,1954706.733,15881.5363,12.94610023,393.30
2010-06-06,72.91,87.77526148,88287.66749,-42674.0965,309643.0,5445,302.47,2161108.539,15583.7126,12.64789963,392.75
2010-06-13,73.44,97.01155553,92729.31266,148404.3498,309694.0,5503,297.87,2203862.625,16092.1281,12.46819973,391.85
2010-06-20,76.70,97.75366223,93839.83948,115975.2985,309745.0,5501,301.02,2002632.508,15998.8979,12.65019989,391.64
2010-06-27,77.06,89.74121947,89009.47846,140894.1901,309796.0,5257,305.03,1969844.608,15907.4685,13.04020023,391.15
2010-07-04,74.96,91.01551637,88381.47969,193269.9742,309847.0,5414,305.38,2227953.614,16047.5796,12.76210022,390.55
2010-07-11,74.39,95.51953626,102670.89807,18910.6904,309900.3,5352,309.49,2009619.156,15585.5447,12.89610004,389.85
2010-07-18,76.35,93.24812406,104165.96481,165960.0095,309953.5,5460,319.54,1767528.011,15979.7927,12.71749973,390.26
2010-07-25,77.56,90.79952175,124987.89002,-14082.2868,310006.8,5486,323.29,1890140.424,15596.6000,12.62979984,389.82
2010-08-01,78.12,102.04311234,95222.33718,-18585.6599,310060.0,5440,322.87,2242715.951,16333.6197,12.68480015,388.86
2010-08-08,81.79,96.91661077,93578.93222,63373.7381,310104.0,5239,325.94,2164638.509,15276.8835,12.72900009,388.82
2010-08-15,78.17,93.30254714,98774.31610,248784.4514,310148.0,5352,324.49,2129119.375,15676.5751,12.75500011,388.47
2010-08-22,74.84,99.14839083,101277.27489,392987.1357,310192.0,5511,338.74,2311201.305,15265.5044,13.03199959,387.62
2010-08-29,72.91,87.77409114,106020.22649,116356.4675,310236.0,5602,334.81,2004858.146,16779.3880,12.93500042,387.53
2010-09-05,74.02,87.38369081,89244.71586,241399.4687,310280.0,5603,336.01,2052327.279,16006.8378,12.92099953,386.14
2010-09-12,74.82,89.84341169,82654.85418,181514.8199,310332.0,5573,337.35,1911900.470,15448.0460,12.77900028,387.06
2010-09-19,75.62,99.64703212,84837.59329,211606.3828,310384.0,5556,347.95,1859764.014,15840.9087,12.55099964,386.78
2010-09-26,73.76,93.85839075,89567.50677,170328.4348,310436.0,5562,334.90,1896605.876,16312.6123,12.53299999,386.78
2010-10-03,78.41,92.73808533,73350.06873,5864.6724,310488.0,5514,335.67,2295802.631,16039.4738,12.40699959,386.95
2010-10-10,82.29,92.22447223,71155.91587,95976.4935,310525.8,5528,337.46,2369375.009,15534.2244,12.43099976,386.84
2010-10-17,82.16,101.45639596,68455.99552,174644.4594,310563.6,5536,341.72,2560632.083,15827.4620,12.34500027,387.43
2010-10-24,81.15,98.77619314,91661.17256,249482.0544,310601.4,5540,347.10,2675776.418,15720.5772,12.34200001,387.83
2010-10-31,82.03,93.54932475,77640.18050,242888.4273,310639.2,5593,337.29,2270943.865,15485.6112,12.19799995,388.05
2010-11-07,84.93,91.13958834,86203.44329,345021.2201,310677.0,5596,335.84,2510485.520,16042.6191,12.33699989,387.96
2010-11-14,86.91,105.47514288,73382.96812,536039.2122,310722.3,5597,347.10,2452490.077,15037.1392,12.26200008,388.63
2010-11-21,82.23,92.98283194,63861.16057,599020.4903,310767.5,5581,358.45,2532495.281,15526.2135,12.47840023,389.49
2010-11-28,82.28,92.79205598,78983.73295,415961.1784,310812.8,5555,362.54,2059238.063,15129.0396,12.32999992,389.66
2010-12-05,86.75,92.20928910,80059.61902,723786.3654,310858.0,5582,363.05,2276883.798,15887.3876,12.44349957,389.78
2010-12-12,88.50,87.73763350,89654.91901,617030.1089,310899.3,5604,354.78,2400568.957,15268.5188,12.40699959,389.44
2010-12-19,88.27,91.70188198,105569.82652,844068.9948,310940.5,5598,356.66,1965737.930,15969.9734,12.35490036,390.15
2010-12-26,89.66,95.60240769,86887.58199,1039811.2707,310981.8,5575,367.15,2515600.932,15611.6040,12.33160019,389.94
2011-01-02,90.97,85.12385585,88049.03558,982165.5802,311023.0,5598,369.80,1915252.040,15384.7065,12.22999954,391.64
2011-01-09,89.54,91.61319758,99562.75634,1215872.7616,311053.0,5575,365.90,1905317.452,15379.6652,12.03400040,390.76
2011-01-16,91.02,95.37553391,80715.79673,910460.1299,311083.0,5205,388.23,1836387.258,14745.5100,12.05399990,391.52
2011-01-23,89.75,97.67573802,80371.71131,813958.7513,311113.0,5321,384.56,1715751.717,15388.0152,12.20100021,391.37
2011-01-30,86.11,91.16231109,94528.44397,866045.5887,311143.0,5568,384.90,2322771.449,15460.6456,11.97399998,392.07
2011-02-06,89.52,98.56489158,77416.81395,494686.2749,311173.0,5597,385.75,1676667.477,15432.4585,12.02299976,391.44
2011-02-13,85.51,94.63132579,103998.33524,528166.6514,311213.0,5610,384.64,1975418.677,16243.3294,12.02600002,391.65
2011-02-20,84.13,92.59325056,83241.37389,824629.4194,311253.0,5604,393.00,1878040.202,15984.6669,12.11600018,392.05
2011-02-27,95.26,98.97174134,74385.67688,820659.3105,311293.0,5591,389.42,1825272.092,15391.0610,12.00000000,392.06
2011-03-06,101.05,88.97514462,90905.62021,511850.1260,311333.0,5593,389.25,1584774.069,15357.8434,11.91199970,391.88
2011-03-13,103.74,105.91170412,72652.81606,527858.6979,311375.3,5591,399.15,2060638.146,16173.7208,12.03999996,392.49
2011-03-20,99.79,89.89844163,85273.05943,736143.8016,311417.5,5570,381.57,1968977.959,15552.6635,11.98900032,392.89
2011-03-27,104.41,89.38224897,89235.97180,438363.3883,311459.8,5568,401.88,1998756.124,15547.6435,11.83399963,394.00
2011-04-03,105.08,97.53353611,78235.22523,268828.9536,311502.0,5638,413.82,1803672.155,16537.3485,11.72299957,393.00
2011-04-10,109.29,91.53693430,76700.55172,207894.8842,311546.0,5635,399.15,1669601.899,16142.5291,11.65100002,393.08
2011-04-17,107.75,96.13920112,59596.21637,366351.2325,311590.0,5625,393.52,2014477.217,15857.3770,11.58899975,393.55
2011-04-24,109.11,92.36870636,74672.22257,533168.4765,311634.0,5610,393.26,1839234.119,15135.7836,11.49300003,393.31
2011-05-01,112.30,102.83064857,84548.43818,253132.6578,311678.0,5623,386.86,1603168.132,15704.5697,11.61499977,394.14
2011-05-08,105.84,94.79424379,82116.85647,110006.8254,311716.8,5609,376.09,1462974.601,15301.8827,11.73299980,392.89
2011-05-15,99.87,104.06177483,81319.12617,170388.5146,311755.6,5618,377.30,1367954.145,15545.4237,11.63599968,394.91
2011-05-22,97.99,88.29811159,81058.49676,289414.7969,311794.4,5583,365.53,2269074.450,15434.1135,11.60000038,394.85
2011-05-29,99.55,98.48285868,77480.89798,126024.1817,311833.2,5609,358.53,1957709.480,16172.6180,11.65999985,394.19
2011-06-05,100.92,94.27182906,79320.29701,182585.9787,311872.0,5633,358.70,1848651.054,15806.2516,11.89299965,393.49
2011-06-12,100.05,91.18156369,89605.80562,313180.7661,311923.3,5643,353.16,1569392.113,15676.8018,11.90400028,393.79
2011-06-19,95.87,98.67527499,91166.47608,129898.9750,311974.5,5650,376.11,1848244.880,15388.9310,11.89900017,393.54
2011-06-26,92.70,88.36761475,90860.04279,287561.4277,312025.8,5593,387.37,1761013.735,15798.2541,11.61600018,393.45
2011-07-03,93.70,89.09390787,82606.25266,140856.2638,312077.0,5520,385.15,2365369.196,15902.5329,11.62100029,393.50
2011-07-10,97.12,93.57203316,104208.54889,332532.7125,312120.0,5578,395.09,2023005.126,15060.3643,11.71800041,393.29
2011-07-17,96.72,89.16468825,93900.76467,81989.5922,312163.0,5591,398.81,1978255.654,15328.8538,11.64799976,391.32
2011-07-24,98.01,87.39012008,94289.69441,-20844.2668,312206.0,5377,393.86,1644191.378,16434.0781,11.68599987,391.98
2011-07-31,97.83,90.20347671,104859.40589,59311.9311,312249.0,5523,400.43,1808160.059,15718.9356,12.07190037,391.19
2011-08-07,90.85,91.45875445,102369.80455,89408.6297,312292.0,5529,404.78,1703568.815,15863.1204,12.28590012,390.60
2011-08-14,82.86,87.43479726,97598.81554,-51693.0607,312346.3,5561,411.09,2121330.474,15767.4071,12.28899956,390.14
2011-08-21,85.36,93.81924716,112040.54175,-99861.6891,312400.5,5591,394.20,1986201.626,16228.7979,12.44040012,389.39
2011-08-28,85.06,100.72587469,88301.31252,159457.0481,312454.8,5598,393.17,1886242.337,15297.2045,12.41219997,389.52
2011-09-04,88.07,91.33917123,89397.47016,-26713.7615,312509.0,5642,391.81,1871399.565,16152.0600,12.70199966,389.04
2011-09-11,87.91,102.55497804,78218.71177,-116349.8221,312558.8,5083,403.99,1830736.144,15755.9210,13.06929970,389.14
2011-09-18,88.93,92.11425131,69495.73251,105228.8518,312608.5,5747,405.97,1734044.400,16194.3710,13.58199978,389.08
2011-09-25,83.65,93.40241935,86801.04688,84590.5367,312658.3,5756,398.38,2001349.371,15958.9082,13.90699959,388.67
2011-10-02,81.18,94.40906865,78271.15366,163057.0932,312708.0,5800,418.60,1787951.454,16075.8095,13.43799973,388.77
2011-10-09,79.43,88.78584009,77802.89386,463644.6136,312744.2,5878,415.87,2118159.435,16417.9639,13.25699997,388.80
2011-10-16,85.35,94.50447127,82701.01239,375580.9327,312780.4,5891,420.48,1848513.794,15593.0872,13.65900040,389.03
2011-10-23,86.82,99.65992142,67716.77458,152120.1212,312816.6,5876,416.89,1847436.895,15799.3535,13.03649998,389.24
2011-10-30,92.32,106.25197618,62205.51727,166654.2931,312852.8,5818,406.31,1956458.351,16175.0073,13.42899990,389.61
2011-11-06,93.24,91.42697787,48187.48135,533631.4098,312889.0,5846,424.91,1490901.466,16124.0897,13.43500042,389.76
2011-11-13,96.97,103.39661547,63094.02566,-30721.6981,312932.8,5894,418.86,1554057.676,16119.7349,13.74499989,390.44
2011-11-20,99.32,97.02781061,82924.01869,632078.0527,312976.5,5887,415.61,1894162.554,16476.6469,14.14500046,390.51
2011-11-27,96.89,95.85282380,76641.48017,612036.9995,313020.3,5864,417.41,1841043.575,17003.4185,13.50800037,391.15
2011-12-04,99.91,85.41079487,85778.20352,576040.1190,313064.0,5861,420.65,1825934.166,15246.8292,13.57999992,391.36
2011-12-11,100.08,103.84665671,81609.89997,739288.5121,313104.8,5862,404.27,1889267.536,15573.4213,13.80480003,392.01
2011-12-18,96.06,97.93657380,74649.30889,640954.0064,313145.5,5862,404.44,2306351.904,15728.7424,13.84599972,392.35
2011-12-25,97.74,87.20546254,78065.83601,933802.0126,313186.3,5846,424.32,1744228.752,15456.5397,13.94099998,392.20
2012-01-01,99.81,100.83442927,85285.57294,962960.9502,313227.0,5851,414.51,2371265.489,16493.9902,13.74499989,392.96
2012-01-08,102.39,100.85763266,68346.35644,470388.6126,313258.2,5844,410.67,1928401.076,16015.6413,13.60299969,393.37
2012-01-15,100.43,94.74224494,80179.05418,1084407.0418,313289.4,5726,431.40,2026480.564,16121.6768,13.17899990,392.97
2012-01-22,99.95,84.87043842,76905.55614,816679.7711,313320.6,5722,435.92,1890429.131,16108.5517,12.90970039,393.34
2012-01-29,99.35,94.11376050,93781.65924,777408.1039,313351.8,5720,438.40,1809789.991,16234.2863,12.67899990,393.24
2012-02-05,97.80,102.74152988,76417.17032,642971.6449,313383.0,5763,434.81,2348308.995,15537.0940,12.72329998,393.71
2012-02-12,98.56,89.30503745,70792.55691,559166.9818,313423.8,5819,432.76,1912034.616,16876.8085,12.69359970,393.49
2012-02-19,101.73,95.35810782,58044.74833,611162.9242,313464.5,5817,446.76,2023649.253,16302.9858,12.89500046,394.44
2012-02-26,107.18,103.57361360,72527.47442,815498.8086,313505.3,5814,441.98,1933349.245,15517.5616,12.75370026,394.26
2012-03-04,107.52,100.44634344,54362.72333,269738.5322,313546.0,5806,443.52,1887977.183,16105.4307,12.65400028,393.55
2012-03-11,106.32,91.10907088,59680.66590,232786.1150,313587.0,5830,425.15,2147788.242,16297.4069,12.64799976,394.27
2012-03-18,106.15,104.47847356,62184.41367,296925.4450,313628.0,5826,418.77,1572221.089,16291.0067,12.74919987,394.79
2012-03-25,106.41,85.53936338,64436.61914,319664.9732,313669.0,5821,413.31,1969315.669,15489.7000,12.76500034,395.12
2012-04-01,105.12,91.50587306,56275.72861,364879.1183,313710.0,6049,396.42,1740780.180,16404.6709,13.01659966,395.32
2012-04-08,103.52,96.24904544,51442.15465,161724.3420,313744.6,6040,395.31,1639529.403,16184.5640,13.17899990,396.62
2012-04-15,102.55,88.27132171,61185.86999,285118.3951,313779.2,6043,396.16,2151611.816,15844.0428,13.10599995,396.16
2012-04-22,103.15,98.32098899,70204.57123,391736.6715,313813.8,6113,394.03,1769768.327,15580.8267,12.95269966,396.61
2012-04-29,103.78,100.81031139,60129.49924,203845.5713,313848.4,6121,385.15,1914984.509,16244.9288,13.29059982,396.92
2012-05-06,103.47,101.24285766,76145.31237,314784.8902,313883.0,6136,393.77,1882162.967,16246.5675,13.56260014,397.12
2012-05-13,96.98,104.59745319,74414.83060,295366.9227,313930.3,6149,401.71,2203294.757,15940.9360,13.84700012,396.99
2012-05-20,93.11,102.42192328,80847.47680,323516.9324,313977.5,6239,416.13,1762018.089,16348.2457,13.99100018,396.12
2012-05-27,90.88,102.71803716,54592.55926,277403.7729,314024.8,6227,406.48,1892224.058,16047.2399,14.29349995,396.30
2012-06-03,87.06,101.48788211,69668.45785,21290.9863,314072.0,6245,408.19,2009109.148,16702.6044,13.84329987,395.73
2012-06-10,84.43,100.07101433,74041.43366,127476.8181,314122.0,6236,412.37,2352353.248,16280.1563,13.81890011,396.24
2012-06-17,83.27,102.47277073,74282.98091,314564.4459,314172.0,6353,398.12,2041998.625,16057.0153,13.82800007,395.57
2012-06-24,81.11,101.78255237,74597.62451,172524.7738,314222.0,6257,398.98,1964460.833,15773.4179,13.25660038,395.25
2012-07-01,80.23,103.11360804,96337.04814,194184.0372,314272.0,6094,411.09,2098734.107,16030.1460,13.40970039,394.96
2012-07-08,85.74,101.92045554,89010.35666,319003.1951,314315.4,6249,406.83,1830324.949,16423.7318,13.29189968,394.36
2012-07-15,85.78,93.60803967,80058.67250,337569.3807,314358.8,6245,414.51,2175548.832,16331.9283,13.35120010,394.47
2012-07-22,90.34,103.26613529,97902.89433,189182.1880,314402.2,6364,420.14,1665137.463,16487.7803,13.22379971,394.08
2012-07-29,88.88,93.02137596,87632.91445,232910.0995,314445.6,6320,427.56,1616386.260,15754.7608,13.10680008,393.43
2012-08-05,89.10,103.68557796,82156.11186,242840.3600,314489.0,6218,424.49,2306739.699,15482.4177,13.09360027,393.24
2012-08-12,93.14,98.31994151,96612.74780,92994.5195,314542.5,6181,428.41,1673288.251,16216.0751,13.13210011,392.49
2012-08-19,94.43,99.89923182,92344.11764,253330.6808,314596.0,6246,427.56,2148469.035,15871.5569,13.17210007,391.36
2012-08-26,96.22,87.08124169,76590.38729,128258.3325,314649.5,6258,424.74,2270167.006,15686.4227,13.20330048,391.79
2012-09-02,95.68,90.86348936,76245.92946,-20460.1122,314703.0,5486,430.12,1782094.570,16054.4157,12.96360016,391.86
2012-09-09,95.68,96.81609435,68157.73533,26374.3475,314743.4,5526,431.66,2042663.330,16624.6403,12.72019958,390.91
2012-09-16,97.56,96.40979599,77981.86453,431647.6624,314783.8,6277,443.43,1838371.676,15901.5808,12.85400009,390.79
2012-09-23,93.70,102.33030288,68506.68035,33927.0463,314824.2,6509,438.48,1873240.924,16040.2228,12.86149979,390.89
2012-09-30,91.35,97.29661923,84536.92957,213237.3246,314864.6,6520,425.60,2228502.612,15994.1575,12.78069973,390.81
2012-10-07,90.81,94.16000785,62354.32643,274014.4391,314905.0,6598,430.72,2018357.704,16831.5669,12.86130047,390.96
2012-10-14,91.42,101.91548308,65820.20157,317592.7409,314951.8,6606,428.33,1566488.373,16316.7589,12.87759972,390.89
2012-10-21,91.59,92.83504106,69352.16994,196835.5876,314998.5,6610,434.39,2249534.696,16559.6735,13.02120018,391.33
2012-10-28,86.35,94.58688000,70206.77802,-29107.2428,315045.3,6669,427.47,1991561.263,16548.2616,13.02560043,391.56
2012-11-04,85.87,101.96910502,71088.46552,583370.3014,315092.0,6677,428.07,2167804.955,16344.9029,13.18939972,392.29
2012-11-11,85.98,95.76909962,87748.38384,443688.8359,315133.5,6709,436.55,2028093.276,16083.8960,13.11550045,393.26
2012-11-18,85.87,97.06359921,64319.67050,601985.8914,315175.0,6710,443.77,1977688.556,16594.3665,12.96889973,393.16
2012-11-25,87.40,98.52213978,90765.50866,133142.3258,315216.5,6818,452.99,2064376.354,15775.3018,12.94600010,393.71
2012-12-02,87.27,100.79002933,77373.39936,885524.8348,315258.0,6817,445.05,1899320.400,16543.8479,12.82919979,393.64
2012-12-09,87.00,101.56675372,74709.25098,652863.1869,315286.4,6852,445.05,1926782.906,16383.1521,12.74349976,394.40
2012-12-16,85.71,103.53830423,71947.71750,723397.5982,315314.8,6863,452.56,1774638.628,17156.7479,12.94079971,394.53
2012-12-23,88.24,108.29473559,83204.45713,659908.9581,315343.2,6984,455.89,2225511.157,15779.4047,13.01949978,394.84
2012-12-30,90.14,88.50436053,89814.76262,593445.4595,315371.6,6985,455.89,2064053.246,15893.4696,12.72579956,394.50
2013-01-06,92.77,98.21817185,87512.48700,845676.8849,315400.0,7002,453.75,1728215.777,15761.3210,12.64159966,395.34
2013-01-13,93.38,93.91386560,84373.99053,931984.7189,315433.8,7041,456.52,1555509.524,15900.5121,12.65460014,395.98
2013-01-20,94.58,97.47773873,78164.70590,691150.5153,315467.5,6989,443.09,1747274.779,15975.0440,12.66829967,395.78
2013-01-27,95.41,97.03000495,68537.59644,757379.6375,315501.3,6993,446.25,1912664.560,16764.1160,12.60499954,395.77
2013-02-03,97.33,91.68334000,80886.25003,748259.2048,315535.0,6997,451.11,1696005.420,16765.9727,12.72589970,396.63
2013-02-10,96.18,98.83349424,66436.63924,953350.8110,315571.8,7064,444.11,1793807.387,16503.0195,12.68620014,396.97
2013-02-17,96.95,98.61564750,65497.91285,799424.5039,315608.5,7118,445.22,1942120.440,16181.6427,12.70769978,397.15
2013-02-24,94.38,103.13104214,70223.14292,952450.6569,315645.3,7096,437.63,1913527.529,16787.2598,12.74489975,396.73
2013-03-03,92.19,94.05895677,81259.99358,428236.8776,315682.0,7093,443.52,1719648.147,16724.6811,12.62370014,397.65
2013-03-10,91.00,95.96423485,58851.39968,687660.9212,315713.8,7159,429.62,2081343.337,16306.8079,12.50349998,396.94
2013-03-17,92.70,95.71049775,74023.54861,646076.1896,315745.6,7150,413.99,1874863.656,15623.3633,12.33679962,397.36
2013-03-24,93.05,96.58103585,82730.16681,546086.0639,315777.4,7151,413.57,1606193.993,16982.8706,12.32330036,397.96
2013-03-31,96.08,98.00065286,89867.00174,568246.5615,315809.2,7151,424.49,1688605.457,16482.5239,12.19079971,398.07
2013-04-07,95.07,95.29966728,72706.78959,306134.1654,315841.0,7181,414.68,1828618.433,17126.4134,12.07750034,397.76
2013-04-14,93.36,91.72503784,62383.56450,388244.6030,315884.8,7208,412.12,1878642.735,16907.3576,12.24510002,397.96
2013-04-21,88.00,103.52868559,64707.59299,264783.2240,315928.5,7326,413.99,1888970.519,16706.4485,12.14249992,399.20
2013-04-28,91.00,96.07586713,72091.97498,372767.3079,315972.3,7312,418.43,1883637.187,16226.3611,12.06009960,399.53
2013-05-05,93.40,101.68851532,72433.46599,260255.8400,316016.0,7369,415.78,1720231.814,16419.6909,12.10949993,399.52
2013-05-12,95.84,107.49299432,76294.66842,99741.8796,316062.5,7321,411.98,1714332.531,15732.8176,12.34130001,399.74
2013-05-19,94.65,91.54202997,72354.14674,157016.2608,316109.0,7258,404.61,1807191.520,16041.5589,12.53569984,399.93
2013-05-26,94.76,105.37989801,84254.74995,4118.2787,316155.5,7292,406.91,1635696.030,16422.4228,12.80858040,399.88
2013-06-02,93.32,101.79552306,80239.85203,133079.8641,316202.0,7300,411.09,1847407.589,16397.4325,12.76679993,399.18
2013-06-09,94.25,99.74724324,76564.96578,13367.3422,316242.6,7224,406.91,1597187.800,16556.2395,12.72060013,398.61
2013-06-16,96.36,86.34025868,87626.43395,198790.5465,316283.2,7129,403.84,1850293.837,17265.5219,13.29389954,398.14
2013-06-23,96.65,95.03758319,90158.68205,139887.5642,316323.8,7261,415.02,1781920.374,17085.2871,12.97200012,398.64
2013-06-30,95.83,98.26545882,84462.78843,-56158.4330,316364.4,7267,416.47,1848500.293,16300.8450,13.06369972,398.24
2013-07-07,100.65,110.19819976,91160.06159,148024.7785,316405.0,7401,416.21,2261707.534,16346.0782,12.80869961,397.74
2013-07-14,104.70,102.63891833,83842.85724,-46482.0137,316460.5,7490,430.29,1625455.891,16279.8921,12.50889969,397.08
2013-07-21,106.88,94.06781990,84586.60228,252728.4359,316516.0,7555,430.80,2038009.437,16468.1060,12.65530014,396.82
2013-07-28,105.88,97.11438591,92289.02690,149262.4593,316571.5,7542,429.52,2075429.053,16887.7823,12.64560032,396.68
2013-08-04,105.54,100.74493220,80733.09629,295130.6476,316627.0,7560,424.83,2187323.244,15741.7794,12.59130001,395.67
2013-08-11,105.17,92.13072215,83888.12008,327568.2382,316681.8,7571,433.02,1936915.159,16525.3620,12.90970039,395.13
2013-08-18,106.97,104.19600112,93794.71333,311322.9833,316736.5,7518,436.60,2120462.782,16553.0908,12.99209976,395.15
2013-08-25,105.48,94.36894436,91673.54198,30431.9787,316791.3,7609,432.42,2145679.122,16653.9312,13.34687996,394.22
2013-09-01,108.33,92.02384393,61273.98767,174016.7542,316846.0,7621,432.76,2261184.279,16302.7904,13.21681023,393.85
2013-09-08,108.77,95.07065529,67053.15490,96367.3805,316887.8,7745,428.92,2518121.245,17501.0731,12.94048977,393.35
2013-09-15,108.36,90.61035351,82017.39077,104718.8133,316929.6,7827,440.78,1806081.194,16474.6294,12.85492039,393.30
2013-09-22,106.22,92.09819293,67175.05927,442088.5626,316971.4,7777,442.83,2207377.912,16157.6957,13.15013981,393.38
2013-09-29,103.10,102.45192902,84700.83875,182764.4450,317013.2,7784,450.77,2148615.894,17539.7440,13.08819962,393.31
2013-10-06,103.14,107.20755925,64061.79520,245311.8717,317055.0,7809,451.96,2012678.700,16205.9640,13.03300953,393.34
2013-10-13,102.70,94.24672894,56237.87126,177254.7230,317103.3,7428,452.13,1850679.233,16699.1282,12.83742046,393.68
2013-10-20,101.51,94.40833821,72145.28733,276962.3410,317151.5,7896,450.60,1743285.702,16677.6673,12.86122036,393.98
2013-10-27,97.57,96.24124015,70954.86194,145889.8558,317199.8,7853,453.84,2087178.252,16827.8499,13.05107975,394.24
2013-11-03,96.94,103.66131736,72656.91543,395025.1074,317248.0,7858,450.77,1763784.974,17440.9046,13.18083954,394.46
2013-11-10,94.31,95.26131162,74209.48216,658960.4590,317293.3,7981,453.99,1525437.574,16827.1183,12.92298985,395.53
2013-11-17,93.94,89.45372761,80128.17684,496591.0564,317338.5,7974,460.07,1952576.825,16532.4439,12.97097969,394.87
2013-11-24,93.92,96.39615146,73820.16298,681311.1160,317383.8,8019,449.83,1726620.947,16887.9417,13.13123989,396.00
2013-12-01,92.97,99.94666136,75136.43388,1207799.7505,317429.0,8011,458.19,1728672.612,15755.9376,12.90079975,396.26
2013-12-08,96.21,90.69010523,86653.72271,713741.9141,317462.8,8075,453.41,1833538.874,17116.3576,12.87228012,396.14
2013-12-15,97.23,97.83418291,86614.85392,1006413.7987,317496.6,8058,453.41,2022337.427,16457.8309,12.95505047,397.43
2013-12-22,97.85,104.41353868,89711.67980,823091.0977,317530.4,8111,457.00,1718027.886,16447.5813,13.05457973,397.27
2013-12-29,99.15,96.26283425,89152.01807,1056763.7702,317564.2,8121,460.58,2040052.066,15555.7173,13.08903980,397.41
2014-01-05,96.47,101.37540903,74902.34250,914605.3235,317598.0,8145,465.19,1738714.991,16351.7486,12.96800041,398.23
2014-01-12,92.42,98.04241169,94369.08410,961118.6274,317638.0,8159,467.12,1424965.098,17925.0433,13.23359966,397.75
2014-01-19,92.98,89.03337899,107984.40727,1297411.1533,317678.0,8052,475.43,1359531.489,16562.2919,13.43010044,397.97
2014-01-26,96.19,103.67035218,74854.27044,915372.6232,317718.0,8044,478.16,1855146.567,16291.1590,13.35663986,397.83
2014-02-02,97.29,107.31920010,78676.10795,921425.4236,317758.0,8044,479.27,1872477.152,16810.8167,13.27165031,397.97
2014-02-09,97.78,105.96533548,85441.86552,725543.8378,317799.5,8132,479.18,2098818.686,16151.2985,13.22000027,397.87
2014-02-16,100.21,99.92130487,92513.83645,729123.8947,317841.0,8148,481.57,1794069.950,17048.9419,13.24355030,398.09
2014-02-23,102.93,116.75249156,85659.66375,1015143.5977,317882.5,8059,482.76,2034853.336,16871.0630,13.31914997,397.97
2014-03-02,102.77,99.08737898,85894.71475,778850.1014,317924.0,8077,494.80,1498020.999,17161.8674,13.19244003,398.43
2014-03-09,103.07,107.68819443,57858.38651,877890.8660,317958.8,8182,483.87,1868957.591,15930.3126,13.23176003,399.88
2014-03-16,99.55,95.35213468,70487.70343,788444.5054,317993.6,8215,470.48,2299664.670,17658.0965,13.22642040,401.18
2014-03-23,99.77,94.23239185,86219.70415,579342.1051,318028.4,8190,464.59,2187901.501,16765.5011,13.05914974,400.10
2014-03-30,100.66,108.35914595,81505.35042,741651.8109,318063.2,8192,472.18,1986308.702,17071.0990,13.00549984,400.61
2014-04-06,100.46,102.33439095,65189.72737,218557.6036,318098.0,8229,460.07,1918683.214,16638.8406,13.05165005,401.11
2014-04-13,102.72,100.85844226,58415.81414,426324.1357,318144.5,8301,463.40,1792139.019,16950.1257,13.04662037,401.54
2014-04-20,103.95,93.52183682,42886.94945,269402.5563,318191.0,8360,458.62,1667987.378,16317.6204,13.12952042,401.59
2014-04-27,102.11,101.48633273,64326.29110,346837.2450,318237.5,8352,466.81,1776989.209,16744.8287,12.99053955,401.74
2014-05-04,100.51,100.82030165,66834.48332,119534.6263,318284.0,8350,471.16,1958189.368,16919.2929,12.94841003,401.72
2014-05-11,100.29,98.35054699,81044.83982,35915.3617,318332.8,8428,471.47,1833364.913,16824.8318,12.89710999,401.73
2014-05-18,101.92,94.88613225,73409.43128,-44191.9712,318381.5,8434,472.27,1802521.555,17376.4842,12.85859013,401.75
2014-05-25,103.82,99.85284346,69989.39589,110553.1405,318430.3,8472,468.00,1667480.255,17485.8577,12.85282993,401.82
2014-06-01,103.95,103.96097274,73521.86601,183404.6002,318479.0,8383,473.04,1978557.429,17556.7739,12.93326378,401.81
2014-06-08,103.23,105.52488028,69852.01989,300164.9764,318521.6,8460,482.25,1597117.006,17620.7050,13.00000000,401.51
2014-06-15,105.97,105.36062265,85264.01594,410764.3102,318564.2,8477,500.43,1770079.948,16930.2212,12.97725964,401.03
2014-06-22,107.23,96.36622953,95905.69760,32658.8390,318606.8,8446,499.40,1579962.397,17004.8187,12.97148991,400.94
2014-06-29,106.69,99.52325460,76463.96422,302931.7397,318649.4,8442,515.78,1502670.028,17638.1121,12.97002029,400.22
2014-07-06,105.52,102.40021732,84995.28403,169810.2794,318692.0,8514,529.01,1290124.423,17540.8927,12.98279953,399.84
2014-07-13,103.25,97.12345096,82293.52132,182807.8063,318749.3,8592,515.85,1390470.597,16870.4765,12.96580029,398.82
2014-07-20,102.37,93.71954036,88131.07009,-206964.1448,318806.5,8565,526.71,1776466.172,17638.6704,12.94274998,398.81
2014-07-27,104.35,101.13502825,86727.80204,253389.7961,318863.8,8443,545.39,1511061.749,17664.9374,13.19931030,397.42
2014-08-03,102.19,109.13809871,83198.41176,364187.9756,318921.0,8453,532.42,1763515.563,16709.8754,13.25378036,397.78
2014-08-10,97.50,94.79661283,92645.26792,-5925.2676,318966.6,8556,511.95,1504079.931,17534.8012,13.05126953,397.23
2014-08-17,97.17,104.01150556,84934.74726,-28309.2983,319012.2,8577,504.27,1392487.065,17490.3361,13.13844013,396.77
2014-08-24,94.95,107.62596871,100784.58263,13362.8848,319057.8,8631,501.71,1318384.654,17469.9212,13.06933975,396.31
2014-08-31,96.25,98.83935223,79596.62778,87045.9646,319103.4,8630,516.81,1342615.714,16816.1731,13.03518009,396.35
2014-09-07,94.06,103.68849571,70603.67476,-74329.1017,319149.0,8590,545.22,1484280.744,17527.4636,13.24256992,395.03
2014-09-14,92.43,104.49748485,53453.04810,114016.8182,319203.5,8838,543.52,1813609.500,16583.9414,13.20621967,395.07
2014-09-21,93.52,95.99513078,66340.62060,282641.7626,319258.0,8867,541.64,1409747.939,16756.1711,13.46045017,395.45
2014-09-28,93.15,93.01280982,80826.26237,69780.2718,319312.5,8837,553.24,1412210.126,17479.7966,13.48143005,395.33
2014-10-05,91.44,105.84361194,60456.36730,115614.9573,319367.0,8875,566.13,1645035.128,17155.6176,13.46930027,395.56
2014-10-12,87.63,100.74563745,60217.55446,132761.6132,319415.5,8951,564.16,1844742.588,17295.8152,13.54183006,395.65
2014-10-19,82.88,96.12066197,63186.02404,102002.9741,319464.0,8934,563.31,1886855.191,17494.8654,13.56099987,395.87
2014-10-26,82.12,98.79206371,70294.62260,69406.4972,319512.5,8970,569.62,1770055.956,17331.0697,13.47889996,397.52
2014-11-02,81.29,101.35427041,66313.61555,448862.6201,319561.0,8972,566.72,2025786.019,17208.5342,13.52299976,396.78
2014-11-09,78.24,98.83268465,69684.45302,350829.3448,319597.2,9063,570.36,1651492.404,17685.1818,13.53011990,397.22
2014-11-16,76.50,92.84353906,60027.55513,568026.3704,319633.4,9004,584.56,1483565.220,18097.4767,13.62685013,397.32
2014-11-23,75.38,92.11492903,74452.80241,449510.9932,319669.6,9077,587.54,1737294.115,17012.4257,13.93400002,397.89
2014-11-30,72.36,102.80391436,71270.38153,415084.8951,319705.8,9083,577.56,1583136.641,17045.3255,14.36100006,398.20
2014-12-07,67.18,93.47211274,67223.64547,695781.9662,319742.0,9118,562.71,1830327.472,17450.1172,14.73707008,399.12
2014-12-14,61.14,106.42278301,76604.93729,782835.5948,319782.5,9137,553.50,1679211.746,16605.5953,14.58399963,399.10
2014-12-21,55.89,96.84195701,85643.44789,1031732.3092,319823.0,9127,546.42,1496717.211,16911.8601,14.71117020,398.92
2014-12-28,55.58,91.31771818,81132.36673,815396.0056,319863.5,9121,554.52,1829535.206,17727.3332,14.84360027,399.84
2015-01-04,53.44,95.60916794,84735.89534,984023.6152,319904.0,9132,565.44,2417845.474,16951.2619,14.57075977,399.85
2015-01-11,48.77,98.37789795,86643.46524,792782.8731,319941.3,9192,547.32,2146384.694,17182.3176,14.55733013,400.16
2015-01-18,47.07,100.63560143,61815.04097,850875.6079,319978.5,9186,522.01,2137833.269,18026.0065,14.67800045,399.51
2015-01-25,46.46,104.54879046,85579.04932,911378.1410,320015.8,9213,507.85,2143909.763,17283.4655,14.95149994,400.20
2015-02-01,45.32,104.35402468,61165.68384,810437.2610,320053.0,9177,519.71,1971122.740,17062.6653,14.85009956,400.17
2015-02-08,50.58,95.65686799,82451.47257,596118.0115,320093.5,9226,515.44,2396124.998,17757.7035,14.90110016,399.95
2015-02-15,51.14,99.28360738,72490.37660,883303.3920,320134.0,9280,522.95,2059138.955,17326.1614,15.04059982,399.92
2015-02-22,51.69,104.00617788,61815.69653,912692.3306,320174.5,9285,506.91,2301091.122,16720.1202,14.94058990,401.34
2015-03-01,49.16,98.35270826,67553.97252,469518.3420,320215.0,9324,517.75,2176393.192,17228.1046,15.46127987,401.28
2015-03-08,50.38,91.77677279,72034.21414,813498.9288,320250.0,9366,522.66,2214447.068,17632.4676,15.48480034,401.87
2015-03-15,47.69,98.18767398,66147.06813,513956.8996,320285.0,9419,495.82,2067153.023,17500.7501,15.04273987,400.77
2015-03-22,44.39,98.36556767,57217.50971,472017.0519,320320.0,9422,513.57,2178943.898,17723.7569,15.21207047,401.77
2015-03-29,48.68,104.49967339,57524.95933,759023.1977,320355.0,9386,522.10,2154693.284,17027.6282,14.80700016,401.81
2015-04-05,48.91,94.48867901,60780.41351,409897.4190,320390.0,9404,523.46,2385225.703,17841.7792,15.21858978,403.20
2015-04-12,51.78,103.38048955,55767.56696,60308.9519,320436.0,9384,507.85,2420649.969,17324.5046,15.31284142,404.04
2015-04-19,54.78,101.00898150,46777.02728,165009.4135,320482.0,9366,508.53,2207567.697,17680.6113,15.38786030,403.07
2015-04-26,56.14,99.67318592,51899.09864,486332.1070,320528.0,9373,516.04,2492002.419,17950.0727,15.55344963,403.80
2015-05-03,57.98,99.53937660,66037.49377,89937.3968,320574.0,9369,509.13,2187627.832,17702.5663,15.12561035,404.13
2015-05-10,59.73,101.67828800,64964.84606,207168.9558,320613.0,9374,514.78,2222556.258,18446.9952,15.00300026,403.97
2015-05-17,60.01,106.90972252,59255.89022,61880.6943,320652.0,9262,514.68,2268357.439,17428.5037,15.27183914,403.97
2015-05-24,58.95,91.99044966,55240.61093,32079.9072,320691.0,9566,514.33,2245061.978,18311.8892,15.37366009,403.82
2015-05-31,58.19,101.57228753,46169.82327,252263.3517,320730.0,9586,516.30,2292977.495,17916.6080,15.70423985,403.20
2015-06-07,59.66,99.05950695,75538.04140,53318.8694,320769.0,9610,513.91,2191134.368,18135.7670,15.39550972,403.24
2015-06-14,60.07,100.24173325,90959.73848,284736.9020,320822.3,9589,514.68,2230999.431,18238.7707,15.34130001,402.39
2015-06-21,59.89,103.56585966,68730.55731,-273827.4692,320875.5,9604,514.25,2340175.384,17089.4617,15.55000019,402.71
2015-06-28,60.01,107.44228764,78933.17781,78873.7077,320928.8,9595,506.91,2124407.786,17648.5952,15.71566010,402.15
2015-07-05,57.92,102.13547509,85579.70235,81607.8325,320982.0,9604,516.13,2148040.322,17272.6225,15.70048046,401.73
2015-07-12,52.38,100.76286206,80296.44169,224108.6812,321037.8,9562,509.37,2660291.426,18069.1147,15.92082977,401.39
2015-07-19,51.68,97.59744411,81870.63699,249361.9734,321093.5,9558,508.96,2359725.565,17367.0437,16.26399994,401.25
2015-07-26,49.21,92.52973087,81382.68064,118355.3335,321149.3,9413,491.89,2051775.325,17723.3305,16.10494041,400.20
2015-08-02,47.91,103.10481943,73579.63238,179850.9666,321205.0,9465,498.04,2116175.825,17957.7569,16.15099907,398.36
2015-08-09,44.94,107.16670469,83886.44491,-19024.0958,321249.6,9395,506.91,2075467.783,18080.6960,16.36424065,399.19
2015-08-16,43.20,99.77522162,78298.35509,219617.8545,321294.2,9348,501.19,2003421.618,17113.2099,16.97987938,399.14
2015-08-23,41.34,101.83180643,85449.77537,253424.7881,321338.8,9337,490.96,2320556.762,17268.5079,16.74732018,398.85
2015-08-30,40.73,96.67763589,73185.03895,64811.6722,321383.4,9218,491.38,2504602.395,17296.2699,16.93214035,398.49
2015-09-06,46.73,105.04410644,67099.03075,134760.8922,321428.0,9135,479.44,2175674.677,16878.4583,16.82831001,397.77
2015-09-13,45.16,105.09550622,79006.41032,-160016.7799,321481.3,9117,484.71,2142166.180,16868.6168,16.64522934,397.24
2015-09-20,45.48,95.14467705,75650.48515,18634.9617,321534.5,9136,472.27,2318594.261,17345.2295,16.96221924,397.33
2015-09-27,45.57,101.64625589,54581.15955,-105580.5246,321587.8,9096,467.58,2258134.948,16921.7765,16.74527931,397.22
2015-10-04,45.00,108.43855764,56050.32067,226844.4180,321641.0,9172,448.38,2412086.769,17519.4960,16.40884018,398.37
2015-10-11,48.36,99.38092326,48018.25362,137614.3173,321689.3,9096,468.69,2585414.541,17609.2697,16.40176010,398.18
2015-10-18,46.82,95.72596828,47633.13452,151751.2177,321737.5,9096,475.85,2009116.953,18657.1085,16.57210922,398.52
2015-10-25,45.16,95.25188416,57720.55886,181890.9740,321785.8,9112,489.42,2130742.968,16961.9303,16.50164986,398.48
2015-11-01,44.99,96.36508003,40172.78499,294292.5094,321834.0,9160,483.70,2173062.835,17807.7812,16.83501625,399.06
2015-11-08,45.98,103.42611189,61556.51736,592258.3399,321871.2,9185,462.01,2186519.146,17520.9862,16.69449043,400.44
2015-11-15,42.70,104.64110168,54721.59697,453166.3619,321908.4,9182,452.73,2252344.000,17214.3993,16.52854919,400.34
2015-11-22,40.62,101.25566898,65794.59162,426373.1950,321945.6,9165,450.60,2217186.630,18369.1814,16.63339996,400.37
2015-11-29,40.49,104.37906518,50969.54904,441750.6134,321982.8,9202,456.83,2399054.800,18156.4312,16.67222404,400.80
2015-12-06,40.40,103.92338375,60639.61723,564746.2655,322020.0,9164,441.04,2378618.392,17002.8596,17.41856766,401.31
2015-12-13,36.93,110.46137193,52945.99788,443053.8483,322064.0,9176,430.89,2174904.350,17367.1721,17.14383698,402.34
2015-12-20,35.78,99.62674662,48436.80301,668941.0552,322108.0,9179,428.41,2124874.221,17142.5685,17.26817513,402.60
2015-12-27,36.26,101.47118577,52895.74256,443112.3393,322152.0,9202,467.66,2354870.288,18799.2668,17.21447945,402.08
2016-01-03,36.99,107.72073889,77589.42674,848143.0713,322196.0,9219,466.89,1765649.846,17839.2413,17.97299957,402.15
2016-01-10,34.65,103.79578279,58495.20661,886807.7088,322227.4,9227,454.15,1937799.430,18147.4378,18.28812981,402.48
2016-01-17,30.59,100.38223398,69895.17802,798068.7841,322258.8,9235,438.57,1839681.747,16684.4031,18.41410065,402.61
2016-01-24,29.19,97.84091640,86024.52936,1223698.8164,322290.2,9221,454.18,2104709.294,16753.4629,18.13899994,402.98
2016-01-31,31.81,102.80618531,71058.14779,913833.8967,322321.6,9214,457.34,1937529.439,18260.8262,18.40733910,404.58
2016-02-07,31.26,102.52443336,47180.58167,541479.8770,322353.0,9186,458.70,2222190.755,17602.4370,18.90600014,403.81
2016-02-14,28.14,91.23058742,56204.20103,741434.9685,322393.0,9135,440.70,2061400.564,17722.8206,18.20474052,403.67
2016-02-21,30.02,100.97591042,48404.35034,783148.2949,322433.0,9102,457.17,2041177.640,17796.3983,18.27961922,404.41
2016-02-28,31.32,103.12401743,54530.99500,715948.1918,322473.0,9077,467.58,1998440.251,17552.9239,17.76609993,404.06
2016-03-06,34.43,93.93382834,46698.30269,316477.7838,322513.0,9078,465.36,2155405.527,17280.1136,17.69300079,404.00
2016-03-13,37.69,104.56529598,60989.67517,587738.9895,322556.0,9068,438.74,2132693.200,17526.8181,17.42041016,404.79
2016-03-20,38.32,106.54554490,48979.70425,412659.9531,322599.0,9038,440.61,1857305.240,17680.4372,17.57431984,405.66
2016-03-27,39.45,98.89335792,37119.26472,220691.2456,322642.0,9022,427.90,1928478.203,18246.5916,17.33334923,405.45
2016-04-03,36.82,109.50539764,48315.59556,373000.6206,322685.0,9008,421.76,2633561.330,17885.0710,17.77000046,406.60
2016-04-10,36.72,99.75235294,52635.18068,375225.0471,322730.5,8977,423.29,2522804.121,17486.5887,17.70989990,408.72
2016-04-17,41.23,99.23434725,55749.02756,56318.0510,322776.0,8953,416.98,2634409.824,16993.4097,17.45840073,407.45
2016-04-24,41.86,95.63441231,44774.91663,428958.1921,322821.5,8938,391.30,2590821.907,18067.0196,17.17766953,407.72
2016-05-01,44.30,94.42645449,61849.12543,223715.4935,322867.0,8825,392.24,2608279.418,17477.5729,17.86544037,407.55
2016-05-08,44.22,97.58266035,44563.22802,403277.5579,322905.8,8802,410.10,2553233.189,17488.6235,18.18650055,407.86
2016-05-15,45.44,104.24113332,40940.36057,273624.2269,322944.6,8791,405.20,2328422.451,17981.8741,18.36730003,407.31
2016-05-22,47.99,95.06155566,38207.16288,534153.1737,322983.4,8767,400.85,2620150.660,18198.8266,18.45070076,408.33
2016-05-29,48.72,104.58294394,62556.48342,194434.4137,323022.2,8735,397.35,2187806.680,18011.2309,18.63232994,407.47
2016-06-05,49.00,99.74313750,52139.83336,-18150.0522,323061.0,8745,402.05,2739960.649,16607.9411,18.61264992,406.87
2016-06-12,50.18,96.88125342,63531.91815,-34181.7508,323112.0,8716,400.51,2762203.610,17534.9025,18.73238945,407.21
2016-06-19,47.89,111.34008729,49877.20620,77864.2515,323163.0,8677,384.13,2705711.494,18311.8521,18.97114944,406.67
2016-06-26,48.71,116.20302946,69161.39638,123259.2885,323214.0,8622,378.41,2666707.121,18449.1265,18.38892937,405.99
2016-07-03,48.17,94.17109721,78784.83353,120965.2362,323265.0,8428,385.58,2559686.028,17505.7044,18.49839020,405.57
2016-07-10,46.17,109.30446205,76541.54296,-99861.7864,323306.6,8485,383.09,2425729.543,18394.4197,18.54706001,404.50
2016-07-17,45.60,106.36643735,81149.06172,362637.6935,323348.2,8494,374.91,2869887.085,17724.8917,18.53989983,403.41
2016-07-24,44.44,95.69653923,81360.00446,-108160.5494,323389.8,8515,368.86,2248219.117,17831.7647,18.75528908,403.85
2016-07-31,41.83,104.52241144,88747.48180,529.6372,323431.4,8460,381.31,2518295.248,18051.6997,18.75411987,403.49
2016-08-07,40.82,98.66619027,65711.68289,-68331.0692,323473.0,8445,394.28,2366957.541,17398.3169,18.22260094,402.90
2016-08-14,43.11,99.83124883,81573.26437,212391.1335,323524.8,8597,390.87,2845788.533,17654.9682,18.24740028,401.87
2016-08-21,47.16,100.80471779,72232.31641,445452.7155,323576.5,8548,376.28,2382529.883,17962.4582,18.57929993,401.89
2016-08-28,47.05,104.42996997,74297.80042,-127875.5976,323628.3,8488,362.97,2521007.887,17882.5825,18.55050087,400.97
2016-09-04,45.11,108.85940728,71091.96777,-84169.3867,323680.0,8458,346.76,2321810.905,17399.4805,18.87229919,400.99
2016-09-11,45.96,107.67072739,60759.95975,180729.9879,323729.0,8493,357.00,2336478.608,17899.3117,19.58482933,401.35
2016-09-18,44.34,108.26429633,67028.70474,87902.9607,323778.0,8512,368.77,2758992.070,17637.1566,19.79110909,400.89
2016-09-25,44.59,89.69585572,67480.98401,216569.1547,323827.0,8497,364.68,2720172.601,17167.3776,19.39450073,400.75
2016-10-02,46.55,99.10455506,63527.81909,-16809.8664,323876.0,8467,341.72,2518588.268,17541.9293,18.98312950,400.94
2016-10-09,49.48,100.48053193,50496.89848,379969.8066,323911.2,8450,351.71,2337508.053,18064.2667,19.00621033,401.59
2016-10-16,50.29,93.62533618,58800.66146,347128.8071,323946.4,8464,332.59,2560344.459,16979.5390,18.61212921,401.67
2016-10-23,50.56,93.69436052,43032.93867,120813.1274,323981.6,8504,347.70,2529022.077,17903.0182,19.00522041,402.16
2016-10-30,49.36,101.13179234,56908.05285,7795.7629,324016.8,8522,356.14,2555498.996,17872.0240,18.58354950,402.80
2016-11-06,45.51,109.35451218,37387.88162,534875.9411,324052.0,8692,350.60,2501327.132,18341.4276,20.86075020,402.81
2016-11-13,44.61,94.34899153,46450.72583,241247.3032,324093.0,8681,362.80,2715561.990,18040.6766,20.64653015,403.60
2016-11-20,45.15,102.33993033,45873.85584,194916.9962,324134.0,8690,371.50,2701354.578,17762.1717,20.63520050,404.00
2016-11-27,47.25,110.72417945,47592.98140,591962.5802,324175.0,8699,382.94,2655521.732,17976.6083,20.70364952,404.57
2016-12-04,48.63,109.93093911,60612.74321,754302.6311,324216.0,8697,371.59,2754244.493,17619.2947,20.31481934,403.90
2016-12-11,50.97,98.79612359,64006.16051,658312.2991,324252.5,8796,377.22,2494836.332,18226.1402,20.43874931,404.83
2016-12-18,51.91,104.36169875,65114.10688,807887.2162,324289.0,8786,393.69,2607992.543,18477.6994,20.58772087,404.43
2016-12-25,51.95,104.02295990,60259.89234,1109413.2650,324325.5,8766,396.93,2614242.105,17886.7943,20.63484955,404.77
2017-01-01,53.60,107.18540227,67448.18872,748110.8710,324362.0,8770,396.08,1927714.458,18106.7128,21.24279976,405.95
2017-01-08,53.34,100.88214592,60733.30092,823785.7352,324388.4,8946,391.89,2025753.348,18351.0496,21.50510979,406.02
2017-01-15,52.07,100.17127880,69661.72861,737884.8692,324414.8,8944,402.47,2287619.588,18127.7393,21.51429939,406.22
2017-01-22,51.82,102.63696611,60874.01745,865518.0933,324441.2,8961,406.06,1917208.667,17449.3723,20.90870094,406.52
2017-01-29,52.74,105.97866260,63631.99755,749283.5554,324467.6,8915,400.43,1998073.916,17992.1701,20.38360023,406.24
2017-02-05,53.33,103.77691777,57263.10732,670803.8650,324494.0,8978,394.62,2239353.480,18252.3005,20.32247925,406.07
2017-02-12,52.88,100.91812235,43609.02935,717801.5196,324528.5,8977,386.18,2083618.386,18131.4901,20.44639969,405.95
2017-02-19,53.22,105.59149664,59461.03999,681772.1031,324563.0,9001,392.24,2544068.227,16698.2064,19.90309906,406.98
2017-02-26,54.03,105.14408099,57970.66729,635694.4157,324597.5,9032,392.32,2010643.297,17485.9312,19.56236076,407.41
2017-03-05,53.56,101.10828751,64802.80812,329160.7272,324632.0,9088,395.82,2271494.935,18506.3788,19.60124969,406.15
2017-03-12,50.50,98.79856273,65943.66805,434107.0089,324669.8,9109,373.79,2224691.184,17851.7895,19.07290077,407.10
2017-03-19,48.03,104.88388649,39610.83524,516139.9829,324707.5,9129,374.32,2099469.978,17783.9718,18.77909088,406.82
2017-03-26,47.28,102.20012018,51157.15652,423598.5876,324745.3,9147,385.15,2444659.246,16785.3275,18.70590973,408.41
2017-04-02,49.14,106.11032515,53827.53743,129633.9640,324783.0,9199,378.41,2364375.117,18680.6043,18.65654945,407.64
2017-04-09,51.26,106.47100107,43899.55504,245856.8508,324815.2,9235,381.57,2063342.179,18316.8263,18.50374985,408.84
2017-04-16,53.19,116.68882784,49044.74852,447553.9478,324847.4,9252,391.47,2448891.062,18362.3390,18.62520027,409.65
2017-04-23,51.09,106.12017725,49209.13394,76344.2581,324879.6,9265,398.29,2480607.245,18210.9151,18.81575966,409.97
2017-04-30,49.12,103.58980786,37330.07990,286494.8704,324911.8,9293,423.29,2320791.424,17470.0782,18.94450951,409.20
2017-05-07,47.21,108.60741757,50205.90247,257638.7331,324944.0,9314,437.88,2685033.186,18288.4234,18.77555084,409.32
2017-05-14,47.04,91.53464959,49074.17669,389105.6166,324987.3,9305,415.61,2146130.646,18866.4595,18.71710014,410.40
2017-05-21,49.24,98.11326699,58356.79545,193475.3375,325030.5,9320,413.14,2642426.562,17617.1094,18.48913956,410.00
2017-05-28,50.21,104.84047504,48654.44788,125582.3454,325073.8,9342,405.97,2656163.846,18567.8127,18.71669960,409.57
2017-06-04,48.48,110.85945919,56817.49795,160157.7741,325117.0,9318,430.20,2414505.469,18165.2379,18.13973045,409.69
2017-06-11,46.57,101.87926032,68858.63030,138414.5309,325161.8,9330,422.70,2486969.272,18276.3884,17.92725945,409.43
2017-06-18,45.30,98.85982180,54007.06951,260874.3561,325206.5,9350,403.33,1859441.248,18581.0270,18.00250053,408.32
2017-06-25,43.09,113.52008307,56957.90678,216373.6448,325251.3,9250,393.43,2288405.768,18239.1484,18.08835030,407.76
2017-07-02,44.63,108.91106405,63311.63049,323268.5148,325296.0,9338,396.93,2416527.872,17877.0619,18.08136940,408.07
2017-07-09,44.96,103.20998783,73687.12254,74748.6643,325332.0,9397,391.72,2291878.580,18361.6845,17.57366943,407.06
2017-07-16,45.51,100.04796998,68853.96054,155858.6879,325368.0,9429,404.69,2499201.787,17384.1127,17.63681030,406.81
2017-07-23,46.41,107.87172623,77192.78829,393558.0236,325404.0,9410,400.68,2215122.396,17890.0020,17.75959969,406.73
2017-07-30,48.27,108.36407716,71552.59148,219707.1231,325440.0,9430,383.70,2479547.219,18007.1977,17.85713005,406.47
2017-08-06,49.52,94.85718702,69968.03690,174096.0585,325476.0,9423,389.42,2613254.290,18039.1759,17.81459999,405.53
2017-08-13,49.08,104.01857813,72899.50610,351299.5015,325520.3,9502,366.55,2268163.979,17934.4431,17.71843910,405.20
2017-08-20,47.52,100.55236497,55203.43694,145223.0192,325564.5,9528,361.43,2146083.155,17886.2793,17.61630058,404.54
2017-08-27,47.68,107.15006688,90946.14156,110694.2656,325608.8,9530,364.93,2031125.970,18740.8948,17.81296921,404.20
2017-09-03,46.68,108.09716352,65965.89355,-37868.2542,325653.0,8781,358.87,2298145.579,17888.8643,17.73035049,403.69
2017-09-10,48.58,95.55726638,68331.29283,-109029.6883,325694.8,9353,370.07,2672821.845,18023.1615,17.62199974,403.68
2017-09-17,49.07,105.02567224,58681.29297,300396.2297,325736.5,9510,385.07,2324215.975,18692.5912,17.73690033,403.05
2017-09-24,50.12,100.67729873,66900.84911,78771.5717,325778.3,9547,400.77,2464815.096,17874.2226,18.12639999,402.76
2017-10-01,51.77,103.22694047,54434.75412,304457.6086,325820.0,9561,393.34,1918518.513,18181.9979,18.56889915,402.95
2017-10-08,50.23,113.27644389,57839.20997,195223.9312,325849.6,9480,399.06,1942280.930,18612.4545,18.92604065,403.41
2017-10-15,50.77,97.63793535,55498.24918,277336.0548,325879.2,8406,399.74,2061714.516,19141.2786,18.99080086,403.95
2017-10-22,51.74,105.64680963,63117.81293,-42383.8065,325908.8,9507,397.95,1822597.697,18424.3440,19.15549088,404.00
2017-10-29,52.51,100.00981562,56109.55045,218811.9466,325938.4,9553,412.37,2294488.845,18070.9784,19.16699982,404.15
2017-11-05,54.59,108.86362658,54865.51575,709696.4411,325968.0,9620,434.47,2265610.060,18720.8959,19.10588074,404.25
2017-11-12,57.05,99.10971049,64644.02209,149004.3920,326001.0,9645,428.38,2016013.382,18752.6350,18.94251060,405.07
2017-11-19,55.81,105.37298400,56431.58188,603787.4711,326034.0,9658,425.51,2055286.506,18368.3602,18.54879951,406.12
2017-11-26,57.47,102.23401442,47581.76912,334383.2168,326067.0,9682,425.17,2128984.856,19008.4118,18.65320015,406.33
2017-12-03,57.81,103.26772892,59432.80631,726653.7355,326100.0,9707,416.30,2225842.077,19125.1939,18.94915009,406.74
2017-12-10,56.92,103.06006015,64514.93057,841674.5059,326123.2,9780,403.75,2000037.312,18257.7188,19.12096977,406.55
2017-12-17,57.17,101.58749959,50955.05215,793321.4098,326146.4,9789,413.05,2066396.420,18995.5023,19.69985008,406.84
2017-12-24,57.87,99.87644157,51137.14267,791607.9323,326169.6,9754,404.69,2070628.921,19065.5548,19.63999939,407.21
2017-12-31,59.88,97.08103327,58669.23455,842611.9725,326192.8,9782,414.85,1879363.949,17718.1470,19.18301010,407.37
2018-01-07,61.36,106.04026812,68005.96658,981508.3889,326216.0,9492,407.00,2344760.056,18267.8501,18.97929955,408.14
2018-01-14,63.26,94.33708952,65910.61686,966129.1349,326242.8,9750,407.68,2018475.654,18236.4320,18.58536911,407.89
2018-01-21,63.77,108.59320573,59786.66445,1029007.3732,326269.5,9878,418.86,1800297.431,18925.4586,18.47559929,408.27
2018-01-28,65.14,101.54738795,65113.18456,1074937.2700,326296.3,9919,425.34,2253779.721,18246.4910,18.63509941,407.88
2018-02-04,65.32,110.31121796,58176.06947,800607.2301,326323.0,10251,430.46,2364781.966,18881.1816,18.69050026,408.20
2018-02-11,62.01,103.17596153,56036.58473,906392.2499,326351.5,10271,421.93,2195322.431,18415.6933,18.47430038,408.37
2018-02-18,60.56,106.57668958,36268.82350,576974.0698,326380.0,10270,435.67,2485899.182,19019.4009,18.56204987,408.45
2018-02-25,62.47,101.70146430,40451.21251,764038.8462,326408.5,10283,426.11,2145395.257,18325.4978,18.82469940,408.90
2018-03-04,62.07,108.03751239,48504.44096,397659.1903,326437.0,10369,416.98,1943703.600,18592.8943,18.60840034,409.83
2018-03-11,61.65,104.49804845,69454.81552,552245.4055,326468.5,10381,402.15,1902681.770,18580.8023,18.69000053,408.71
2018-03-18,61.28,96.49760967,51024.04926,538527.2180,326500.0,10407,381.40,1971754.490,18561.5828,18.49049950,409.12
2018-03-25,64.11,110.53015498,51234.09864,855751.1058,326531.5,10433,362.46,2078117.130,18998.2593,18.18379974,410.02
2018-04-01,64.97,110.72227824,33589.10286,301989.6386,326563.0,10460,350.09,1857200.354,19305.5506,18.27400017,409.19
2018-04-08,63.07,103.02739614,53919.60256,565085.5028,326590.2,10525,349.23,1502162.231,17377.3369,18.03039932,409.45
2018-04-15,66.02,101.48242576,44274.06583,191441.8364,326617.4,10540,353.75,1953390.750,19365.9593,18.51510048,411.05
2018-04-22,67.55,106.93612396,32635.20926,371162.4332,326644.6,10586,354.01,2015722.071,17774.8284,18.60169983,411.68
2018-04-29,67.91,94.41468470,45817.74866,266623.6053,326671.8,10619,365.19,2013732.004,18487.7412,19.04590034,409.66
2018-05-06,68.38,101.36168944,60781.14085,419340.5308,326699.0,10703,361.95,1933573.567,19639.7504,19.40740013,411.06
2018-05-13,70.56,97.22412756,49918.04724,136980.9756,326736.0,10723,356.40,2154453.847,18025.3257,19.93779945,411.87
2018-05-20,71.30,103.91036490,50414.08596,147709.4478,326773.0,10725,335.24,2423805.461,18867.5384,19.52799988,411.45
2018-05-27,70.98,102.12602654,33948.14948,225617.3690,326810.0,10769,349.15,2231055.866,18911.8709,19.92510033,411.41
2018-06-03,66.96,108.83519395,55164.74265,-49500.3353,326847.0,10800,353.67,2395921.991,18618.2736,20.27540016,410.94
2018-06-10,65.35,104.57635543,54757.58666,70937.5737,326886.5,10900,361.01,2162477.631,18686.6277,20.61300087,411.16
2018-06-17,66.21,109.44955628,62663.10870,447415.2092,326926.0,10900,357.59,1980133.949,18564.3498,20.31030083,410.36
2018-06-24,66.32,114.90947716,68743.33905,73735.5023,326965.5,10900,361.43,2167860.891,18134.2876,19.89730072,410.56
2018-07-01,74.03,102.82544685,53224.35282,259766.9660,327005.0,10900,364.25,2156795.174,18936.1973,19.03000069,409.38
2018-07-08,73.73,105.38659824,57975.78271,-228803.7217,327037.4,10900,363.05,2417399.638,18529.5764,18.87229919,409.15
2018-07-15,71.96,104.11786559,68800.77616,-18320.7551,327069.8,11000,366.47,1894465.756,18380.1276,19.00839996,408.54
2018-07-22,68.95,103.08893484,65866.29560,68484.8072,327102.2,11000,376.28,2220952.700,17966.0990,18.61330032,408.28
2018-07-29,70.01,109.86398637,72395.90133,1508.7925,327134.6,10900,377.05,1978204.764,18798.9745,18.54100037,407.46
2018-08-05,69.46,105.56297644,53078.80581,-191217.2211,327167.0,10800,382.25,2178847.260,18759.8945,18.89620018,407.23
2018-08-12,67.90,109.64403769,81981.10225,310597.2435,327207.3,10900,372.87,1790387.685,18967.1524,18.87849998,407.07
2018-08-19,66.15,113.35920200,56482.37825,116254.5503,327247.5,11000,378.41,1910875.370,19542.0624,19.00620079,406.84
2018-08-26,68.10,105.28835296,59655.52361,92271.4591,327287.8,11000,364.16,2058809.988,19570.1903,19.06909943,406.11
2018-09-02,69.66,104.30762456,55799.67808,420446.1010,327328.0,11000,371.25,2259556.843,19063.8441,19.30769920,405.49
2018-09-09,68.51,104.42858821,55570.09574,192928.0059,327357.8,10900,375.26,2450305.590,18289.0908,18.83009911,405.39
2018-09-16,68.96,104.73012060,58878.53416,316842.1583,327387.6,11000,400.00,2159669.145,19233.9023,18.81410027,405.69
2018-09-23,70.28,107.60514620,67689.56463,74655.7375,327417.4,11100,404.27,1921338.700,19493.1853,18.70289993,405.55
2018-09-30,72.84,115.80877681,56651.60822,227807.3063,327447.2,11100,405.63,2101924.638,18860.8207,18.80879974,405.50
2018-10-07,75.13,114.50333209,46246.30629,417439.9374,327477.0,11200,403.24,2087763.677,19158.9423,18.97596931,405.58
2018-10-14,72.96,102.16368517,65857.54871,317870.8747,327509.5,10900,396.50,2170437.508,19478.4272,19.14049911,406.01
2018-10-21,70.24,115.07733701,56941.63456,79308.9822,327542.0,10900,398.55,2516658.592,18614.7266,19.34650040,406.62
2018-10-28,67.43,102.98987848,47256.94527,166918.0090,327574.5,11200,404.10,2140493.633,18968.2953,19.99810028,406.48
2018-11-04,65.06,105.15254016,53153.94326,260200.2818,327607.0,11600,399.57,2601758.088,19468.3849,20.12439919,406.99
2018-11-11,61.57,109.63435804,49534.64708,465278.3850,327635.8,11700,397.64,2029697.800,19497.7577,20.15460014,408.73
2018-11-18,56.92,114.60964500,60444.37419,598198.8111,327664.5,11700,408.62,2323146.143,17875.7452,20.39649963,408.59
2018-11-25,54.99,101.78543231,47475.44176,517937.4403,327693.3,11700,412.71,2306224.715,19270.5500,20.38220024,408.39
2018-12-02,51.01,105.21540567,60863.51370,641532.0722,327722.0,11700,411.26,2502069.645,19010.7937,20.33359909,408.49
2018-12-09,52.63,107.52900463,60696.71582,902101.3924,327742.4,11600,414.76,2151183.587,18821.0911,20.27269936,409.40
2018-12-16,51.54,97.44173732,50250.12795,719592.5056,327762.8,11600,417.75,2187786.194,18570.0561,19.92749977,409.31
2018-12-23,46.98,102.90236883,60788.60766,824668.8700,327783.2,11700,418.77,2173224.074,17973.3654,19.65200043,409.14
2018-12-30,45.22,103.25758160,41405.74745,811559.3199,327803.6,11700,423.81,2324854.658,18982.0841,19.40660095,409.60
2019-01-06,47.00,105.04440626,63372.59102,920167.3325,327824.0,11700,416.13,2312162.324,18379.0867,19.12470055,410.67
2019-01-13,50.78,107.75342896,71370.00114,974876.2670,327848.3,11900,430.36,2251552.535,19307.2772,18.99539948,410.35
2019-01-20,51.92,106.37477468,58063.34840,844803.4724,327872.5,11900,434.73,2551387.589,18224.1721,19.01329994,411.98
2019-01-27,52.88,104.72152687,69000.94295,980210.3203,327896.8,11900,432.94,1988922.836,18026.7771,19.08580017,411.02
2019-02-03,53.63,106.90626775,53373.36073,794619.0604,327921.0,11900,430.97,2050633.112,18414.4313,19.07418060,411.62
2019-02-10,53.53,105.82129114,44775.37062,927114.6950,327947.0,11900,436.60,2156871.343,18449.1124,19.22780037,412.40
2019-02-17,53.88,99.66828087,31575.14708,932689.1768,327973.0,12000,434.04,2281646.959,18325.9153,19.13030052,410.98
2019-02-24,56.74,95.66984602,41420.10486,1051576.2394,327999.0,12100,439.85,2569276.695,18967.1303,19.25219917,412.40
2019-03-03,56.12,109.41905704,43865.83056,528798.7194,328025.0,12100,442.15,2200433.790,18324.0293,19.47839928,412.16
2019-03-10,56.35,116.60335020,46931.20304,668624.8995,328048.0,12000,430.67,2238360.384,18927.3807,19.29859924,412.16
2019-03-17,57.81,105.72944693,44881.84156,595564.0687,328071.0,12100,416.13,2058586.871,19380.8605,18.85000038,411.82
2019-03-24,59.44,104.56272236,44873.86686,494685.7163,328094.0,12100,421.50,2032050.041,18395.2259,19.41510010,411.32
2019-03-31,59.49,111.85633363,45347.54761,637763.1072,328117.0,12200,406.14,1956172.406,19236.6542,19.14679909,412.19
2019-04-07,62.36,107.14949804,28154.38161,387565.5903,328140.0,12200,410.75,1699596.887,18883.0618,18.74160004,413.14
2019-04-14,64.10,98.91873838,41318.72424,405916.4991,328171.8,12100,414.51,1967574.020,18619.0337,18.78709984,413.60
2019-04-21,63.80,101.19744666,46827.22382,303674.7328,328203.5,12200,418.69,2160908.680,18843.6272,19.02268028,413.77
2019-04-28,65.28,101.90482840,45771.58510,298118.1228,328235.3,12300,392.66,1952739.170,18560.9799,19.11319923,414.29
2019-05-05,62.90,104.64910249,48861.08506,308988.4316,328267.0,12200,387.12,1652507.698,19549.7420,19.22551918,414.32
2019-05-12,61.81,106.73116092,56805.31391,346216.9191,328301.3,12100,374.10,1463359.156,18708.5699,19.09919930,415.40
2019-05-19,62.10,108.44323570,50082.93155,102678.4510,328335.5,12200,371.76,1868394.289,18134.7686,19.02669907,414.74
2019-05-26,60.72,110.74353075,54798.82646,253335.0497,328369.8,12300,368.43,1712693.821,18930.3781,19.52503967,414.30
2019-06-02,56.93,109.02181557,54389.96141,123251.5396,328404.0,12400,351.79,2005753.267,19653.1354,19.67428017,414.39
2019-06-09,52.97,105.35504917,49606.92483,281175.4654,328435.4,12300,352.56,1846168.361,19269.8355,19.18110085,414.08
2019-06-16,52.52,113.87689569,36729.78985,179761.8549,328466.8,12200,355.89,2255868.117,18682.3790,18.98889923,413.86
2019-06-23,54.75,114.06887039,34178.71753,18650.1544,328498.2,12100,348.89,1960773.173,18896.4601,19.17284966,413.41
2019-06-30,58.38,115.14190826,60599.03161,189659.6191,328529.6,12200,356.14,1982828.847,19117.1014,18.99679947,413.42
2019-07-07,57.32,115.26355744,65466.04337,254706.6694,328561.0,12300,365.19,1932792.065,19252.6464,18.97330093,412.08
2019-07-14,59.02,113.48611855,50741.51594,74085.5864,328603.3,12000,375.34,2104924.601,18672.4667,18.95669937,412.14
2019-07-21,56.74,103.28804234,61864.84028,-4884.1552,328645.5,11300,370.31,1847790.350,19227.0202,19.02619934,410.84
2019-07-28,56.05,109.94270532,56936.09625,164615.9228,328687.8,12200,375.09,2046533.472,18336.8472,19.21030045,410.06
2019-08-04,56.55,108.86752020,55734.17256,83467.8021,328730.0,12300,368.00,2171491.633,19290.8821,19.42765045,410.34
2019-08-11,53.28,102.14482444,45827.01037,-100195.2030,328771.8,12300,364.33,1941849.351,19324.7427,19.59860039,410.27
2019-08-18,55.31,111.81019990,60740.23683,29496.8297,328813.5,12300,334.64,1992405.884,19543.9840,19.79969978,409.57
2019-08-25,55.50,101.53506711,73227.24845,173544.3741,328855.3,12500,339.25,2155623.762,19292.3202,20.12080002,409.44
2019-09-01,55.21,101.24158282,54570.74146,322540.3171,328897.0,12400,337.63,2344205.733,19149.1158,19.70569992,408.81
2019-09-08,55.73,104.45144603,55187.18454,109042.2403,328928.4,12400,323.81,2572886.936,20071.9638,19.55550003,408.59
2019-09-15,56.16,111.04663757,59366.54412,84400.2305,328959.8,12400,356.23,2172918.758,18151.6651,19.52530003,408.50
2019-09-22,59.33,106.25679897,52367.92047,28159.1583,328991.2,12500,358.87,1903728.949,19399.9534,19.49510002,408.32
2019-09-29,56.90,109.18573784,65268.76841,162000.1382,329022.6,12400,377.39,2122995.999,18752.7260,19.46490002,407.96
2019-10-06,53.12,111.13178676,30804.43462,239502.9040,329054.0,12600,378.07,2480381.700,19310.0170,19.43470001,408.38
2019-10-13,53.27,111.58959780,43079.35374,233269.0146,329088.3,12600,382.76,2349895.073,19376.4518,19.17980003,408.62
2019-10-20,53.49,104.66858304,48906.64348,16297.4089,329122.5,12600,387.80,2098578.836,19516.2100,19.04669952,408.72
2019-10-27,55.20,109.33052555,40890.41429,200989.8570,329156.8,12600,396.16,2498515.052,19073.4334,19.09670067,409.29
2019-11-03,55.17,106.09428675,36835.30379,534206.3412,329191.0,12600,407.94,2102514.143,19528.1182,19.12159920,409.90
2019-11-10,56.69,114.79042928,52566.66462,755925.7688,329221.8,12800,414.88,2227910.101,19754.4389,19.17989922,410.19
2019-11-17,56.85,116.69401283,47733.46611,683933.6091,329252.5,12800,426.54,2214280.102,19405.7312,19.36660004,410.19
2019-11-24,56.90,108.26096053,43598.99677,768265.7923,329283.3,12900,422.70,2080980.180,19579.8665,19.53520012,410.72
2019-12-01,58.07,112.08470950,43325.23094,606011.7971,329314.0,12900,430.72,2173871.578,19477.3091,19.28669930,411.07
2019-12-08,57.64,109.47120499,39751.66796,828666.4868,329335.8,12800,426.54,2458219.683,19750.1111,18.99749947,411.32
2019-12-15,59.25,108.18341101,48847.79099,751921.3538,329357.6,12800,435.32,1946025.679,20106.3904,18.93849945,411.89
2019-12-22,60.75,108.70798824,50008.88542,591593.7371,329379.4,12900,429.35,2230631.393,20396.2701,18.84469986,412.21
2019-12-29,61.29,105.72584418,49428.07791,614629.4116,329401.2,12900,432.42,2124357.069,18812.8854,18.91130066,412.99