week,crude_oil,cpi,us_pop,public_roads,us_urban_pop,oil_production,auto_sales,us_real_gdp,gasoline
2001-01-07,27.80,78.64598465,283960.0,3951330.509,223120517.5,5944,17.6291449,12999.5699,1.425
2001-01-14,28.81,68.15853647,284011.5,3951560.019,223171897.9,5949,17.8506908,12293.3405,1.474
2001-01-21,30.63,76.14942563,284063.0,3951789.528,223223278.4,5912,16.4990391,12708.8104,1.471
2001-01-28,31.35,76.11622408,284114.5,3952019.038,223274658.9,5935,14.1632104,12287.2265,1.460
2001-02-04,29.59,66.69315146,284166.0,3952248.547,223326039.4,5929,16.9175723,13353.2628,1.443
2001-02-11,30.92,78.37142503,284219.5,3952478.057,223377419.8,5866,18.8291756,13160.5703,1.476
2001-02-18,29.67,72.13921576,284273.0,3952707.566,223428800.3,5857,18.6300547,13254.4479,1.449
2001-02-25,28.65,67.89534477,284326.5,3952937.075,223480180.8,5875,16.5588393,14286.1856,1.431
2001-03-04,27.91,83.70191158,284380.0,3953166.585,223531561.2,5876,17.7921192,13335.2892,1.417
2001-03-11,28.45,67.89681433,284435.5,3953396.094,223582941.7,5868,19.2765086,12555.2654,1.412
2001-03-18,27.02,77.31721431,284491.0,3953625.604,223634322.2,5883,18.1699409,13146.4006,1.404
2001-03-25,26.42,71.87011298,284546.5,3953855.113,223685702.7,5868,17.6063154,11982.2289,1.404
2001-04-01,26.86,74.86245642,284602.0,3954084.623,223737083.1,5883,16.6410415,13936.6979,1.442
2001-04-08,26.76,67.84048567,284648.4,3954314.132,223788463.6,5867,16.4230808,12809.3245,1.500
2001-04-15,28.27,82.22901722,284694.8,3954543.642,223839844.1,5855,16.7945745,13474.2006,1.571
2001-04-22,27.89,76.82493104,284741.2,3954773.151,223891224.5,5861,17.0163778,13236.2220,1.619
2001-04-29,26.99,76.89867482,284787.6,3955002.660,223942605.0,5884,19.3063089,12673.8415,1.626
2001-05-06,28.36,72.54530278,284834.0,3955232.170,223993985.5,5831,17.7747852,13062.4278,1.703
2001-05-13,28.12,69.87590230,284894.5,3955461.679,224045366.0,5780,17.8258498,12797.0577,1.713
2001-05-20,29.08,82.92414664,284955.0,3955691.189,224096746.4,5785,18.4761921,12918.3693,1.687
2001-05-27,28.92,80.29238407,285015.5,3955920.698,224148126.9,5819,14.3868584,13516.3057,1.704
2001-06-03,28.44,74.89502894,285076.0,3956150.208,224199507.4,5823,16.8738458,13277.8218,1.679
2001-06-10,27.98,70.46184594,285138.0,3956379.717,224250887.8,5746,17.0933517,13622.3093,1.647
2001-06-17,28.90,71.13423402,285200.0,3956609.226,224302268.3,5726,17.7345850,12666.4285,1.601
2001-06-24,27.09,79.66635312,285262.0,3956838.736,224353648.8,5740,17.0137003,13307.9349,1.538
2001-07-01,26.37,73.72712971,285324.0,3957068.245,224405029.3,5756,15.8921305,12822.0243,1.474
2001-07-08,26.87,74.63466547,285376.0,3957297.755,224456409.7,5756,15.0614292,13434.4618,1.437
2001-07-15,27.07,70.25117924,285428.0,3957527.264,224507790.2,5770,17.2213884,13502.6079,1.413
2001-07-22,25.26,71.84062777,285480.0,3957756.774,224559170.7,5731,17.7688543,12650.6364,1.395
2001-07-29,26.50,75.48345572,285532.0,3957986.283,224610551.2,5705,14.0808640,13098.5702,1.384
2001-08-05,27.10,78.64421125,285584.0,3958215.792,224661931.6,5745,17.4456775,13617.5645,1.376
2001-08-12,27.87,77.18862354,285648.5,3958445.302,224713312.1,5773,18.0339050,13759.6033,1.392
2001-08-19,27.52,76.37143702,285713.0,3958674.811,224764692.6,5785,16.4035180,13217.0956,1.427
2001-08-26,27.25,72.09095966,285777.5,3958904.321,224816073.0,5796,16.4273311,13211.8681,1.488
2001-09-02,26.84,75.37854563,285842.0,3959133.830,224867453.5,5751,15.4831024,13661.2323,1.545
2001-09-09,27.38,72.33465495,285890.8,3959363.340,224918834.0,5829,15.2551621,13621.5250,1.527
2001-09-16,28.22,67.93533920,285939.6,3959592.849,224970214.5,5814,17.5068530,12966.6297,1.529
2001-09-23,27.09,77.76863067,285988.4,3959822.358,225021594.9,5789,15.0164202,12986.1702,1.485
2001-09-30,22.35,80.19580186,286037.2,3960051.868,225072975.4,5735,16.9837787,13716.9723,1.416
2001-10-07,22.60,74.88493830,286086.0,3960281.377,225124355.9,5736,23.3084528,13773.1400,1.352
2001-10-14,22.66,68.19160178,286143.3,3960510.887,225175736.3,5515,23.7443961,12747.7991,1.309
2001-10-21,21.92,73.44810923,286200.5,3960740.396,225227116.8,5828,22.0869232,13255.7800,1.265
2001-10-28,21.78,66.87181278,286257.8,3960969.906,225278497.3,5879,21.0605124,13310.2116,1.235
2001-11-04,21.17,77.81698398,286315.0,3961199.415,225329877.8,5859,16.2641101,13215.4319,1.206
2001-11-11,20.70,81.81692344,286369.5,3961428.925,225381258.2,5863,14.7086120,13608.3161,1.182
2001-11-18,19.61,78.20220113,286424.0,3961658.434,225432638.7,5872,17.3662022,12859.7232,1.167
2001-11-25,18.28,74.90162696,286478.5,3961887.943,225484019.2,5882,18.1679334,13554.8683,1.127
2001-12-02,19.13,70.25785556,286533.0,3962117.453,225535399.6,5873,18.2424483,12224.9609,1.108
2001-12-09,19.47,62.47886579,286574.2,3962346.962,225586780.1,5856,18.0813282,12558.4914,1.095
2001-12-16,18.45,71.74050265,286615.4,3962576.472,225638160.6,5884,17.2444097,13737.7397,1.059
2001-12-23,19.20,68.47152543,286656.6,3962805.981,225689541.1,5911,15.6334708,13511.3446,1.072
2001-12-30,20.94,70.19655284,286697.8,3963035.491,225740921.5,5902,17.0138874,13030.1934,1.096
2002-01-06,20.80,77.50917342,286739.0,3963265.000,225792302.0,5922,16.6487851,13324.5534,1.112
2002-01-13,20.54,77.63242028,286788.0,3963618.962,225842455.6,5922,16.4063556,13154.4547,1.111
2002-01-20,18.61,82.46904298,286837.0,3963972.923,225892609.2,5911,15.8570973,13069.4910,1.105
2002-01-27,19.21,74.67877801,286886.0,3964326.885,225942762.8,5909,16.3324953,12773.5595,1.101
2002-02-03,19.71,65.54378953,286935.0,3964680.846,225992916.5,5916,17.0320883,13768.1841,1.116
2002-02-10,19.97,80.10119397,286984.0,3965034.808,226043070.1,5952,16.5349839,14079.5562,1.107
2002-02-17,21.18,70.75663201,287033.0,3965388.769,226093223.7,5927,15.6757369,13140.6654,1.116
2002-02-24,20.70,68.39558708,287082.0,3965742.731,226143377.3,5956,17.4539435,13452.8091,1.116
2002-03-03,21.43,71.51233003,287131.0,3966096.692,226193530.9,5966,17.5746598,14413.7702,1.144
2002-03-10,23.31,80.02771971,287173.4,3966450.654,226243684.5,5947,16.3895129,13938.0902,1.223
2002-03-17,24.40,69.55132746,287215.8,3966804.615,226293838.2,5975,15.3634082,13246.3712,1.288
2002-03-24,25.25,78.11190412,287258.2,3967158.577,226343991.8,5948,16.7238428,14155.7656,1.342
2002-03-31,25.86,79.11362740,287300.6,3967512.538,226394145.4,5956,18.3437926,13546.6645,1.371
2002-04-07,26.99,78.78840773,287343.0,3967866.500,226444299.0,5916,17.3821524,13849.7804,1.413
2002-04-14,25.24,83.45022840,287400.0,3968220.462,226494452.6,5922,15.7214982,13189.7068,1.404
2002-04-21,25.54,66.11213123,287457.0,3968574.423,226544606.2,5896,18.8427791,13434.9883,1.404
2002-04-28,26.46,88.40244563,287514.0,3968928.385,226594759.8,5865,17.5151525,13294.8318,1.393
2002-05-05,26.88,78.58907377,287571.0,3969282.346,226644913.5,5879,15.9820418,14270.6071,1.395
2002-05-12,27.27,84.87680299,287630.3,3969636.308,226695067.1,5889,16.4290654,13663.6698,1.388
2002-05-19,28.43,78.62287326,287689.5,3969990.269,226745220.7,5894,17.1753013,13094.9744,1.397
2002-05-26,27.18,71.79352699,287748.8,3970344.231,226795374.3,5890,14.7199380,12541.3707,1.387
2002-06-02,25.22,79.02682354,287808.0,3970698.192,226845527.9,5896,15.0352140,13937.0924,1.392
2002-06-09,25.01,80.23189696,287856.6,3971052.154,226895681.5,5897,15.5134467,13372.0971,1.375
2002-06-16,24.94,79.69853647,287905.2,3971406.115,226945835.2,5910,16.7828862,14206.1903,1.378
2002-06-23,25.61,66.39516086,287953.8,3971760.077,226995988.8,5939,17.6194228,14753.4602,1.384
2002-06-30,26.52,83.24572749,288002.4,3972114.038,227046142.4,5917,18.1489802,13598.4622,1.392
2002-07-07,26.81,77.36304940,288051.0,3972468.000,227096296.0,5898,16.1548273,14144.7010,1.382
2002-07-14,26.70,77.08001394,288114.0,3972821.962,227146449.6,5885,17.5632167,13392.5296,1.394
2002-07-21,27.62,82.84089168,288177.0,3973175.923,227196603.2,5839,18.0190266,13804.1216,1.410
2002-07-28,26.64,76.29947233,288240.0,3973529.885,227246756.8,5844,19.7091467,13094.9210,1.407
2002-08-04,26.87,85.87127221,288303.0,3973883.846,227296910.5,5604,16.9721797,13655.7915,1.395
2002-08-11,26.77,73.01564457,288365.8,3974237.808,227347064.1,5858,18.5213750,13082.2681,1.393
2002-08-18,28.52,73.24633750,288428.5,3974591.769,227397217.7,5907,18.1793671,13813.9766,1.392
2002-08-25,30.09,75.31634683,288491.3,3974945.731,227447371.3,5918,16.2497561,13157.6663,1.403
2002-09-01,28.84,75.56361966,288554.0,3975299.692,227497524.9,5883,18.6874532,13373.6723,1.394
2002-09-08,28.65,75.51342307,288602.0,3975653.654,227547678.5,5773,18.5055184,13770.8081,1.395
2002-09-15,29.59,72.00600152,288650.0,3976007.615,227597832.2,5716,16.2063577,13786.3289,1.401
2002-09-22,29.39,71.75794684,288698.0,3976361.577,227647985.8,5736,17.6004830,13628.2143,1.395
2002-09-29,30.63,70.20043557,288746.0,3976715.538,227698139.4,5190,15.9929792,12653.0351,1.413
2002-10-06,30.25,69.47669685,288794.0,3977069.500,227748293.0,4803,14.9870809,12729.9307,1.439
2002-10-13,29.37,74.33166230,288848.5,3977423.462,227798446.6,5490,15.3867261,13464.9066,1.440
2002-10-20,29.65,72.11401513,288903.0,3977777.423,227848600.2,5721,16.3248304,13826.5128,1.458
2002-10-27,27.88,77.36991628,288957.5,3978131.385,227898753.8,5714,15.1112582,13210.4375,1.444
2002-11-03,27.03,72.59487363,289012.0,3978485.346,227948907.5,5711,15.3736142,13606.2267,1.448
2002-11-10,25.97,73.71936544,289062.5,3978839.308,227999061.1,5349,15.2596335,13467.8096,1.439
2002-11-17,25.68,73.48828855,289113.0,3979193.269,228049214.7,5738,16.5936046,13960.6984,1.409
2002-11-24,26.98,77.98746411,289163.5,3979547.231,228099368.3,5754,15.0608572,13599.9249,1.380
2002-12-01,26.83,77.85998733,289214.0,3979901.192,228149521.9,5740,15.9823401,14470.6401,1.364
2002-12-08,27.14,83.63557301,289253.6,3980255.154,228199675.5,5763,16.1785527,13217.9225,1.360
2002-12-15,27.82,77.19937502,289293.2,3980609.115,228249829.2,5752,18.2806524,14347.8454,1.363
2002-12-22,30.35,68.83748102,289332.8,3980963.077,228299982.8,5758,19.3706625,12764.3818,1.401
2002-12-29,32.38,79.56946686,289372.4,3981317.038,228350136.4,5749,18.4036869,12944.7725,1.441
2003-01-05,31.96,77.58796711,289412.0,3981671.000,228400290.0,5752,17.0678701,13908.3614,1.444
2003-01-12,31.54,83.71210698,289460.5,3981848.462,228447911.3,5728,16.2609920,13443.2505,1.454
2003-01-19,33.04,80.08038402,289509.0,3982025.923,228495532.5,5702,16.4680044,14178.3178,1.459
2003-01-26,34.46,82.69318865,289557.5,3982203.385,228543153.8,5739,15.4334480,14340.1722,1.473
2003-02-02,33.19,70.78074967,289606.0,3982380.846,228590775.1,5764,15.7968812,14092.2171,1.527
2003-02-09,33.95,72.25834473,289656.8,3982558.308,228638396.3,5899,15.6592220,13440.8339,1.607
2003-02-16,35.79,81.74417514,289707.5,3982735.769,228686017.6,5906,14.7389180,13646.1974,1.660
2003-02-23,36.78,70.49807380,289758.3,3982913.231,228733638.9,5898,15.4485177,14263.7156,1.658
2003-03-02,36.98,83.01772275,289809.0,3983090.692,228781260.2,5901,14.6408176,13040.2383,1.686
2003-03-09,36.98,78.29470977,289852.0,3983268.154,228828881.4,5872,15.5580612,13722.8952,1.712
2003-03-16,36.66,83.68773819,289895.0,3983445.615,228876502.7,5886,16.2888791,13014.7052,1.728
2003-03-23,30.46,75.45681939,289938.0,3983623.077,228924124.0,5906,17.5253930,13273.2144,1.690
2003-03-30,30.43,73.67694192,289981.0,3983800.538,228971745.2,5906,16.5605996,14016.7832,1.649
2003-04-06,29.33,71.73375500,290024.0,3983978.000,229019366.5,5866,18.0300964,13863.7370,1.630
2003-04-13,28.03,82.65934444,290080.5,3984155.462,229066987.8,5801,18.6592252,13945.9108,1.595
2003-04-20,29.28,74.13495824,290137.0,3984332.923,229114609.0,5772,17.1730595,13736.1781,1.574
2003-04-27,28.43,75.44650920,290193.5,3984510.385,229162230.3,5766,17.5674187,14124.6446,1.557
2003-05-04,25.69,80.28646171,290250.0,3984687.846,229209851.6,5829,16.0982650,12614.7052,1.513
2003-05-11,26.58,81.43426146,290308.5,3984865.308,229257472.8,5855,17.1923356,13561.4904,1.491
2003-05-18,28.54,82.67313682,290367.0,3985042.769,229305094.1,5807,15.2788455,13666.8489,1.498
2003-05-25,29.29,74.91793362,290425.5,3985220.231,229352715.4,5813,19.1069127,13059.4714,1.487
2003-06-01,29.10,69.34779086,290484.0,3985397.692,229400336.7,5837,16.0520642,14243.2529,1.473
2003-06-08,30.68,72.18961288,290532.4,3985575.154,229447957.9,5803,17.7172647,14436.0769,1.490
2003-06-15,31.46,72.93058468,290580.8,3985752.615,229495579.2,5860,17.9477593,13750.5397,1.518
2003-06-22,30.60,73.37490820,290629.2,3985930.077,229543200.5,5900,16.5293418,13775.6430,1.496
2003-06-29,30.01,68.84446364,290677.6,3986107.538,229590821.7,5867,15.0625497,12940.7703,1.487
2003-07-06,30.31,79.08916479,290726.0,3986285.000,229638443.0,5815,16.8432981,12984.8047,1.489
2003-07-13,30.73,79.83845708,290788.0,3986462.462,229686064.3,5770,17.7874576,13860.1749,1.521
2003-07-20,31.48,75.16074954,290850.0,3986639.923,229733685.5,5777,17.1568138,14287.3276,1.524
2003-07-27,30.61,75.51211395,290912.0,3986817.385,229781306.8,5699,15.4035977,15141.3180,1.516
2003-08-03,30.73,72.00514354,290974.0,3986994.846,229828928.1,5738,17.5825658,13434.4630,1.536
2003-08-10,32.11,74.17501808,291023.6,3987172.308,229876549.3,5747,18.7919556,13976.2456,1.571
2003-08-17,31.31,72.60545683,291073.2,3987349.769,229924170.6,5750,18.1626550,13836.1546,1.627
2003-08-24,31.19,84.09238680,291122.8,3987527.231,229971791.9,5736,17.6305567,14276.5684,1.747
2003-08-31,31.56,80.00195536,291172.4,3987704.692,230019413.2,5723,18.0123882,14066.1232,1.746
2003-09-07,29.20,63.54249713,291222.0,3987882.154,230067034.4,5727,16.5295277,13667.0750,1.717
2003-09-14,28.92,64.70415508,291282.3,3988059.615,230114655.7,5703,16.5049965,13669.0735,1.697
2003-09-21,27.39,80.45433361,291342.5,3988237.077,230162277.0,5739,17.9690260,13494.9734,1.643
2003-09-28,27.73,78.63711011,291402.8,3988414.538,230209898.2,5734,18.4144910,14542.3593,1.591
2003-10-05,29.43,71.29480146,291463.0,3988592.000,230257519.5,5678,15.2835479,13635.4992,1.573
2003-10-12,30.69,77.31329300,291516.5,3988769.462,230305140.8,5559,18.9539517,14446.0253,1.568
2003-10-19,31.49,63.25942129,291570.0,3988946.923,230352762.0,5605,17.0772656,14306.2402,1.571
2003-10-26,30.17,80.23399279,291623.5,3989124.385,230400383.3,5614,15.7188061,14284.4929,1.542
2003-11-02,29.28,71.12486866,291677.0,3989301.846,230448004.6,5550,19.9026933,14291.9277,1.535
2003-11-09,29.79,71.80530109,291715.2,3989479.308,230495625.8,5596,17.6770404,15590.9598,1.504
2003-11-16,31.56,76.44166853,291753.4,3989656.769,230543247.1,5692,17.2769318,14268.8882,1.497
2003-11-23,32.58,77.21943254,291791.6,3989834.231,230590868.4,5683,18.0492225,14077.1514,1.512
2003-11-30,30.11,79.45282734,291829.8,3990011.692,230638489.7,5709,16.9773248,14551.9240,1.490
2003-12-07,30.63,79.17047781,291868.0,3990189.154,230686110.9,5597,16.4282755,14739.5740,1.476
2003-12-14,32.16,79.90311141,291912.5,3990366.615,230733732.2,5592,17.6240604,13787.9014,1.465
2003-12-21,33.20,72.90284366,291957.0,3990544.077,230781353.5,5663,16.4685540,13902.8556,1.485
2003-12-28,32.24,73.54905931,292001.5,3990721.538,230828974.7,5658,18.8326935,13712.1712,1.478
2004-01-04,32.68,72.98347764,292046.0,3990899.000,230876596.0,5664,16.2649093,13906.8013,1.510
2004-01-11,33.89,78.95171391,292092.0,3991025.096,230927675.3,5705,15.2653022,13721.3619,1.560
2004-01-18,34.51,77.55440134,292138.0,3991151.192,230978754.7,5717,17.8736783,14471.5654,1.595
2004-01-25,35.45,83.12234762,292184.0,3991277.288,231029834.0,5709,16.2935820,14207.5358,1.622
2004-02-01,33.61,86.00113659,292230.0,3991403.385,231080913.4,5710,19.4125801,14517.9729,1.616
2004-02-08,33.41,81.78820867,292270.8,3991529.481,231131992.7,5703,15.3588940,13506.4646,1.638
2004-02-15,33.88,84.31803375,292311.6,3991655.577,231183072.1,5658,16.4689573,14013.2615,1.648
2004-02-22,35.54,79.23831270,292352.4,3991781.673,231234151.4,5622,17.4725092,14827.2910,1.688
2004-02-29,36.08,76.76522714,292393.2,3991907.769,231285230.8,5661,17.7337743,13657.5123,1.717
2004-03-07,36.67,79.96081319,292434.0,3992033.865,231336310.1,5675,18.1240131,14792.9584,1.738
2004-03-14,36.44,72.42733058,292488.3,3992159.962,231387389.5,5658,17.0769418,14493.0696,1.724
2004-03-21,37.78,82.65446949,292542.5,3992286.058,231438468.8,5657,17.9780939,14610.7281,1.743
2004-03-28,36.65,76.40353457,292596.8,3992412.154,231489548.2,5658,17.3113434,14117.3196,1.758
2004-04-04,35.23,79.61772956,292651.0,3992538.250,231540627.5,5661,17.3621226,14449.3392,1.780
2004-04-11,35.70,81.03039647,292706.3,3992664.346,231591706.8,5611,15.5347307,13914.3366,1.786
2004-04-18,37.39,82.53850831,292761.5,3992790.442,231642786.2,5588,15.9966076,14123.5808,1.813
2004-04-25,37.32,74.99651850,292816.8,3992916.538,231693865.5,5618,16.8974819,14637.8706,1.812
2004-05-02,37.31,72.66911776,292872.0,3993042.635,231744944.9,5624,17.6898092,14154.1966,1.844
2004-05-09,39.24,79.11228178,292918.2,3993168.731,231796024.2,5626,17.6314445,15175.6929,1.941
2004-05-16,40.37,76.37992532,292964.4,3993294.827,231847103.6,5611,19.4386402,14302.4343,2.017
2004-05-23,40.84,85.81440974,293010.6,3993420.923,231898182.9,5608,16.4862800,14125.8351,2.064
2004-05-30,40.65,80.56350525,293056.8,3993547.019,231949262.3,5460,18.4471975,14878.2909,2.051
2004-06-06,40.01,83.42696080,293103.0,3993673.115,232000341.6,5452,15.1485467,14864.8407,2.034
2004-06-13,37.99,75.44703868,293164.8,3993799.212,232051421.0,5411,17.3627262,13460.5911,1.985
2004-06-20,37.86,77.89051901,293226.5,3993925.308,232102500.3,5434,15.7937905,14666.3765,1.937
2004-06-27,37.70,81.95498957,293288.3,3994051.404,232153579.7,5394,14.7494445,14161.8732,1.921
2004-07-04,37.14,83.17126266,293350.0,3994177.500,232204659.0,5404,18.2742667,14174.3288,1.895
2004-07-11,39.73,78.64886356,293413.3,3994303.596,232255738.3,5485,17.3650743,14530.6178,1.917
2004-07-18,40.33,81.47665660,293476.5,3994429.692,232306817.7,5334,16.7447034,15220.7239,1.928
2004-07-25,41.27,71.61795639,293539.8,3994555.788,232357897.0,5446,16.5902888,14313.8306,1.905
2004-08-01,42.50,85.50615311,293603.0,3994681.885,232408976.4,5367,19.1128814,14439.6894,1.888
2004-08-08,43.81,85.69495815,293653.8,3994807.981,232460055.7,5414,17.3227848,14584.9127,1.877
2004-08-15,45.24,68.81870053,293704.6,3994934.077,232511135.1,5243,17.8462187,14225.1015,1.875
2004-08-22,47.28,84.58418134,293755.4,3995060.173,232562214.4,5113,20.2690683,14174.8906,1.884
2004-08-29,44.34,77.33473158,293806.2,3995186.269,232613293.8,5401,17.3926451,14807.1505,1.866
2004-09-05,43.28,82.79225394,293857.0,3995312.365,232664373.1,5360,19.6489023,14584.8532,1.850
2004-09-12,43.33,83.21725812,293918.8,3995438.462,232715452.5,5337,18.2573680,14353.9705,1.846
2004-09-19,44.39,80.37661942,293980.5,3995564.558,232766531.8,5087,18.5944991,14209.7756,1.866
2004-09-26,47.82,71.03975914,294042.3,3995690.654,232817611.2,4946,18.1290584,14792.9091,1.917
2004-10-03,49.71,85.29715140,294104.0,3995816.750,232868690.5,4656,19.8727155,14281.0982,1.938
2004-10-10,51.77,78.91797814,294150.6,3995942.846,232919769.8,5033,18.5580618,14714.1285,1.993
2004-10-17,54.12,79.94442202,294197.2,3996068.942,232970849.2,5090,17.3547253,14846.2258,2.035
2004-10-24,54.43,81.63310967,294243.8,3996195.038,233021928.5,5110,18.5289663,15018.8540,2.032
2004-10-31,53.43,81.04906014,294290.4,3996321.135,233073007.9,5176,17.6121260,14308.7744,2.034
2004-11-07,49.81,83.45481857,294337.0,3996447.231,233124087.2,5319,17.4710884,14134.3482,2.001
2004-11-14,48.00,77.68800812,294393.0,3996573.327,233175166.6,5391,17.5141929,14975.1524,1.969
2004-11-21,47.02,78.44042264,294449.0,3996699.423,233226245.9,5395,16.5829931,14236.8595,1.948
2004-11-28,48.79,82.00209038,294505.0,3996825.519,233277325.3,5408,17.8179028,14898.3684,1.945
2004-12-05,46.06,85.18931249,294561.0,3996951.615,233328404.6,5396,17.6786707,13487.8779,1.911
2004-12-12,41.91,82.74488702,294612.8,3997077.712,233379484.0,5439,19.2237514,14913.5791,1.847
2004-12-19,43.50,86.99751233,294664.5,3997203.808,233430563.3,5461,18.8950598,14374.2460,1.815
2004-12-26,44.39,76.74482593,294716.3,3997329.904,233481642.7,5421,17.4169929,14589.4413,1.791
2005-01-02,42.52,93.54770095,294768.0,3997456.000,233532722.0,5430,17.1158576,15238.4027,1.778
2005-01-09,44.07,76.50102511,294805.4,3997728.538,233584025.6,5430,18.6266513,14697.4488,1.793
2005-01-16,46.79,71.72426210,294842.8,3998001.077,233635329.1,5417,14.7231961,15377.1746,1.819
2005-01-23,47.85,77.67437102,294880.2,3998273.615,233686632.7,5456,15.8521430,15315.6960,1.853
2005-01-30,48.56,69.44266679,294917.6,3998546.154,233737936.2,5437,17.3875076,15084.4056,1.911
2005-02-06,46.97,85.79114978,294955.0,3998818.692,233789239.8,5421,14.7886459,14592.1114,1.909
2005-02-13,46.08,75.27447149,295003.5,3999091.231,233840543.3,5427,17.3440173,14713.1731,1.898
2005-02-20,47.82,80.12799364,295052.0,3999363.769,233891846.9,5436,17.5498472,13931.0641,1.905
2005-02-27,51.75,83.81464316,295100.5,3999636.308,233943150.5,5492,18.5883897,14988.8117,1.928
2005-03-06,52.74,79.17525636,295149.0,3999908.846,233994454.0,5489,18.5514791,15402.1292,1.999
2005-03-13,54.22,81.64728787,295201.5,4000181.385,234045757.6,5504,19.2185732,15481.2226,2.056
2005-03-20,55.93,88.47193885,295254.0,4000453.923,234097061.1,5480,16.4658955,14512.6277,2.109
2005-03-27,52.95,85.27527293,295306.5,4000726.462,234148364.7,5496,19.3612098,14823.3901,2.153
2005-04-03,54.97,88.19992872,295359.0,4000999.000,234199668.3,5504,18.3273727,15046.6804,2.217
2005-04-10,55.24,78.72896071,295414.8,4001271.538,234250971.8,5428,17.5455870,14943.5772,2.280
2005-04-17,51.44,77.00116312,295470.5,4001544.077,234302275.4,5441,16.3966133,14772.3250,2.237
2005-04-24,52.39,82.19918947,295526.3,4001816.615,234353578.9,5415,18.3527477,15028.7973,2.236
2005-05-01,52.00,80.11960107,295582.0,4002089.154,234404882.5,5423,16.7592711,14789.8380,2.235
2005-05-08,50.64,89.88904555,295630.4,4002361.692,234456186.0,5510,18.4083172,15646.5302,2.186
2005-05-15,50.33,74.71350970,295678.8,4002634.231,234507489.6,5521,17.1531866,13782.8590,2.163
2005-05-22,47.77,83.39109230,295727.2,4002906.769,234558793.2,5539,19.2238211,15201.5054,2.125
2005-05-29,50.15,80.11640425,295775.6,4003179.308,234610096.7,5537,18.2213534,14710.1501,2.097
2005-06-05,53.76,86.35118594,295824.0,4003451.846,234661400.3,5515,17.5007153,14354.8502,2.116
2005-06-12,53.74,76.88368653,295887.3,4003724.385,234712703.8,5542,19.9454336,14860.9474,2.130
2005-06-19,56.18,91.84806841,295950.5,4003996.923,234764007.4,5541,18.8352665,14932.1775,2.161
2005-06-26,59.04,75.42032791,296013.8,4004269.462,234815310.9,5359,17.6379808,14949.0440,2.215
2005-07-03,58.21,83.59898779,296077.0,4004542.000,234866614.5,5498,20.8170107,14540.9709,2.226
2005-07-10,60.36,84.47641459,296129.2,4004814.538,234917918.1,5463,21.2462151,14479.4856,2.328
2005-07-17,59.18,88.35701039,296181.4,4005087.077,234969221.6,4758,21.0921484,15305.3658,2.317
2005-07-24,57.30,82.25070141,296233.6,4005359.615,235020525.2,5448,19.6147849,15162.7443,2.289
2005-07-31,59.39,80.51812091,296285.8,4005632.154,235071828.7,5149,20.0237719,15410.2613,2.291
2005-08-07,61.64,86.11215873,296338.0,4005904.692,235123132.3,5417,17.8925386,15162.9914,2.368
2005-08-14,64.85,82.85837900,296405.0,4006177.231,235174435.8,5359,17.1627104,15543.9166,2.550
2005-08-21,64.92,77.94330311,296472.0,4006449.769,235225739.4,5395,18.1012864,13982.1586,2.612
2005-08-28,66.34,83.78811645,296539.0,4006722.308,235277043.0,5427,18.3349651,14525.2970,2.610
2005-09-04,68.47,85.83755754,296606.0,4006994.846,235328346.5,4360,18.3628727,14083.2657,3.069
2005-09-11,64.81,82.61117002,296668.8,4007267.385,235379650.1,4268,16.0948555,14868.3660,2.955
2005-09-18,63.84,88.28701692,296731.5,4007539.923,235430953.6,4500,15.0493408,15574.9931,2.786
2005-09-25,66.43,86.86075752,296794.3,4007812.462,235482257.2,4348,16.6100621,14678.1963,2.803
2005-10-02,66.06,84.18437772,296857.0,4008085.000,235533560.8,3813,16.2733541,15409.9187,2.928
2005-10-09,63.06,81.44148265,296903.4,4008357.538,235584864.3,3901,15.7750765,15215.8889,2.848
2005-10-16,62.87,85.55550416,296949.8,4008630.077,235636167.9,4147,14.8730226,14589.2419,2.725
2005-10-23,62.28,92.13815977,296996.2,4008902.615,235687471.4,4108,17.0744964,15714.1111,2.603
2005-10-30,61.33,84.87737750,297042.6,4009175.154,235738775.0,4068,14.5735384,14691.6169,2.480
2005-11-06,60.34,84.10640458,297089.0,4009447.692,235790078.5,4306,16.4799065,14549.6683,2.376
2005-11-13,58.80,82.25242779,297144.5,4009720.231,235841382.1,4583,16.4164554,14874.5257,2.296
2005-11-20,57.00,85.24387178,297200.0,4009992.769,235892685.7,4579,16.1762150,15480.2939,2.201
2005-11-27,58.13,92.05633584,297255.5,4010265.308,235943989.2,4765,16.9034657,14893.4646,2.154
2005-12-04,57.78,78.89715665,297311.0,4010537.846,235995292.8,5021,18.2869679,14830.6991,2.147
2005-12-11,59.83,85.14278149,297364.8,4010810.385,236046596.3,4933,16.3415836,14629.2132,2.185
2005-12-18,60.32,84.25952849,297418.5,4011082.923,236097899.9,4890,17.3253876,15265.7393,2.211
2005-12-25,57.97,78.41274707,297472.3,4011355.462,236149203.4,4891,17.7084602,15347.6760,2.197
2006-01-01,59.82,92.18757486,297526.0,4011628.000,236200507.0,4864,16.9279208,15425.5218,2.238
2006-01-08,63.39,82.13116894,297567.6,4012039.212,236254330.4,5023,18.6866940,15511.3714,2.327
2006-01-15,63.74,79.81663609,297609.2,4012450.423,236308153.9,5110,18.4766815,16077.9603,2.320
2006-01-22,66.79,94.02996861,297650.8,4012861.635,236361977.3,5119,15.9568770,15264.3019,2.336
2006-01-29,66.82,79.98522066,297692.4,4013272.846,236415800.8,4862,18.3334843,15351.8845,2.357
2006-02-05,66.59,68.97313329,297734.0,4013684.058,236469624.2,4903,15.3820438,15529.5988,2.342
2006-02-12,63.06,82.18149150,297788.0,4014095.269,236523447.7,5003,17.0692542,14889.0336,2.284
2006-02-19,59.37,81.38168792,297842.0,4014506.481,236577271.1,4997,16.8005339,15391.4874,2.240
2006-02-26,59.93,90.21697938,297896.0,4014917.692,236631094.5,4985,17.1125675,15509.3373,2.254
2006-03-05,62.27,83.98575375,297950.0,4015328.904,236684918.0,5054,16.6076995,15038.5464,2.331
2006-03-12,60.89,90.79470807,298005.0,4015740.115,236738741.4,5154,16.5153436,15727.8017,2.366
2006-03-19,62.64,79.94041974,298060.0,4016151.327,236792564.9,5027,16.9371993,14952.4001,2.504
2006-03-26,61.36,86.02672565,298115.0,4016562.538,236846388.3,5016,14.2832887,15529.3249,2.498
2006-04-02,65.67,90.61919950,298170.0,4016973.750,236900211.8,5024,18.1788758,14972.2787,2.588
2006-04-09,66.56,87.83174369,298216.2,4017384.962,236954035.2,5053,16.7019207,14710.0892,2.683
2006-04-16,68.85,80.95861681,298262.4,4017796.173,237007858.6,5125,19.1140262,15044.7371,2.783
2006-04-23,71.87,80.02305801,298308.6,4018207.385,237061682.1,5127,16.2670061,14744.8359,2.914
2006-04-30,70.38,90.49485243,298354.8,4018618.596,237115505.5,5122,17.7798894,15077.8633,2.919
2006-05-07,72.14,85.26250094,298401.0,4019029.808,237169329.0,5128,16.8555230,15526.7635,2.909
2006-05-14,71.50,92.96349525,298464.0,4019441.019,237223152.4,5069,14.9503667,15916.6164,2.947
2006-05-21,69.07,97.18499790,298527.0,4019852.231,237276975.8,5093,15.3228225,15485.8661,2.892
2006-05-28,70.35,79.18550080,298590.0,4020263.442,237330799.3,5088,15.7983963,15513.2475,2.867
2006-06-04,71.53,82.58296516,298653.0,4020674.654,237384622.7,5097,17.0144007,16299.9156,2.892
2006-06-11,71.54,77.84874614,298717.3,4021085.865,237438446.2,5211,19.1081447,14850.1727,2.906
2006-06-18,69.48,85.08887366,298781.5,4021497.077,237492269.6,5198,14.6802887,15330.4988,2.871
2006-06-25,69.94,86.00038025,298845.8,4021908.288,237546093.1,5162,17.3011772,15706.3199,2.869
2006-07-02,72.65,82.64737064,298910.0,4022319.500,237599916.5,5129,17.5014064,14775.1508,2.934
2006-07-09,74.65,79.13119708,298963.6,4022730.712,237653739.9,5275,16.5835560,15526.0140,2.973
2006-07-16,75.21,86.22578284,299017.2,4023141.923,237707563.4,5265,17.6426837,16091.8379,2.989
2006-07-23,73.98,81.16915669,299070.8,4023553.135,237761386.8,5141,17.1591722,15846.8028,3.003
2006-07-30,73.87,81.57370520,299124.4,4023964.346,237815210.3,4940,15.4235784,15496.9313,3.004
2006-08-06,75.20,86.02870961,299178.0,4024375.558,237869033.7,5144,15.4906965,15819.3443,3.038
2006-08-13,75.63,87.18362197,299246.5,4024786.769,237922857.2,5150,17.6691354,15462.6446,3.000
2006-08-20,71.79,83.73551059,299315.0,4025197.981,237976680.6,5087,14.2298465,15382.0392,2.924
2006-08-27,72.12,80.06587542,299383.5,4025609.192,238030504.0,5099,15.0277050,15776.8766,2.845
2006-09-03,70.01,83.19333563,299452.0,4026020.404,238084327.5,5101,16.8977325,15380.9325,2.727
2006-09-10,67.53,84.20253131,299516.5,4026431.615,238138150.9,5076,15.9577496,15709.6177,2.618
2006-09-17,63.98,89.14486777,299581.0,4026842.827,238191974.4,5109,15.7142597,16041.9179,2.497
2006-09-24,61.40,82.81672752,299645.5,4027254.038,238245797.8,5106,17.8552625,14894.2565,2.378
2006-10-01,61.94,77.95384721,299710.0,4027665.250,238299621.3,5151,17.9881213,15196.2967,2.310
2006-10-08,59.77,84.20398511,299758.0,4028076.462,238353444.7,5253,17.2485766,14647.2806,2.261
2006-10-15,58.58,91.69819017,299806.0,4028487.673,238407268.1,5132,16.8225922,15619.0895,2.226
2006-10-22,58.48,86.23981054,299854.0,4028898.885,238461091.6,5221,17.0832789,15576.5178,2.208
2006-10-29,58.88,84.14033070,299902.0,4029310.096,238514915.0,5307,17.3971970,14815.6112,2.218
2006-11-05,58.55,93.74005876,299950.0,4029721.308,238568738.5,5329,17.7137239,15232.3815,2.200
2006-11-12,59.96,98.59703204,300007.0,4030132.519,238622561.9,5326,18.1075743,15178.5485,2.232
2006-11-19,57.56,83.28911737,300064.0,4030543.731,238676385.3,5269,15.7396383,15679.1572,2.239
2006-11-26,57.24,88.40873197,300121.0,4030954.942,238730208.8,5030,16.7051159,15091.0691,2.246
2006-12-03,62.02,87.52475355,300178.0,4031366.154,238784032.2,5368,17.4933409,16049.6908,2.297
2006-12-10,62.32,87.73195650,300222.0,4031777.365,238837855.7,5357,17.6698110,15544.2203,2.293
2006-12-17,61.91,91.16221510,300266.0,4032188.577,238891679.1,5348,15.6125867,15275.3912,2.320
2006-12-24,62.40,90.20456779,300310.0,4032599.788,238945502.6,5361,18.7322244,16008.2234,2.341
2006-12-31,60.66,79.13977133,300354.0,4033011.000,238999326.0,5369,16.1975043,16020.5613,2.334
2007-01-07,57.76,88.60284918,300398.0,4033303.585,239052079.8,5370,16.4693856,15790.3947,2.306
2007-01-14,54.11,90.95562755,300450.5,4033596.170,239104833.6,5317,16.8350926,16649.8913,2.229
2007-01-21,51.51,84.44231358,300503.0,4033888.755,239157587.4,5241,15.9776986,15778.5051,2.165
2007-01-28,53.57,81.84302068,300555.5,4034181.340,239210341.2,5224,15.3122178,16056.7067,2.165
2007-02-04,57.11,90.16938553,300608.0,4034473.925,239263095.1,5283,16.9722006,15172.3312,2.191
2007-02-11,58.99,86.44064305,300661.8,4034766.509,239315848.9,5316,16.7019364,15614.8533,2.241
2007-02-18,58.41,82.99547001,300715.5,4035059.094,239368602.7,5323,16.2337986,15806.5380,2.296
2007-02-25,59.57,94.58695570,300769.3,4035351.679,239421356.5,5285,17.7507293,15693.2683,2.383
2007-03-04,61.64,92.00275269,300823.0,4035644.264,239474110.3,5267,16.5140067,15432.0394,2.505
2007-03-11,60.85,89.35943990,300878.5,4035936.849,239526864.1,5218,16.5898681,15285.4857,2.559
2007-03-18,57.94,84.71337361,300934.0,4036229.434,239579617.9,5235,16.1300723,15713.0580,2.577
2007-03-25,58.26,80.65830645,300989.5,4036522.019,239632371.7,5218,15.8169598,15967.6317,2.610
2007-04-01,64.18,82.07322780,301045.0,4036814.604,239685125.5,5243,16.0203658,15766.1844,2.707
2007-04-08,64.82,85.39793010,301091.6,4037107.189,239737879.4,5179,16.3094076,15165.2906,2.802
2007-04-15,62.58,91.54768879,301138.2,4037399.774,239790633.2,5125,15.7620003,15814.8897,2.876
2007-04-22,63.06,91.52112413,301184.8,4037692.358,239843387.0,5128,16.0351125,15926.8709,2.869
2007-04-29,65.26,78.51831960,301231.4,4037984.943,239896140.8,5089,18.3612576,15933.3298,2.971
2007-05-06,63.82,81.75202587,301278.0,4038277.528,239948894.6,5131,18.4226667,15638.2535,3.054
2007-05-13,61.90,87.70108526,301340.5,4038570.113,240001648.4,5201,16.7253412,14686.2564,3.103
2007-05-20,63.61,81.17921945,301403.0,4038862.698,240054402.2,5207,17.3507327,15650.5153,3.218
2007-05-27,64.89,91.53779875,301465.5,4039155.283,240107156.0,5148,18.1111504,15169.9598,3.209
2007-06-03,63.94,94.90925123,301528.0,4039447.868,240159909.8,5180,16.6625752,15641.4706,3.157
2007-06-10,65.90,86.80481626,301593.5,4039740.453,240212663.7,5170,15.3389640,15718.7055,3.076
2007-06-17,66.62,93.23578190,301659.0,4040033.038,240265417.5,5093,15.5688574,16539.6461,3.009
2007-06-24,68.78,95.92961542,301724.5,4040325.623,240318171.3,5108,16.5769431,15815.7269,2.982
2007-07-01,69.13,90.14957295,301790.0,4040618.208,240370925.1,5122,16.8440197,14980.4772,2.959
2007-07-08,71.78,78.52873116,301844.8,4040910.792,240423678.9,5198,16.6799800,15765.2013,2.981
2007-07-15,72.79,78.33271033,301899.6,4041203.377,240476432.7,5201,15.9926790,16566.7179,3.049
2007-07-22,74.92,80.44562975,301954.4,4041495.962,240529186.5,5184,17.6115591,15463.1011,2.958
2007-07-29,75.15,97.04695614,302009.2,4041788.547,240581940.3,5206,15.2254898,16005.6673,2.876
2007-08-05,76.75,93.08193539,302064.0,4042081.132,240634694.2,5142,17.1064899,15822.2178,2.838
2007-08-12,71.92,93.94166608,302131.5,4042373.717,240687448.0,5192,17.4617004,15136.1957,2.771
2007-08-19,72.05,93.48717980,302199.0,4042666.302,240740201.8,5119,15.7713365,15460.0022,2.785
2007-08-26,70.19,87.64366631,302266.5,4042958.887,240792955.6,5161,16.8053631,16119.5734,2.749
2007-09-02,72.93,80.47400917,302334.0,4043251.472,240845709.4,5021,16.3549501,15472.8284,2.796
2007-09-09,75.96,88.17466809,302385.2,4043544.057,240898463.2,5129,18.8110983,15740.3745,2.818
2007-09-16,78.95,88.85648460,302436.4,4043836.642,240951217.0,5039,18.1761433,15683.6653,2.787
2007-09-23,82.26,82.12863162,302487.6,4044129.226,241003970.8,5027,17.0243154,15167.5977,2.812
2007-09-30,81.70,90.90777140,302538.8,4044421.811,241056724.6,5064,18.0641440,15671.8907,2.788
2007-10-07,80.59,87.35360151,302590.0,4044714.396,241109478.5,5059,18.2071439,16213.6432,2.770
2007-10-14,81.46,87.86289378,302651.0,4045006.981,241162232.3,5102,15.7611083,15770.0687,2.762
2007-10-21,87.80,88.19172910,302712.0,4045299.566,241214986.1,5122,17.9083960,16314.8258,2.823
2007-10-28,89.23,79.32680459,302773.0,4045592.151,241267739.9,5114,16.2000593,15705.8110,2.872
2007-11-04,93.46,90.86995696,302834.0,4045884.736,241320493.7,5126,16.9574604,15497.0168,3.013
2007-11-11,95.81,93.52857844,302891.0,4046177.321,241373247.5,5134,15.5652863,15027.2750,3.111
2007-11-18,93.56,78.05657646,302948.0,4046469.906,241426001.3,4942,14.8392785,15624.8317,3.099
2007-11-25,97.93,88.58319053,303005.0,4046762.491,241478755.1,5117,17.7043772,15247.2507,3.097
2007-12-02,92.47,84.43778122,303062.0,4047055.075,241531508.9,5133,15.6487863,16207.1435,3.061
2007-12-09,88.71,92.36354119,303105.6,4047347.660,241584262.8,5117,14.1736576,15994.7737,3.000
2007-12-16,91.18,86.13367551,303149.2,4047640.245,241637016.6,5110,16.5695677,15223.6520,2.998
2007-12-23,91.16,83.44972061,303192.8,4047932.830,241689770.4,5117,13.4427579,15229.7079,2.980
2007-12-30,95.64,87.08898607,303236.4,4048225.415,241742524.2,5078,17.1192048,15711.9865,3.053
2008-01-06,98.17,87.13305809,303280.0,4048518.000,241795278.0,5051,14.7033260,16229.2209,3.109
2008-01-13,94.76,85.18076500,303333.5,4048726.346,241849351.6,5013,15.6685382,16231.1037,3.068
2008-01-20,91.51,80.08086183,303387.0,4048934.692,241903425.2,5042,15.7792687,15002.4641,3.017
2008-01-27,89.41,82.61566297,303440.5,4049143.038,241957498.7,4998,14.8071142,16483.2299,2.977
2008-02-03,91.14,96.54246377,303494.0,4049351.385,242011572.3,5013,14.8285464,15687.8216,2.978
2008-02-10,89.08,89.62786236,303547.3,4049559.731,242065645.9,5044,14.7362783,16421.9799,2.960
2008-02-17,94.13,90.27943382,303600.5,4049768.077,242119719.5,5034,13.0081344,16204.4098,3.042
2008-02-24,99.61,90.86996178,303653.8,4049976.423,242173793.0,5044,15.0052601,15411.9093,3.130
2008-03-02,100.84,99.35410078,303707.0,4050184.769,242227866.6,5050,15.9628226,16787.5244,3.162
2008-03-09,103.44,93.45320341,303750.8,4050393.115,242281940.2,5100,17.1048329,16042.5864,3.225
2008-03-16,109.35,93.55587576,303794.6,4050601.462,242336013.8,5100,15.8477033,16167.9898,3.284
2008-03-23,105.28,95.49997829,303838.4,4050809.808,242390087.3,5103,14.5263787,15759.0910,3.259
2008-03-30,104.49,85.33926136,303882.2,4051018.154,242444160.9,5087,13.9603442,15793.6826,3.290
2008-04-06,103.46,98.13574230,303926.0,4051226.500,242498234.5,5097,15.2005023,16189.2472,3.332
2008-04-13,109.71,90.83373636,303983.8,4051434.846,242552308.1,5096,13.5244186,16552.0540,3.389
2008-04-20,114.33,94.72630855,304041.5,4051643.192,242606381.7,5101,14.5283850,15261.3888,3.508
2008-04-27,118.53,91.71736780,304099.3,4051851.538,242660455.2,5098,13.8247501,16626.6882,3.603
2008-05-04,115.42,90.74491917,304157.0,4052059.885,242714528.8,5099,13.4485853,15732.1348,3.613
2008-05-11,123.01,89.88741792,304216.8,4052268.231,242768602.4,5128,15.4158503,16267.5256,3.722
2008-05-18,124.96,88.16040510,304276.5,4052476.577,242822676.0,5045,16.5006709,16585.7153,3.791
2008-05-25,130.14,87.71514181,304336.3,4052684.923,242876749.5,5128,16.1723640,14978.3581,3.937
2008-06-01,128.47,100.47046961,304396.0,4052893.269,242930823.1,5139,13.3617748,15483.9720,3.976
2008-06-08,128.16,101.91123761,304446.0,4053101.615,242984896.7,5114,13.3028881,16257.5225,4.039
2008-06-15,134.80,81.25796901,304496.0,4053309.962,243038970.3,5145,14.8269679,15028.5645,4.082
2008-06-22,134.34,84.12114383,304546.0,4053518.308,243093043.8,5120,12.9406849,15749.0682,4.079
2008-06-29,137.00,92.91538753,304596.0,4053726.654,243147117.4,5123,14.9528222,15664.0085,4.095
2008-07-06,142.52,98.99413086,304646.0,4053935.000,243201191.0,4960,13.7333735,14675.5127,4.114
2008-07-13,139.95,86.01038994,304710.3,4054143.346,243255264.6,5139,11.1806307,15016.2217,4.113
2008-07-20,135.37,91.24016457,304774.5,4054351.692,243309338.2,5165,11.4761948,16324.4263,4.064
2008-07-27,125.92,82.83190379,304838.8,4054560.038,243363411.7,5160,12.7208396,15787.8002,3.955
2008-08-03,124.57,95.91403912,304903.0,4054768.385,243417485.3,5172,14.3382873,15543.0556,3.880
2008-08-10,118.80,89.89523550,304954.0,4054976.731,243471558.9,5139,9.9728887,15274.5573,3.809
2008-08-17,114.40,90.71287947,305005.0,4055185.077,243525632.5,5078,15.3218641,14863.8603,3.740
2008-08-24,115.70,95.09571052,305056.0,4055393.423,243579706.0,4906,13.3845890,15780.1341,3.685
2008-08-31,116.09,88.09734828,305107.0,4055601.769,243633779.6,5097,15.4750801,15649.4678,3.680
2008-09-07,108.37,99.68914086,305158.0,4055810.115,243687853.2,4084,12.2467294,15359.3864,3.648
2008-09-14,102.88,90.19106009,305219.3,4056018.462,243741926.8,3988,15.7866871,16624.9408,3.835
2008-09-21,97.19,95.22371785,305280.5,4056226.808,243796000.3,3932,13.6818275,15344.8478,3.718
2008-09-28,111.12,89.33020648,305341.8,4056435.154,243850073.9,3839,12.5349433,15212.7472,3.632
2008-10-05,96.59,79.59825653,305403.0,4056643.500,243904147.5,4422,8.5899886,15086.0382,3.484
2008-10-12,86.24,84.64898296,305457.3,4056851.846,243958221.1,4572,10.3387298,15035.5842,3.151
2008-10-19,75.19,98.30421741,305511.5,4057060.192,244012294.7,4630,10.6057812,15117.8304,2.914
2008-10-26,68.56,96.39172273,305565.8,4057268.538,244066368.2,4675,9.6558003,14526.4133,2.656
2008-11-02,65.21,100.73647675,305620.0,4057476.885,244120441.8,4776,10.2908232,15640.2572,2.400
2008-11-09,64.31,91.20511642,305661.4,4057685.231,244174515.4,4885,11.7183360,15831.1043,2.224
2008-11-16,58.60,93.39247797,305702.8,4057893.577,244228589.0,4943,10.2256252,14489.3275,2.072
2008-11-23,52.26,86.90673272,305744.2,4058101.923,244282662.5,5006,10.1190635,15235.3596,1.892
2008-11-30,53.27,99.23816213,305785.6,4058310.269,244336736.1,5118,10.7454100,15451.9032,1.811
2008-12-07,45.60,82.36787473,305827.0,4058518.615,244390809.7,5152,12.5338651,15362.3704,1.699
2008-12-14,44.57,96.26510760,305879.0,4058726.962,244444883.3,4967,10.2985681,14770.9146,1.659
2008-12-21,39.70,92.91105685,305931.0,4058935.308,244498956.8,4972,9.5944894,15966.6992,1.653
2008-12-28,32.98,94.41773652,305983.0,4059143.654,244553030.4,4979,10.4099437,15333.0495,1.613
2009-01-04,42.40,93.26217751,306035.0,4059352.000,244607104.0,4935,10.5357317,14476.2498,1.684
2009-01-11,44.46,91.81716915,306085.5,4059506.692,244658433.9,4917,8.3471243,16075.1555,1.784
2009-01-18,36.73,91.12247455,306136.0,4059661.385,244709763.8,5052,8.5740112,15137.1916,1.847
2009-01-25,42.15,87.88814217,306186.5,4059816.077,244761093.7,5045,8.9619346,15155.3440,1.838
2009-02-01,42.70,82.71526479,306237.0,4059970.769,244812423.6,5235,9.3488765,15538.1713,1.892
2009-02-08,40.78,93.36764893,306287.3,4060125.462,244863753.5,5327,9.4859761,15471.4008,1.926
2009-02-15,36.94,88.78971695,306337.5,4060280.154,244915083.4,5323,9.1676046,14543.0576,1.964
2009-02-22,37.15,97.86912526,306387.8,4060434.846,244966413.3,5300,11.9039000,14784.8645,1.909
2009-03-01,41.10,81.81577662,306438.0,4060589.538,245017743.2,5373,10.1117351,15104.8933,1.934
2009-03-08,43.18,90.42459927,306479.4,4060744.231,245069073.1,5401,9.7210142,15138.5438,1.941
2009-03-15,45.66,89.68480464,306520.8,4060898.923,245120403.0,5414,8.3084580,15889.1075,1.910
2009-03-22,49.49,93.59348474,306562.2,4061053.615,245171732.9,5432,10.6221963,15121.9490,1.962
2009-03-29,52.99,105.50848398,306603.6,4061208.308,245223062.8,5480,7.6269498,15312.9473,2.046
2009-04-05,50.34,97.28367711,306645.0,4061363.000,245274392.8,5469,9.3045116,15389.4132,2.037
2009-04-12,50.46,79.21638417,306699.5,4061517.692,245325722.7,5482,8.4537849,14744.1587,2.051
2009-04-19,49.86,95.22345837,306754.0,4061672.385,245377052.6,5421,9.1553834,14624.3705,2.059
2009-04-26,47.80,90.47665312,306808.5,4061827.077,245428382.5,5269,9.9355661,15090.7143,2.049
2009-05-03,50.20,83.20526212,306863.0,4061981.769,245479712.4,5280,9.8826087,15989.9409,2.078
2009-05-10,55.96,85.39193122,306908.4,4062136.462,245531042.3,5306,9.6697786,15506.4052,2.240
2009-05-17,57.94,83.63227443,306953.8,4062291.154,245582372.2,5352,12.1496649,13937.4647,2.309
2009-05-24,60.32,93.41638706,306999.2,4062445.846,245633702.1,5364,9.7989866,15393.4521,2.435
2009-05-31,64.32,93.09397734,307044.6,4062600.538,245685032.0,5358,10.1651066,15139.8865,2.524
2009-06-07,68.11,81.71419687,307090.0,4062755.231,245736361.9,5358,9.3332793,14824.8775,2.624
2009-06-14,70.85,86.21467252,307148.0,4062909.923,245787691.8,5273,10.0187922,15951.9490,2.672
2009-06-21,70.62,87.40114379,307206.0,4063064.615,245839021.7,5257,8.1078136,15510.0064,2.691
2009-06-28,68.58,101.03777750,307264.0,4063219.308,245890351.6,5163,11.0278534,15441.2667,2.642
2009-07-05,69.32,90.17048156,307322.0,4063374.000,245941681.5,5171,12.0711938,14318.1102,2.612
2009-07-12,61.48,90.07240460,307384.0,4063528.692,245993011.4,5171,10.7439899,15632.4616,2.528
2009-07-19,61.29,84.31702617,307446.0,4063683.385,246044341.3,5176,8.6067465,14560.4431,2.463
2009-07-26,65.28,95.57834986,307508.0,4063838.077,246095671.2,5107,12.8737034,15250.1881,2.503
2009-08-02,67.03,86.47059764,307570.0,4063992.769,246147001.1,5246,15.1323109,15728.7843,2.557
2009-08-09,71.58,85.09947302,307621.2,4064147.462,246198331.0,5172,15.5751287,15456.0037,2.647
2009-08-16,69.64,96.70470740,307672.4,4064302.154,246249660.9,5169,15.1020776,15473.4785,2.637
2009-08-23,70.80,91.80518630,307723.6,4064456.846,246300990.8,5173,14.0140785,15673.6288,2.628
2009-08-30,72.37,96.10027591,307774.8,4064611.538,246352320.7,5244,15.3472252,14918.9904,2.613
2009-09-06,68.39,99.27969399,307826.0,4064766.231,246403650.6,5266,8.6323441,14657.4655,2.588
2009-09-13,70.91,88.77604432,307887.3,4064920.923,246454980.5,5304,9.5634503,15234.8004,2.577
2009-09-20,71.32,84.00207811,307948.5,4065075.615,246506310.4,5300,10.3617968,15495.1688,2.552
2009-09-27,68.33,98.92698663,308009.8,4065230.308,246557640.3,5375,9.5126108,15632.2362,2.499
2009-10-04,68.84,98.00536291,308071.0,4065385.000,246608970.3,5360,11.1480943,15510.5532,2.468
2009-10-11,70.80,78.29153384,308125.5,4065539.692,246660300.2,5377,11.3814092,14646.6040,2.489
2009-10-18,75.73,92.18839483,308180.0,4065694.385,246711630.1,5371,12.7239323,15028.8582,2.574
2009-10-25,80.06,86.19722836,308234.5,4065849.077,246762960.0,5357,8.9956835,15541.8400,2.674
2009-11-01,78.47,90.69360801,308289.0,4066003.769,246814289.9,5391,10.8825032,15609.6633,2.694
2009-11-08,79.00,87.17050164,308330.2,4066158.462,246865619.8,5506,11.5623896,14385.5843,2.666
2009-11-15,78.24,86.39811365,308371.4,4066313.154,246916949.7,5317,11.6743111,14891.3074,2.629
2009-11-22,78.37,90.57445667,308412.6,4066467.846,246968279.6,5433,10.5268881,14630.6548,2.639
2009-11-29,76.14,96.35268624,308453.8,4066622.538,247019609.5,5561,12.2943518,14599.4220,2.629
2009-12-06,76.81,94.07435648,308495.0,4066777.231,247070939.4,5538,10.4251298,14770.9806,2.634
2009-12-13,71.51,88.27407449,308547.8,4066931.923,247122269.3,5524,11.5161539,15406.7716,2.599
2009-12-20,71.72,92.27426684,308600.5,4067086.615,247173599.2,5524,11.0092914,15081.6501,2.589
2009-12-27,74.76,94.03018050,308653.3,4067241.308,247224929.1,5512,10.4764817,15148.6154,2.607
2010-01-03,79.07,88.11499974,308706.0,4067396.000,247276259.0,5507,10.4250583,15534.7589,2.665
2010-01-10,82.34,101.19109403,308745.6,4067710.846,247325663.6,5496,11.3029000,14962.8161,2.751
2010-01-17,80.06,89.03161573,308785.2,4068025.692,247375068.1,5404,11.8739480,14859.5732,2.739
2010-01-24,76.62,100.84366695,308824.8,4068340.538,247424472.7,5421,11.0762973,15790.1681,2.705
2010-01-31,73.94,88.57147007,308864.4,4068655.385,247473877.2,5403,11.2681127,15429.9961,2.661
2010-02-07,74.57,90.52992911,308904.0,4068970.231,247523281.8,5475,10.4775754,15063.9954,2.652
2010-02-14,73.88,90.38004453,308951.8,4069285.077,247572686.3,5482,11.6794170,15447.2025,2.608
2010-02-21,78.25,96.48593970,308999.5,4069599.923,247622090.9,5505,9.7486385,15355.1112,2.655
2010-02-28,79.22,88.03761984,309047.3,4069914.769,247671495.5,5510,10.4944421,15454.6339,2.702
2010-03-07,80.19,94.47680983,309095.0,4070229.615,247720900.0,5527,11.4662654,15151.5728,2.751
2010-03-14,81.76,82.39204397,309141.0,4070544.462,247770304.6,5540,12.5525153,15942.4203,2.788
2010-03-21,81.44,92.72970304,309187.0,4070859.308,247819709.1,5536,13.1925583,15040.2432,2.819
2010-03-28,80.65,93.98854236,309233.0,4071174.154,247869113.7,5489,9.8127967,15904.2251,2.798
2010-04-04,83.01,88.60825216,309279.0,4071489.000,247918518.3,5473,10.4012648,15792.1749,2.826
2010-04-11,85.66,82.61586047,309323.5,4071803.846,247967922.8,5475,11.0185691,16018.1143,2.858
2010-04-18,84.34,91.38056288,309368.0,4072118.692,248017327.4,5466,12.3172908,15640.8484,2.860
2010-04-25,82.90,92.85558110,309412.5,4072433.538,248066731.9,5488,12.7137919,14976.6362,2.849
2010-05-02,84.22,86.77801348,309457.0,4072748.385,248116136.5,5522,11.4335769,15231.7161,2.898
2010-05-09,80.24,97.84876971,309494.2,4073063.231,248165541.0,5533,13.0085158,15899.9985,2.905
2010-05-16,74.98,106.47942987,309531.4,4073378.077,248214945.6,5516,11.2123302,16375.2879,2.864
2010-05-23,69.14,90.33347690,309568.6,4073692.923,248264350.2,5540,11.4734931,15988.5151,2.786
2010-05-30,70.62,99.78878456,309605.8,4074007.769,248313754.7,5320,13.5783524,15881.5363,2.728
2010-06-06,72.91,87.77526148,309643.0,4074322.615,248363159.3,5445,13.4240424,15583.7126,2.725
2010-06-13,73.44,97.01155553,309694.0,4074637.462,248412563.8,5503,11.9019141,16092.1281,2.701
2010-06-20,76.70,97.75366223,309745.0,4074952.308,248461968.4,5501,10.3848189,15998.8979,2.743
2010-06-27,77.06,89.74121947,309796.0,4075267.154,248511372.9,5257,10.9672036,15907.4685,2.757
2010-07-04,74.96,91.01551637,309847.0,4075582.000,248560777.5,5414,13.4496914,16047.5796,2.726
2010-07-11,74.39,95.51953626,309900.3,4075896.846,248610182.1,5352,12.4401742,15585.5447,2.718
2010-07-18,76.35,93.24812406,309953.5,4076211.692,248659586.6,5460,11.0977898,15979.7927,2.722
2010-07-25,77.56,90.79952175,310006.8,4076526.538,248708991.2,5486,11.6015996,15596.6000,2.749
2010-08-01,78.12,102.04311234,310060.0,4076841.385,248758395.7,5440,12.9457135,16333.6197,2.735
2010-08-08,81.79,96.91661077,310104.0,4077156.231,248807800.3,5239,12.2118686,15276.8835,2.783
2010-08-15,78.17,93.30254714,310148.0,4077471.077,248857204.8,5352,13.0171101,15676.5751,2.745
2010-08-22,74.84,99.14839083,310192.0,4077785.923,248906609.4,5511,11.6697787,15265.5044,2.704
2010-08-29,72.91,87.77409114,310236.0,4078100.769,248956014.0,5602,12.2461583,16779.3880,2.682
2010-09-05,74.02,87.38369081,310280.0,4078415.615,249005418.5,5603,12.3706246,16006.8378,2.682
2010-09-12,74.82,89.84341169,310332.0,4078730.462,249054823.1,5573,11.7856109,15448.0460,2.721
2010-09-19,75.62,99.64703212,310384.0,4079045.308,249104227.6,5556,12.2313907,15840.9087,2.723
2010-09-26,73.76,93.85839075,310436.0,4079360.154,249153632.2,5562,10.2303625,16312.6123,2.694
2010-10-03,78.41,92.73808533,310488.0,4079675.000,249203036.8,5514,13.1704693,16039.4738,2.732
2010-10-10,82.29,92.22447223,310525.8,4079989.846,249252441.3,5528,13.1403595,15534.2244,2.819
2010-10-17,82.16,101.45639596,310563.6,4080304.692,249301845.9,5536,11.6282874,15827.4620,2.834
2010-10-24,81.15,98.77619314,310601.4,4080619.538,249351250.4,5540,13.4915819,15720.5772,2.817
2010-10-31,82.03,93.54932475,310639.2,4080934.385,249400655.0,5593,12.5953469,15485.6112,2.806
2010-11-07,84.93,91.13958834,310677.0,4081249.231,249450059.5,5596,12.1064040,16042.6191,2.865
2010-11-14,86.91,105.47514288,310722.3,4081564.077,249499464.1,5597,14.3172822,15037.1392,2.892
2010-11-21,82.23,92.98283194,310767.5,4081878.923,249548868.7,5581,12.0588460,15526.2135,2.876
2010-11-28,82.28,92.79205598,310812.8,4082193.769,249598273.2,5555,11.4903634,15129.0396,2.856
2010-12-05,86.75,92.20928910,310858.0,4082508.615,249647677.8,5582,10.1867698,15887.3876,2.958
2010-12-12,88.50,87.73763350,310899.3,4082823.462,249697082.3,5604,10.9063521,15268.5188,2.980
2010-12-19,88.27,91.70188198,310940.5,4083138.308,249746486.9,5598,12.7314122,15969.9734,2.982
2010-12-26,89.66,95.60240769,310981.8,4083453.154,249795891.4,5575,12.0889438,15611.6040,3.052
2011-01-02,90.97,85.12385585,311023.0,4083768.000,249845296.0,5598,13.0808131,15384.7065,3.070
2011-01-09,89.54,91.61319758,311053.0,4083973.365,249890321.0,5575,11.4317580,15379.6652,3.089
2011-01-16,91.02,95.37553391,311083.0,4084178.731,249935346.0,5205,13.1758102,14745.5100,3.104
2011-01-23,89.75,97.67573802,311113.0,4084384.096,249980371.0,5321,11.2053923,15388.0152,3.110
2011-01-30,86.11,91.16231109,311143.0,4084589.462,250025396.0,5568,13.8954475,15460.6456,3.101
2011-02-06,89.52,98.56489158,311173.0,4084794.827,250070421.0,5597,11.2182736,15432.4585,3.132
2011-02-13,85.51,94.63132579,311213.0,4085000.192,250115446.0,5610,12.7167310,16243.3294,3.140
2011-02-20,84.13,92.59325056,311253.0,4085205.558,250160471.0,5604,13.6575760,15984.6669,3.189
2011-02-27,95.26,98.97174134,311293.0,4085410.923,250205496.0,5591,11.7845430,15391.0610,3.383
2011-03-06,101.05,88.97514462,311333.0,4085616.288,250250521.0,5593,14.3172074,15357.8434,3.520
2011-03-13,103.74,105.91170412,311375.3,4085821.654,250295546.0,5591,13.4960834,16173.7208,3.567
2011-03-20,99.79,89.89844163,311417.5,4086027.019,250340571.0,5570,13.6370158,15552.6635,3.562
2011-03-27,104.41,89.38224897,311459.8,4086232.385,250385596.0,5568,13.7672233,15547.6435,3.596
2011-04-03,105.08,97.53353611,311502.0,4086437.750,250430621.0,5638,12.6428915,16537.3485,3.684
2011-04-10,109.29,91.53693430,311546.0,4086643.115,250475646.0,5635,13.1428134,16142.5291,3.791
2011-04-17,107.75,96.13920112,311590.0,4086848.481,250520671.0,5625,13.0600602,15857.3770,3.844
2011-04-24,109.11,92.36870636,311634.0,4087053.846,250565696.0,5610,13.3444301,15135.7836,3.879
2011-05-01,112.30,102.83064857,311678.0,4087259.212,250610721.0,5623,12.6251797,15704.5697,3.963
2011-05-08,105.84,94.79424379,311716.8,4087464.577,250655746.0,5609,11.4752336,15301.8827,3.965
2011-05-15,99.87,104.06177483,311755.6,4087669.942,250700771.0,5618,13.1765945,15545.4237,3.960
2011-05-22,97.99,88.29811159,311794.4,4087875.308,250745796.0,5583,11.4458394,15434.1135,3.849
2011-05-29,99.55,98.48285868,311833.2,4088080.673,250790821.0,5609,14.6078197,16172.6180,3.794
2011-06-05,100.92,94.27182906,311872.0,4088286.038,250835846.0,5633,12.8979112,15806.2516,3.781
2011-06-12,100.05,91.18156369,311923.3,4088491.404,250880871.0,5643,12.6654798,15676.8018,3.713
2011-06-19,95.87,98.67527499,311974.5,4088696.769,250925896.0,5650,11.3448442,15388.9310,3.652
2011-06-26,92.70,88.36761475,312025.8,4088902.135,250970921.0,5593,10.0564226,15798.2541,3.574
2011-07-03,93.70,89.09390787,312077.0,4089107.500,251015946.0,5520,12.0506962,15902.5329,3.579
2011-07-10,97.12,93.57203316,312120.0,4089312.865,251060971.0,5578,12.0862151,15060.3643,3.641
2011-07-17,96.72,89.16468825,312163.0,4089518.231,251105996.0,5591,12.9286176,15328.8538,3.682
2011-07-24,98.01,87.39012008,312206.0,4089723.596,251151021.0,5377,13.1895079,16434.0781,3.699
2011-07-31,97.83,90.20347671,312249.0,4089928.962,251196046.0,5523,12.7916180,15718.9356,3.711
2011-08-07,90.85,91.45875445,312292.0,4090134.327,251241071.0,5529,14.4585685,15863.1204,3.674
2011-08-14,82.86,87.43479726,312346.3,4090339.692,251286096.0,5561,12.3741345,15767.4071,3.604
2011-08-21,85.36,93.81924716,312400.5,4090545.058,251331121.0,5591,11.9639779,16228.7979,3.581
2011-08-28,85.06,100.72587469,312454.8,4090750.423,251376146.0,5598,13.7085687,15297.2045,3.627
2011-09-04,88.07,91.33917123,312509.0,4090955.788,251421171.0,5642,13.0377557,16152.0600,3.674
2011-09-11,87.91,102.55497804,312558.8,4091161.154,251466196.0,5083,14.2153525,15755.9210,3.661
2011-09-18,88.93,92.11425131,312608.5,4091366.519,251511221.0,5747,13.2431098,16194.3710,3.601
2011-09-25,83.65,93.40241935,312658.3,4091571.885,251556246.0,5756,13.6937013,15958.9082,3.509
2011-10-02,81.18,94.40906865,312708.0,4091777.250,251601271.0,5800,13.5876353,16075.8095,3.433
2011-10-09,79.43,88.78584009,312744.2,4091982.615,251646296.0,5878,13.6525856,16417.9639,3.417
2011-10-16,85.35,94.50447127,312780.4,4092187.981,251691321.0,5891,14.4514419,15593.0872,3.476
2011-10-23,86.82,99.65992142,312816.6,4092393.346,251736346.0,5876,15.3771803,15799.3535,3.462
2011-10-30,92.32,106.25197618,312852.8,4092598.712,251781371.0,5818,13.7176366,16175.0073,3.452
2011-11-06,93.24,91.42697787,312889.0,4092804.077,251826396.0,5846,14.7679258,16124.0897,3.424
2011-11-13,96.97,103.39661547,312932.8,4093009.442,251871421.0,5894,12.6313796,16119.7349,3.436
2011-11-20,99.32,97.02781061,312976.5,4093214.808,251916446.0,5887,13.1201844,16476.6469,3.368
2011-11-27,96.89,95.85282380,313020.3,4093420.173,251961471.0,5864,15.4292138,17003.4185,3.307
2011-12-04,99.91,85.41079487,313064.0,4093625.538,252006496.0,5861,12.7191134,15246.8292,3.290
2011-12-11,100.08,103.84665671,313104.8,4093830.904,252051521.0,5862,15.3988283,15573.4213,3.286
2011-12-18,96.06,97.93657380,313145.5,4094036.269,252096546.0,5862,14.0358890,15728.7424,3.229
2011-12-25,97.74,87.20546254,313186.3,4094241.635,252141571.0,5846,15.9118676,15456.5397,3.258
2012-01-01,99.81,100.83442927,313227.0,4094447.000,252186596.0,5851,14.9756859,16493.9902,3.299
2012-01-08,102.39,100.85763266,313258.2,4094413.981,252232556.9,5844,14.9744418,16015.6413,3.382
2012-01-15,100.43,94.74224494,313289.4,4094380.962,252278517.7,5726,14.5440709,16121.6768,3.391
2012-01-22,99.95,84.87043842,313320.6,4094347.942,252324478.6,5722,13.8141288,16108.5517,3.389
2012-01-29,99.35,94.11376050,313351.8,4094314.923,252370439.5,5720,12.8284472,16234.2863,3.439
2012-02-05,97.80,102.74152988,313383.0,4094281.904,252416400.3,5763,16.5591345,15537.0940,3.482
2012-02-12,98.56,89.30503745,313423.8,4094248.885,252462361.2,5819,15.4451036,16876.8085,3.523
2012-02-19,101.73,95.35810782,313464.5,4094215.865,252508322.1,5817,14.7134882,16302.9858,3.591
2012-02-26,107.18,103.57361360,313505.3,4094182.846,252554282.9,5814,14.3985191,15517.5616,3.721
2012-03-04,107.52,100.44634344,313546.0,4094149.827,252600243.8,5806,16.2361116,16105.4307,3.793
2012-03-11,106.32,91.10907088,313587.0,4094116.808,252646204.7,5830,15.0301510,16297.4069,3.829
2012-03-18,106.15,104.47847356,313628.0,4094083.788,252692165.5,5826,14.7054485,16291.0067,3.867
2012-03-25,106.41,85.53936338,313669.0,4094050.769,252738126.4,5821,14.9290147,15489.7000,3.918
2012-04-01,105.12,91.50587306,313710.0,4094017.750,252784087.3,6049,15.4884290,16404.6709,3.941
2012-04-08,103.52,96.24904544,313744.6,4093984.731,252830048.1,6040,14.9326699,16184.5640,3.939
2012-04-15,102.55,88.27132171,313779.2,4093951.712,252876009.0,6043,16.1259667,15844.0428,3.922
2012-04-22,103.15,98.32098899,313813.8,4093918.692,252921969.8,6113,15.4152066,15580.8267,3.870
2012-04-29,103.78,100.81031139,313848.4,4093885.673,252967930.7,6121,17.6069161,16244.9288,3.830
2012-05-06,103.47,101.24285766,313883.0,4093852.654,253013891.6,6136,16.6085117,16246.5675,3.790
2012-05-13,96.98,104.59745319,313930.3,4093819.635,253059852.4,6149,14.9835073,15940.9360,3.754
2012-05-20,93.11,102.42192328,313977.5,4093786.615,253105813.3,6239,14.4566026,16348.2457,3.715
2012-05-27,90.88,102.71803716,314024.8,4093753.596,253151774.2,6227,13.8118264,16047.2399,3.670
2012-06-03,87.06,101.48788211,314072.0,4093720.577,253197735.0,6245,17.2020856,16702.6044,3.613
2012-06-10,84.43,100.07101433,314122.0,4093687.558,253243695.9,6236,14.7751727,16280.1563,3.572
2012-06-17,83.27,102.47277073,314172.0,4093654.538,253289656.8,6353,14.8532157,16057.0153,3.533
2012-06-24,81.11,101.78255237,314222.0,4093621.519,253335617.6,6257,14.0247460,15773.4179,3.437
2012-07-01,80.23,103.11360804,314272.0,4093588.500,253381578.5,6094,12.5912253,16030.1460,3.356
2012-07-08,85.74,101.92045554,314315.4,4093555.481,253427539.4,6249,15.1274327,16423.7318,3.411
2012-07-15,85.78,93.60803967,314358.8,4093522.462,253473500.2,6245,15.2756962,16331.9283,3.427
2012-07-22,90.34,103.26613529,314402.2,4093489.442,253519461.1,6364,13.6337539,16487.7803,3.494
2012-07-29,88.88,93.02137596,314445.6,4093456.423,253565422.0,6320,14.5568430,15754.7608,3.508
2012-08-05,89.10,103.68557796,314489.0,4093423.404,253611382.8,6218,14.7233905,15482.4177,3.645
2012-08-12,93.14,98.31994151,314542.5,4093390.385,253657343.7,6181,14.8946762,16216.0751,3.721
2012-08-19,94.43,99.89923182,314596.0,4093357.365,253703304.6,6246,15.1114299,15871.5569,3.744
2012-08-26,96.22,87.08124169,314649.5,4093324.346,253749265.4,6258,14.3985496,15686.4227,3.776
2012-09-02,95.68,90.86348936,314703.0,4093291.327,253795226.3,5486,15.4283497,16054.4157,3.843
2012-09-09,95.68,96.81609435,314743.4,4093258.308,253841187.2,5526,16.2437234,16624.6403,3.847
2012-09-16,97.56,96.40979599,314783.8,4093225.288,253887148.0,6277,14.8746384,15901.5808,3.878
2012-09-23,93.70,102.33030288,314824.2,4093192.269,253933108.9,6509,18.0530235,16040.2228,3.826
2012-09-30,91.35,97.29661923,314864.6,4093159.250,253979069.8,6520,13.9783394,15994.1575,3.804
2012-10-07,90.81,94.16000785,314905.0,4093126.231,254025030.6,6598,14.9290299,16831.5669,3.850
2012-10-14,91.42,101.91548308,314951.8,4093093.212,254070991.5,6606,14.8560664,16316.7589,3.819
2012-10-21,91.59,92.83504106,314998.5,4093060.192,254116952.3,6610,14.5767437,16559.6735,3.687
2012-10-28,86.35,94.58688000,315045.3,4093027.173,254162913.2,6669,12.4627821,16548.2616,3.568
2012-11-04,85.87,101.96910502,315092.0,4092994.154,254208874.1,6677,15.0374122,16344.9029,3.492
2012-11-11,85.98,95.76909962,315133.5,4092961.135,254254834.9,6709,16.0369013,16083.8960,3.449
2012-11-18,85.87,97.06359921,315175.0,4092928.115,254300795.8,6710,15.2038351,16594.3665,3.429
2012-11-25,87.40,98.52213978,315216.5,4092895.096,254346756.7,6818,15.1419614,15775.3018,3.437
2012-12-02,87.27,100.79002933,315258.0,4092862.077,254392717.5,6817,16.3971614,16543.8479,3.394
2012-12-09,87.00,101.56675372,315286.4,4092829.058,254438678.4,6852,12.5037193,16383.1521,3.349
2012-12-16,85.71,103.53830423,315314.8,4092796.038,254484639.3,6863,16.3978249,17156.7479,3.254
2012-12-23,88.24,108.29473559,315343.2,4092763.019,254530600.1,6984,16.1860206,15779.4047,3.257
2012-12-30,90.14,88.50436053,315371.6,4092730.000,254576561.0,6985,15.6295016,15893.4696,3.298
2013-01-06,92.77,98.21817185,315400.0,4093158.906,254620394.4,7002,17.6233776,15761.3210,3.299
2013-01-13,93.38,93.91386560,315433.8,4093587.811,254664227.8,7041,16.1669528,15900.5121,3.303
2013-01-20,94.58,97.47773873,315467.5,4094016.717,254708061.1,6989,15.9624459,15975.0440,3.315
2013-01-27,95.41,97.03000495,315501.3,4094445.623,254751894.5,6993,14.9970215,16764.1160,3.357
2013-02-03,97.33,91.68334000,315535.0,4094874.528,254795727.9,6997,15.9618489,16765.9727,3.538
2013-02-10,96.18,98.83349424,315571.8,4095303.434,254839561.3,7064,15.9596229,16503.0195,3.611
2013-02-17,96.95,98.61564750,315608.5,4095732.340,254883394.6,7118,15.2805572,16181.6427,3.747
2013-02-24,94.38,103.13104214,315645.3,4096161.245,254927228.0,7096,16.5482322,16787.2598,3.784
2013-03-03,92.19,94.05895677,315682.0,4096590.151,254971061.4,7093,13.5386507,16724.6811,3.759
2013-03-10,91.00,95.96423485,315713.8,4097019.057,255014894.8,7159,16.5046889,16306.8079,3.710
2013-03-17,92.70,95.71049775,315745.6,4097447.962,255058728.2,7150,16.8991284,15623.3633,3.696
2013-03-24,93.05,96.58103585,315777.4,4097876.868,255102561.5,7151,14.3948279,16982.8706,3.680
2013-03-31,96.08,98.00065286,315809.2,4098305.774,255146394.9,7151,15.4229723,16482.5239,3.645
2013-04-07,95.07,95.29966728,315841.0,4098734.679,255190228.3,7181,16.4187117,17126.4134,3.608
2013-04-14,93.36,91.72503784,315884.8,4099163.585,255234061.7,7208,17.0664795,16907.3576,3.542
2013-04-21,88.00,103.52868559,315928.5,4099592.491,255277895.0,7326,15.7427877,16706.4485,3.536
2013-04-28,91.00,96.07586713,315972.3,4100021.396,255321728.4,7312,15.9223292,16226.3611,3.520
2013-05-05,93.40,101.68851532,316016.0,4100450.302,255365561.8,7369,16.4558959,16419.6909,3.538
2013-05-12,95.84,107.49299432,316062.5,4100879.208,255409395.2,7321,16.0107124,15732.8176,3.603
2013-05-19,94.65,91.54202997,316109.0,4101308.113,255453228.5,7258,16.5380678,16041.5589,3.673
2013-05-26,94.76,105.37989801,316155.5,4101737.019,255497061.9,7292,17.2240497,16422.4228,3.645
2013-06-02,93.32,101.79552306,316202.0,4102165.925,255540895.3,7300,14.5925922,16397.4325,3.646
2013-06-09,94.25,99.74724324,316242.6,4102594.830,255584728.7,7224,15.3391167,16556.2395,3.655
2013-06-16,96.36,86.34025868,316283.2,4103023.736,255628562.1,7129,16.1888722,17265.5219,3.626
2013-06-23,96.65,95.03758319,316323.8,4103452.642,255672395.4,7261,17.2207335,17085.2871,3.577
2013-06-30,95.83,98.26545882,316364.4,4103881.547,255716228.8,7267,17.1046904,16300.8450,3.496
2013-07-07,100.65,110.19819976,316405.0,4104310.453,255760062.2,7401,17.3889020,16346.0782,3.492
2013-07-14,104.70,102.63891833,316460.5,4104739.358,255803895.6,7490,16.9371061,16279.8921,3.639
2013-07-21,106.88,94.06781990,316516.0,4105168.264,255847728.9,7555,15.7464526,16468.1060,3.682
2013-07-28,105.88,97.11438591,316571.5,4105597.170,255891562.3,7542,14.8489753,16887.7823,3.646
2013-08-04,105.54,100.74493220,316627.0,4106026.075,255935395.7,7560,13.6523927,15741.7794,3.632
2013-08-11,105.17,92.13072215,316681.8,4106454.981,255979229.1,7571,13.8131258,16525.3620,3.561
2013-08-18,106.97,104.19600112,316736.5,4106883.887,256023062.5,7518,14.6566715,16553.0908,3.550
2013-08-25,105.48,94.36894436,316791.3,4107312.792,256066895.8,7609,14.6439766,16653.9312,3.552
2013-09-01,108.33,92.02384393,316846.0,4107741.698,256110729.2,7621,15.4751798,16302.7904,3.608
2013-09-08,108.77,95.07065529,316887.8,4108170.604,256154562.6,7745,15.9165613,17501.0731,3.587
2013-09-15,108.36,90.61035351,316929.6,4108599.509,256198396.0,7827,16.0246749,16474.6294,3.547
2013-09-22,106.22,92.09819293,316971.4,4109028.415,256242229.3,7777,15.8702699,16157.6957,3.495
2013-09-29,103.10,102.45192902,317013.2,4109457.321,256286062.7,7784,16.6585224,17539.7440,3.425
2013-10-06,103.14,107.20755925,317055.0,4109886.226,256329896.1,7809,16.0878873,16205.9640,3.367
2013-10-13,102.70,94.24672894,317103.3,4110315.132,256373729.5,7428,17.9511996,16699.1282,3.354
2013-10-20,101.51,94.40833821,317151.5,4110744.038,256417562.8,7896,15.7428999,16677.6673,3.360
2013-10-27,97.57,96.24124015,317199.8,4111172.943,256461396.2,7853,16.8553828,16827.8499,3.294
2013-11-03,96.94,103.66131736,317248.0,4111601.849,256505229.6,7858,16.9972392,17440.9046,3.265
2013-11-10,94.31,95.26131162,317293.3,4112030.755,256549063.0,7981,15.1897498,16827.1183,3.194
2013-11-17,93.94,89.45372761,317338.5,4112459.660,256592896.4,7974,15.5159867,16532.4439,3.219
2013-11-24,93.92,96.39615146,317383.8,4112888.566,256636729.7,8019,16.5395281,16887.9417,3.293
2013-12-01,92.97,99.94666136,317429.0,4113317.472,256680563.1,8011,17.7055532,15755.9376,3.272
2013-12-08,96.21,90.69010523,317462.8,4113746.377,256724396.5,8075,15.8252276,17116.3576,3.269
2013-12-15,97.23,97.83418291,317496.6,4114175.283,256768229.9,8058,17.6091235,16457.8309,3.239
2013-12-22,97.85,104.41353868,317530.4,4114604.189,256812063.2,8111,15.8208827,16447.5813,3.271
2013-12-29,99.15,96.26283425,317564.2,4115033.094,256855896.6,8121,14.0854538,15555.7173,3.331
2014-01-05,96.47,101.37540903,317598.0,4115462.000,256899730.0,8145,15.7196173,16351.7486,3.332
2014-01-12,92.42,98.04241169,317638.0,4116977.288,256947066.2,8159,14.8726414,17925.0433,3.327
2014-01-19,92.98,89.03337899,317678.0,4118492.577,256994402.3,8052,15.0278380,16562.2919,3.296
2014-01-26,96.19,103.67035218,317718.0,4120007.865,257041738.5,8044,14.4865719,16291.1590,3.295
2014-02-02,97.29,107.31920010,317758.0,4121523.154,257089074.6,8044,16.0226093,16810.8167,3.292
2014-02-09,97.78,105.96533548,317799.5,4123038.442,257136410.8,8132,15.7192501,16151.2985,3.309
2014-02-16,100.21,99.92130487,317841.0,4124553.731,257183746.9,8148,16.6759657,17048.9419,3.380
2014-02-23,102.93,116.75249156,317882.5,4126069.019,257231083.1,8059,16.7181023,16871.0630,3.444
2014-03-02,102.77,99.08737898,317924.0,4127584.308,257278419.2,8077,18.1964454,17161.8674,3.479
2014-03-09,103.07,107.68819443,317958.8,4129099.596,257325755.4,8182,15.2537545,15930.3126,3.512
2014-03-16,99.55,95.35213468,317993.6,4130614.885,257373091.5,8215,18.1369432,17658.0965,3.547
2014-03-23,99.77,94.23239185,318028.4,4132130.173,257420427.7,8190,15.1648120,16765.5011,3.549
2014-03-30,100.66,108.35914595,318063.2,4133645.462,257467763.8,8192,15.1356628,17071.0990,3.579
2014-04-06,100.46,102.33439095,318098.0,4135160.750,257515100.0,8229,16.1110741,16638.8406,3.596
2014-04-13,102.72,100.85844226,318144.5,4136676.038,257562436.2,8301,17.1839768,16950.1257,3.651
2014-04-20,103.95,93.52183682,318191.0,4138191.327,257609772.3,8360,16.8872533,16317.6204,3.683
2014-04-27,102.11,101.48633273,318237.5,4139706.615,257657108.5,8352,16.9377525,16744.8287,3.713
2014-05-04,100.51,100.82030165,318284.0,4141221.904,257704444.6,8350,17.0099807,16919.2929,3.684
2014-05-11,100.29,98.35054699,318332.8,4142737.192,257751780.8,8428,16.0205732,16824.8318,3.668
2014-05-18,101.92,94.88613225,318381.5,4144252.481,257799116.9,8434,18.3248514,17376.4842,3.665
2014-05-25,103.82,99.85284346,318430.3,4145767.769,257846453.1,8472,17.1783693,17485.8577,3.674
2014-06-01,103.95,103.96097274,318479.0,4147283.058,257893789.2,8383,16.8160307,17556.7739,3.690
2014-06-08,103.23,105.52488028,318521.6,4148798.346,257941125.4,8460,17.4455095,17620.7050,3.674
2014-06-15,105.97,105.36062265,318564.2,4150313.635,257988461.5,8477,17.9620985,16930.2212,3.686
2014-06-22,107.23,96.36622953,318606.8,4151828.923,258035797.7,8446,20.1036413,17004.8187,3.704
2014-06-29,106.69,99.52325460,318649.4,4153344.212,258083133.8,8442,17.6908988,17638.1121,3.704
2014-07-06,105.52,102.40021732,318692.0,4154859.500,258130470.0,8514,16.4995489,17540.8927,3.678
2014-07-13,103.25,97.12345096,318749.3,4156374.788,258177806.2,8592,18.2076662,16870.4765,3.635
2014-07-20,102.37,93.71954036,318806.5,4157890.077,258225142.3,8565,18.3204973,17638.6704,3.593
2014-07-27,104.35,101.13502825,318863.8,4159405.365,258272478.5,8443,16.9024056,17664.9374,3.539
2014-08-03,102.19,109.13809871,318921.0,4160920.654,258319814.6,8453,17.4564527,16709.8754,3.515
2014-08-10,97.50,94.79661283,318966.6,4162435.942,258367150.8,8556,15.9569307,17534.8012,3.505
2014-08-17,97.17,104.01150556,319012.2,4163951.231,258414486.9,8577,17.5059454,17490.3361,3.472
2014-08-24,94.95,107.62596871,319057.8,4165466.519,258461823.1,8631,14.9375402,17469.9212,3.454
2014-08-31,96.25,98.83935223,319103.4,4166981.808,258509159.2,8630,16.2054036,16816.1731,3.459
2014-09-07,94.06,103.68849571,319149.0,4168497.096,258556495.4,8590,19.3167796,17527.4636,3.457
2014-09-14,92.43,104.49748485,319203.5,4170012.385,258603831.5,8838,17.9603749,16583.9414,3.408
2014-09-21,93.52,95.99513078,319258.0,4171527.673,258651167.7,8867,18.7190053,16756.1711,3.353
2014-09-28,93.15,93.01280982,319312.5,4173042.962,258698503.8,8837,17.9819039,17479.7966,3.354
2014-10-05,91.44,105.84361194,319367.0,4174558.250,258745840.0,8875,18.1264566,17155.6176,3.299
2014-10-12,87.63,100.74563745,319415.5,4176073.538,258793176.2,8951,15.7400644,17295.8152,3.207
2014-10-19,82.88,96.12066197,319464.0,4177588.827,258840512.3,8934,15.9190871,17494.8654,3.120
2014-10-26,82.12,98.79206371,319512.5,4179104.115,258887848.5,8970,18.3196280,17331.0697,3.056
2014-11-02,81.29,101.35427041,319561.0,4180619.404,258935184.6,8972,18.3968568,17208.5342,2.993
2014-11-09,78.24,98.83268465,319597.2,4182134.692,258982520.8,9063,14.3852443,17685.1818,2.941
2014-11-16,76.50,92.84353906,319633.4,4183649.981,259029856.9,9004,15.9468495,18097.4767,2.894
2014-11-23,75.38,92.11492903,319669.6,4185165.269,259077193.1,9077,15.6406875,17012.4257,2.821
2014-11-30,72.36,102.80391436,319705.8,4186680.558,259124529.2,9083,17.0144596,17045.3255,2.778
2014-12-07,67.18,93.47211274,319742.0,4188195.846,259171865.4,9118,18.3818952,17450.1172,2.679
2014-12-14,61.14,106.42278301,319782.5,4189711.135,259219201.5,9137,16.5053273,16605.5953,2.554
2014-12-21,55.89,96.84195701,319823.0,4191226.423,259266537.7,9127,14.1529276,16911.8601,2.403
2014-12-28,55.58,91.31771818,319863.5,4192741.712,259313873.8,9121,17.8968519,17727.3332,2.299
2015-01-04,53.44,95.60916794,319904.0,4194257.000,259361210.0,9132,17.2288071,16951.2619,2.214
2015-01-11,48.77,98.37789795,319941.3,4193817.769,259409378.0,9192,17.3837221,17182.3176,2.139
2015-01-18,47.07,100.63560143,319978.5,4193378.538,259457545.9,9186,16.6387127,18026.0065,2.066
2015-01-25,46.46,104.54879046,320015.8,4192939.308,259505713.9,9213,18.2920283,17283.4655,2.044
2015-02-01,45.32,104.35402468,320053.0,4192500.077,259553881.8,9177,17.1964314,17062.6653,2.068
2015-02-08,50.58,95.65686799,320093.5,4192060.846,259602049.8,9226,18.3320150,17757.7035,2.191
2015-02-15,51.14,99.28360738,320134.0,4191621.615,259650217.8,9280,17.2615383,17326.1614,2.274
2015-02-22,51.69,104.00617788,320174.5,4191182.385,259698385.7,9285,16.3455427,16720.1202,2.332
2015-03-01,49.16,98.35270826,320215.0,4190743.154,259746553.7,9324,15.3608638,17228.1046,2.473
2015-03-08,50.38,91.77677279,320250.0,4190303.923,259794721.7,9366,17.6677329,17632.4676,2.487
2015-03-15,47.69,98.18767398,320285.0,4189864.692,259842889.6,9419,16.4981628,17500.7501,2.453
2015-03-22,44.39,98.36556767,320320.0,4189425.462,259891057.6,9422,19.1562626,17723.7569,2.457
2015-03-29,48.68,104.49967339,320355.0,4188986.231,259939225.5,9386,19.0363648,17027.6282,2.448
2015-04-05,48.91,94.48867901,320390.0,4188547.000,259987393.5,9404,17.8875119,17841.7792,2.413
2015-04-12,51.78,103.38048955,320436.0,4188107.769,260035561.5,9384,18.0295806,17324.5046,2.408
2015-04-19,54.78,101.00898150,320482.0,4187668.538,260083729.4,9366,14.8197307,17680.6113,2.485
2015-04-26,56.14,99.67318592,320528.0,4187229.308,260131897.4,9373,15.5014315,17950.0727,2.570
2015-05-03,57.98,99.53937660,320574.0,4186790.077,260180065.3,9369,17.5596399,17702.5663,2.664
2015-05-10,59.73,101.67828800,320613.0,4186350.846,260228233.3,9374,16.7289816,18446.9952,2.691
2015-05-17,60.01,106.90972252,320652.0,4185911.615,260276401.3,9262,18.6666292,17428.5037,2.744
2015-05-24,58.95,91.99044966,320691.0,4185472.385,260324569.2,9566,18.3382471,18311.8892,2.774
2015-05-31,58.19,101.57228753,320730.0,4185033.154,260372737.2,9586,15.7464458,17916.6080,2.780
2015-06-07,59.66,99.05950695,320769.0,4184593.923,260420905.2,9610,16.9153384,18135.7670,2.780
2015-06-14,60.07,100.24173325,320822.3,4184154.692,260469073.1,9589,16.2011442,18238.7707,2.835
2015-06-21,59.89,103.56585966,320875.5,4183715.462,260517241.1,9604,16.8011438,17089.4617,2.812
2015-06-28,60.01,107.44228764,320928.8,4183276.231,260565409.0,9595,17.5856164,17648.5952,2.801
2015-07-05,57.92,102.13547509,320982.0,4182837.000,260613577.0,9604,19.1398440,17272.6225,2.793
2015-07-12,52.38,100.76286206,321037.8,4182397.769,260661745.0,9562,16.5446930,18069.1147,2.834
2015-07-19,51.68,97.59744411,321093.5,4181958.538,260709912.9,9558,18.1928778,17367.0437,2.802
2015-07-26,49.21,92.52973087,321149.3,4181519.308,260758080.9,9413,19.0123532,17723.3305,2.745
2015-08-02,47.91,103.10481943,321205.0,4181080.077,260806248.8,9465,19.8729932,17957.7569,2.689
2015-08-09,44.94,107.16670469,321249.6,4180640.846,260854416.8,9395,19.2983522,18080.6960,2.629
2015-08-16,43.20,99.77522162,321294.2,4180201.615,260902584.8,9348,20.0138720,17113.2099,2.716
2015-08-23,41.34,101.83180643,321338.8,4179762.385,260950752.7,9337,19.4400846,17268.5079,2.637
2015-08-30,40.73,96.67763589,321383.4,4179323.154,260998920.7,9218,17.4325171,17296.2699,2.510
2015-09-06,46.73,105.04410644,321428.0,4178883.923,261047088.7,9135,19.0387002,16878.4583,2.437
2015-09-13,45.16,105.09550622,321481.3,4178444.692,261095256.6,9117,19.0456543,16868.6168,2.375
2015-09-20,45.48,95.14467705,321534.5,4178005.462,261143424.6,9136,18.3417015,17345.2295,2.327
2015-09-27,45.57,101.64625589,321587.8,4177566.231,261191592.5,9096,18.8925862,16921.7765,2.322
2015-10-04,45.00,108.43855764,321641.0,4177127.000,261239760.5,9172,19.3831340,17519.4960,2.318
2015-10-11,48.36,99.38092326,321689.3,4176687.769,261287928.5,9096,17.5769874,17609.2697,2.337
2015-10-18,46.82,95.72596828,321737.5,4176248.538,261336096.4,9096,17.8903996,18657.1085,2.277
2015-10-25,45.16,95.25188416,321785.8,4175809.308,261384264.4,9112,17.5757803,16961.9303,2.228
2015-11-01,44.99,96.36508003,321834.0,4175370.077,261432432.3,9160,18.7706361,17807.7812,2.224
2015-11-08,45.98,103.42611189,321871.2,4174930.846,261480600.3,9185,19.4957520,17520.9862,2.235
2015-11-15,42.70,104.64110168,321908.4,4174491.615,261528768.3,9182,17.2988149,17214.3993,2.178
2015-11-22,40.62,101.25566898,321945.6,4174052.385,261576936.2,9165,18.5862113,18369.1814,2.094
2015-11-29,40.49,104.37906518,321982.8,4173613.154,261625104.2,9202,18.4197559,18156.4312,2.059
2015-12-06,40.40,103.92338375,322020.0,4173173.923,261673272.2,9164,17.8509966,17002.8596,2.053
2015-12-13,36.93,110.46137193,322064.0,4172734.692,261721440.1,9176,16.6158222,17367.1721,2.037
2015-12-20,35.78,99.62674662,322108.0,4172295.462,261769608.1,9179,15.9433279,17142.5685,2.026
2015-12-27,36.26,101.47118577,322152.0,4171856.231,261817776.0,9202,19.0642379,18799.2668,2.034
2016-01-03,36.99,107.72073889,322196.0,4171417.000,261865944.0,9219,17.3397315,17839.2413,2.028
2016-01-10,34.65,103.79578279,322227.4,4170814.904,261914026.2,9227,18.1491700,18147.4378,1.996
2016-01-17,30.59,100.38223398,322258.8,4170212.808,261962108.3,9235,18.7026970,16684.4031,1.914
2016-01-24,29.19,97.84091640,322290.2,4169610.712,262010190.5,9221,18.1587874,16753.4629,1.856
2016-01-31,31.81,102.80618531,322321.6,4169008.615,262058272.6,9214,17.6776998,18260.8262,1.822
2016-02-07,31.26,102.52443336,322353.0,4168406.519,262106354.8,9186,19.3646795,17602.4370,1.759
2016-02-14,28.14,91.23058742,322393.0,4167804.423,262154436.9,9135,20.5003705,17722.8206,1.724
2016-02-21,30.02,100.97591042,322433.0,4167202.327,262202519.1,9102,15.8082020,17796.3983,1.730
2016-02-28,31.32,103.12401743,322473.0,4166600.231,262250601.2,9077,17.5583410,17552.9239,1.783
2016-03-06,34.43,93.93382834,322513.0,4165998.135,262298683.4,9078,13.5657882,17280.1136,1.841
2016-03-13,37.69,104.56529598,322556.0,4165396.038,262346765.5,9068,18.3514096,17526.8181,1.961
2016-03-20,38.32,106.54554490,322599.0,4164793.942,262394847.7,9038,16.4511872,17680.4372,2.007
2016-03-27,39.45,98.89335792,322642.0,4164191.846,262442929.8,9022,18.3030620,18246.5916,2.066
2016-04-03,36.82,109.50539764,322685.0,4163589.750,262491012.0,9008,16.5442975,17885.0710,2.083
2016-04-10,36.72,99.75235294,322730.5,4162987.654,262539094.2,8977,18.4777590,17486.5887,2.069
2016-04-17,41.23,99.23434725,322776.0,4162385.558,262587176.3,8953,17.2384387,16993.4097,2.137
2016-04-24,41.86,95.63441231,322821.5,4161783.462,262635258.5,8938,18.0269414,18067.0196,2.162
2016-05-01,44.30,94.42645449,322867.0,4161181.365,262683340.6,8825,16.3253092,17477.5729,2.240
2016-05-08,44.22,97.58266035,322905.8,4160579.269,262731422.8,8802,15.0389438,17488.6235,2.220
2016-05-15,45.44,104.24113332,322944.6,4159977.173,262779504.9,8791,15.4080150,17981.8741,2.242
2016-05-22,47.99,95.06155566,322983.4,4159375.077,262827587.1,8767,17.0403381,18198.8266,2.300
2016-05-29,48.72,104.58294394,323022.2,4158772.981,262875669.2,8735,18.3275795,18011.2309,2.339
2016-06-05,49.00,99.74313750,323061.0,4158170.885,262923751.4,8745,18.5852361,16607.9411,2.381
2016-06-12,50.18,96.88125342,323112.0,4157568.788,262971833.5,8716,19.3799228,17534.9025,2.399
2016-06-19,47.89,111.34008729,323163.0,4156966.692,263019915.7,8677,14.6615545,18311.8521,2.353
2016-06-26,48.71,116.20302946,323214.0,4156364.596,263067997.8,8622,17.6820291,18449.1265,2.329
2016-07-03,48.17,94.17109721,323265.0,4155762.500,263116080.0,8428,18.4685818,17505.7044,2.291
2016-07-10,46.17,109.30446205,323306.6,4155160.404,263164162.2,8485,19.6413897,18394.4197,2.253
2016-07-17,45.60,106.36643735,323348.2,4154558.308,263212244.3,8494,17.9646998,17724.8917,2.230
2016-07-24,44.44,95.69653923,323389.8,4153956.212,263260326.5,8515,19.2856477,17831.7647,2.182
2016-07-31,41.83,104.52241144,323431.4,4153354.115,263308408.6,8460,16.3564728,18051.6997,2.159
2016-08-07,40.82,98.66619027,323473.0,4152752.019,263356490.8,8445,18.3645274,17398.3169,2.150
2016-08-14,43.11,99.83124883,323524.8,4152149.923,263404572.9,8597,16.5864455,17654.9682,2.149
2016-08-21,47.16,100.80471779,323576.5,4151547.827,263452655.1,8548,19.1440009,17962.4582,2.193
2016-08-28,47.05,104.42996997,323628.3,4150945.731,263500737.2,8488,19.1459685,17882.5825,2.237
2016-09-04,45.11,108.85940728,323680.0,4150343.635,263548819.4,8458,17.8140817,17399.4805,2.223
2016-09-11,45.96,107.67072739,323729.0,4149741.538,263596901.5,8493,18.1658230,17899.3117,2.202
2016-09-18,44.34,108.26429633,323778.0,4149139.442,263644983.7,8512,17.8139598,17637.1566,2.225
2016-09-25,44.59,89.69585572,323827.0,4148537.346,263693065.8,8497,17.9148819,17167.3776,2.224
2016-10-02,46.55,99.10455506,323876.0,4147935.250,263741148.0,8467,18.2079897,17541.9293,2.245
2016-10-09,49.48,100.48053193,323911.2,4147333.154,263789230.2,8450,15.8760191,18064.2667,2.272
2016-10-16,50.29,93.62533618,323946.4,4146731.058,263837312.3,8464,17.8017567,16979.5390,2.257
2016-10-23,50.56,93.69436052,323981.6,4146128.962,263885394.5,8504,17.8518141,17903.0182,2.243
2016-10-30,49.36,101.13179234,324016.8,4145526.865,263933476.6,8522,17.1606078,17872.0240,2.230
2016-11-06,45.51,109.35451218,324052.0,4144924.769,263981558.8,8692,16.5677151,18341.4276,2.233
2016-11-13,44.61,94.34899153,324093.0,4144322.673,264029640.9,8681,17.2764209,18040.6766,2.184
2016-11-20,45.15,102.33993033,324134.0,4143720.577,264077723.1,8690,17.8011780,17762.1717,2.155
2016-11-27,47.25,110.72417945,324175.0,4143118.481,264125805.2,8699,19.4628596,17976.6083,2.154
2016-12-04,48.63,109.93093911,324216.0,4142516.385,264173887.4,8697,18.0315792,17619.2947,2.208
2016-12-11,50.97,98.79612359,324252.5,4141914.288,264221969.5,8796,17.8909191,18226.1402,2.236
2016-12-18,51.91,104.36169875,324289.0,4141312.192,264270051.7,8786,18.5315886,18477.6994,2.264
2016-12-25,51.95,104.02295990,324325.5,4140710.096,264318133.8,8766,17.9012413,17886.7943,2.309
2017-01-01,53.60,107.18540227,324362.0,4140108.000,264366216.0,8770,18.1697390,18106.7128,2.377
2017-01-08,53.34,100.88214592,324388.4,4140961.135,264410647.1,8946,18.2424260,18351.0496,2.388
2017-01-15,52.07,100.17127880,324414.8,4141814.269,264455078.2,8944,21.3127951,18127.7393,2.358
2017-01-22,51.82,102.63696611,324441.2,4142667.404,264499509.3,8961,17.8551489,17449.3723,2.326
2017-01-29,52.74,105.97866260,324467.6,4143520.538,264543940.5,8915,17.0295065,17992.1701,2.296
2017-02-05,53.33,103.77691777,324494.0,4144373.673,264588371.6,8978,18.5384080,18252.3005,2.293
2017-02-12,52.88,100.91812235,324528.5,4145226.808,264632802.7,8977,18.4197660,18131.4901,2.307
2017-02-19,53.22,105.59149664,324563.0,4146079.942,264677233.8,9001,17.8754731,16698.2064,2.302
2017-02-26,54.03,105.14408099,324597.5,4146933.077,264721664.9,9032,19.2299761,17485.9312,2.314
2017-03-05,53.56,101.10828751,324632.0,4147786.212,264766096.0,9088,16.6189077,18506.3788,2.341
2017-03-12,50.50,98.79856273,324669.8,4148639.346,264810527.2,9109,17.4836103,17851.7895,2.323
2017-03-19,48.03,104.88388649,324707.5,4149492.481,264854958.3,9129,16.2552361,17783.9718,2.321
2017-03-26,47.28,102.20012018,324745.3,4150345.615,264899389.4,9147,15.2870888,16785.3275,2.315
2017-04-02,49.14,106.11032515,324783.0,4151198.750,264943820.5,9199,16.1992675,18680.6043,2.360
2017-04-09,51.26,106.47100107,324815.2,4152051.885,264988251.6,9235,18.6321351,18316.8263,2.424
2017-04-16,53.19,116.68882784,324847.4,4152905.019,265032682.7,9252,17.8238818,18362.3390,2.436
2017-04-23,51.09,106.12017725,324879.6,4153758.154,265077113.8,9265,17.2984775,18210.9151,2.449
2017-04-30,49.12,103.58980786,324911.8,4154611.288,265121545.0,9293,16.7997131,17470.0782,2.411
2017-05-07,47.21,108.60741757,324944.0,4155464.423,265165976.1,9314,16.9043169,18288.4234,2.372
2017-05-14,47.04,91.53464959,324987.3,4156317.558,265210407.2,9305,14.9816615,18866.4595,2.369
2017-05-21,49.24,98.11326699,325030.5,4157170.692,265254838.3,9320,15.3009711,17617.1094,2.399
2017-05-28,50.21,104.84047504,325073.8,4158023.827,265299269.4,9342,18.1618807,18567.8127,2.406
2017-06-04,48.48,110.85945919,325117.0,4158876.962,265343700.5,9318,18.7071757,18165.2379,2.414
2017-06-11,46.57,101.87926032,325161.8,4159730.096,265388131.7,9330,18.0653733,18276.3884,2.366
2017-06-18,45.30,98.85982180,325206.5,4160583.231,265432562.8,9350,16.4968232,18581.0270,2.318
2017-06-25,43.09,113.52008307,325251.3,4161436.365,265476993.9,9250,16.7710746,18239.1484,2.288
2017-07-02,44.63,108.91106405,325296.0,4162289.500,265521425.0,9338,16.8796235,17877.0619,2.260
2017-07-09,44.96,103.20998783,325332.0,4163142.635,265565856.1,9397,18.9041908,18361.6845,2.297
2017-07-16,45.51,100.04796998,325368.0,4163995.769,265610287.2,9429,17.2987086,17384.1127,2.278
2017-07-23,46.41,107.87172623,325404.0,4164848.904,265654718.3,9410,16.3393652,17890.0020,2.312
2017-07-30,48.27,108.36407716,325440.0,4165702.038,265699149.5,9430,15.8459591,18007.1977,2.352
2017-08-06,49.52,94.85718702,325476.0,4166555.173,265743580.6,9423,17.1122608,18039.1759,2.378
2017-08-13,49.08,104.01857813,325520.3,4167408.308,265788011.7,9502,16.4822757,17934.4431,2.384
2017-08-20,47.52,100.55236497,325564.5,4168261.442,265832442.8,9528,16.8471558,17886.2793,2.360
2017-08-27,47.68,107.15006688,325608.8,4169114.577,265876873.9,9530,17.1499793,18740.8948,2.399
2017-09-03,46.68,108.09716352,325653.0,4169967.712,265921305.0,8781,20.8184128,17888.8643,2.679
2017-09-10,48.58,95.55726638,325694.8,4170820.846,265965736.2,9353,18.5271319,18023.1615,2.685
2017-09-17,49.07,105.02567224,325736.5,4171673.981,266010167.3,9510,19.3758821,18692.5912,2.634
2017-09-24,50.12,100.67729873,325778.3,4172527.115,266054598.4,9547,20.3522823,17874.2226,2.583
2017-10-01,51.77,103.22694047,325820.0,4173380.250,266099029.5,9561,18.2291612,18181.9979,2.565
2017-10-08,50.23,113.27644389,325849.6,4174233.385,266143460.6,9480,18.9392741,18612.4545,2.504
2017-10-15,50.77,97.63793535,325879.2,4175086.519,266187891.7,8406,18.7450422,19141.2786,2.489
2017-10-22,51.74,105.64680963,325908.8,4175939.654,266232322.8,9507,18.1126519,18424.3440,2.479
2017-10-29,52.51,100.00981562,325938.4,4176792.788,266276754.0,9553,17.8959989,18070.9784,2.488
2017-11-05,54.59,108.86362658,325968.0,4177645.923,266321185.1,9620,15.9212540,18720.8959,2.561
2017-11-12,57.05,99.10971049,326001.0,4178499.058,266365616.2,9645,18.3127707,18752.6350,2.592
2017-11-19,55.81,105.37298400,326034.0,4179352.192,266410047.3,9658,17.5069124,18368.3602,2.568
2017-11-26,57.47,102.23401442,326067.0,4180205.327,266454478.4,9682,18.3879170,19008.4118,2.533
2017-12-03,57.81,103.26772892,326100.0,4181058.462,266498909.5,9707,16.0504608,19125.1939,2.500
2017-12-10,56.92,103.06006015,326123.2,4181911.596,266543340.7,9780,17.8173846,18257.7188,2.485
2017-12-17,57.17,101.58749959,326146.4,4182764.731,266587771.8,9789,19.5380042,18995.5023,2.450
2017-12-24,57.87,99.87644157,326169.6,4183617.865,266632202.9,9754,15.6792764,19065.5548,2.472
2017-12-31,59.88,97.08103327,326192.8,4184471.000,266676634.0,9782,19.2440818,17718.1470,2.520
2018-01-07,61.36,106.04026812,326216.0,4184674.830,266715189.4,9492,17.0642691,18267.8501,2.522
2018-01-14,63.26,94.33708952,326242.8,4184878.660,266753744.8,9750,18.5499297,18236.4320,2.557
2018-01-21,63.77,108.59320573,326269.5,4185082.491,266792300.2,9878,18.0888811,18925.4586,2.567
2018-01-28,65.14,101.54738795,326296.3,4185286.321,266830855.7,9919,18.2246302,18246.4910,2.607
2018-02-04,65.32,110.31121796,326323.0,4185490.151,266869411.1,10251,19.0087349,18881.1816,2.637
2018-02-11,62.01,103.17596153,326351.5,4185693.981,266907966.5,10271,17.5235416,18415.6933,2.607
2018-02-18,60.56,106.57668958,326380.0,4185897.811,266946521.9,10270,18.1006982,19019.4009,2.557
2018-02-25,62.47,101.70146430,326408.5,4186101.642,266985077.3,10283,17.9675299,18325.4978,2.548
2018-03-04,62.07,108.03751239,326437.0,4186305.472,267023632.7,10369,17.8903973,18592.8943,2.560
2018-03-11,61.65,104.49804845,326468.5,4186509.302,267062188.2,10381,18.0941271,18580.8023,2.559
2018-03-18,61.28,96.49760967,326500.0,4186713.132,267100743.6,10407,17.5397413,18561.5828,2.598
2018-03-25,64.11,110.53015498,326531.5,4186916.962,267139299.0,10433,18.5900147,18998.2593,2.648
2018-04-01,64.97,110.72227824,326563.0,4187120.792,267177854.4,10460,16.0587566,19305.5506,2.700
2018-04-08,63.07,103.02739614,326590.2,4187324.623,267216409.8,10525,19.9831425,17377.3369,2.694
2018-04-15,66.02,101.48242576,326617.4,4187528.453,267254965.2,10540,16.7241107,19365.9593,2.747
2018-04-22,67.55,106.93612396,326644.6,4187732.283,267293520.6,10586,16.1719232,17774.8284,2.798
2018-04-29,67.91,94.41468470,326671.8,4187936.113,267332076.1,10619,18.4802654,18487.7412,2.846
2018-05-06,68.38,101.36168944,326699.0,4188139.943,267370631.5,10703,17.7437925,19639.7504,2.845
2018-05-13,70.56,97.22412756,326736.0,4188343.774,267409186.9,10723,16.8362531,18025.3257,2.873
2018-05-20,71.30,103.91036490,326773.0,4188547.604,267447742.3,10725,18.5293326,18867.5384,2.923
2018-05-27,70.98,102.12602654,326810.0,4188751.434,267486297.7,10769,18.4944787,18911.8709,2.962
2018-06-03,66.96,108.83519395,326847.0,4188955.264,267524853.1,10800,16.4214596,18618.2736,2.940
2018-06-10,65.35,104.57635543,326886.5,4189159.094,267563408.5,10900,18.7170516,18686.6277,2.911
2018-06-17,66.21,109.44955628,326926.0,4189362.925,267601964.0,10900,18.5108665,18564.3498,2.879
2018-06-24,66.32,114.90947716,326965.5,4189566.755,267640519.4,10900,18.7289729,18134.2876,2.833
2018-07-01,74.03,102.82544685,327005.0,4189770.585,267679074.8,10900,18.6558523,18936.1973,2.844
2018-07-08,73.73,105.38659824,327037.4,4189974.415,267717630.2,10900,17.1240067,18529.5764,2.857
2018-07-15,71.96,104.11786559,327069.8,4190178.245,267756185.6,11000,17.9283126,18380.1276,2.865
2018-07-22,68.95,103.08893484,327102.2,4190382.075,267794741.0,11000,18.3710903,17966.0990,2.831
2018-07-29,70.01,109.86398637,327134.6,4190585.906,267833296.5,10900,14.5755181,18798.9745,2.846
2018-08-05,69.46,105.56297644,327167.0,4190789.736,267871851.9,10800,17.3668343,18759.8945,2.852
2018-08-12,67.90,109.64403769,327207.3,4190993.566,267910407.3,10900,18.3784677,18967.1524,2.843
2018-08-19,66.15,113.35920200,327247.5,4191197.396,267948962.7,11000,16.2185293,19542.0624,2.821
2018-08-26,68.10,105.28835296,327287.8,4191401.226,267987518.1,11000,18.0030892,19570.1903,2.827
2018-09-02,69.66,104.30762456,327328.0,4191605.057,268026073.5,11000,16.8882535,19063.8441,2.824
2018-09-09,68.51,104.42858821,327357.8,4191808.887,268064628.9,10900,17.8743723,18289.0908,2.833
2018-09-16,68.96,104.73012060,327387.6,4192012.717,268103184.4,11000,17.0926265,19233.9023,2.841
2018-09-23,70.28,107.60514620,327417.4,4192216.547,268141739.8,11100,15.7778497,19493.1853,2.844
2018-09-30,72.84,115.80877681,327447.2,4192420.377,268180295.2,11100,16.2632851,18860.8207,2.866
2018-10-07,75.13,114.50333209,327477.0,4192624.208,268218850.6,11200,16.7987685,19158.9423,2.903
2018-10-14,72.96,102.16368517,327509.5,4192828.038,268257406.0,10900,19.6324793,19478.4272,2.879
2018-10-21,70.24,115.07733701,327542.0,4193031.868,268295961.4,10900,16.5616648,18614.7266,2.841
2018-10-28,67.43,102.98987848,327574.5,4193235.698,268334516.8,11200,19.8527445,18968.2953,2.811
2018-11-04,65.06,105.15254016,327607.0,4193439.528,268373072.3,11600,16.8096659,19468.3849,2.753
2018-11-11,61.57,109.63435804,327635.8,4193643.358,268411627.7,11700,17.7122925,19497.7577,2.686
2018-11-18,56.92,114.60964500,327664.5,4193847.189,268450183.1,11700,17.8336842,17875.7452,2.611
2018-11-25,54.99,101.78543231,327693.3,4194051.019,268488738.5,11700,17.9621335,19270.5500,2.539
2018-12-02,51.01,105.21540567,327722.0,4194254.849,268527293.9,11700,18.0802149,19010.7937,2.451
2018-12-09,52.63,107.52900463,327742.4,4194458.679,268565849.3,11600,16.4186349,18821.0911,2.421
2018-12-16,51.54,97.44173732,327762.8,4194662.509,268604404.8,11600,18.3302991,18570.0561,2.369
2018-12-23,46.98,102.90236883,327783.2,4194866.340,268642960.2,11700,20.8068117,17973.3654,2.321
2018-12-30,45.22,103.25758160,327803.6,4195070.170,268681515.6,11700,19.6432159,18982.0841,2.266
2019-01-06,47.00,105.04440626,327824.0,4195274.000,268720071.0,11700,17.4196729,18379.0867,2.237
2019-01-13,50.78,107.75342896,327848.3,4195162.635,268757435.6,11900,15.3860848,19307.2772,2.247
2019-01-20,51.92,106.37477468,327872.5,4195051.269,268794800.1,11900,16.1896225,18224.1721,2.251
2019-01-27,52.88,104.72152687,327896.8,4194939.904,268832164.7,11900,17.5343552,18026.7771,2.256
2019-02-03,53.63,106.90626775,327921.0,4194828.538,268869529.2,11900,17.1999205,18414.4313,2.254
2019-02-10,53.53,105.82129114,327947.0,4194717.173,268906893.8,11900,18.7070463,18449.1124,2.276
2019-02-17,53.88,99.66828087,327973.0,4194605.808,268944258.3,12000,20.4197186,18325.9153,2.317
2019-02-24,56.74,95.66984602,327999.0,4194494.442,268981622.9,12100,18.1357482,18967.1303,2.390
2019-03-03,56.12,109.41905704,328025.0,4194383.077,269018987.5,12100,16.9278007,18324.0293,2.422
2019-03-10,56.35,116.60335020,328048.0,4194271.712,269056352.0,12000,18.3616925,18927.3807,2.471
2019-03-17,57.81,105.72944693,328071.0,4194160.346,269093716.6,12100,18.1811638,19380.8605,2.548
2019-03-24,59.44,104.56272236,328094.0,4194048.981,269131081.1,12100,19.8330555,18395.2259,2.623
2019-03-31,59.49,111.85633363,328117.0,4193937.615,269168445.7,12200,19.4778883,19236.6542,2.691
2019-04-07,62.36,107.14949804,328140.0,4193826.250,269205810.3,12200,16.9193493,18883.0618,2.745
2019-04-14,64.10,98.91873838,328171.8,4193714.885,269243174.8,12100,16.5729899,18619.0337,2.828
2019-04-21,63.80,101.19744666,328203.5,4193603.519,269280539.4,12200,18.2611399,18843.6272,2.841
2019-04-28,65.28,101.90482840,328235.3,4193492.154,269317903.9,12300,17.6614373,18560.9799,2.887
2019-05-05,62.90,104.64910249,328267.0,4193380.788,269355268.5,12200,18.6245925,19549.7420,2.897
2019-05-12,61.81,106.73116092,328301.3,4193269.423,269392633.0,12100,18.5812564,18708.5699,2.866
2019-05-19,62.10,108.44323570,328335.5,4193158.058,269429997.6,12200,19.8713453,18134.7686,2.852
2019-05-26,60.72,110.74353075,328369.8,4193046.692,269467362.2,12300,17.8448257,18930.3781,2.822
2019-06-02,56.93,109.02181557,328404.0,4192935.327,269504726.7,12400,16.1399885,19653.1354,2.807
2019-06-09,52.97,105.35504917,328435.4,4192823.962,269542091.3,12300,18.3969314,19269.8355,2.732
2019-06-16,52.52,113.87689569,328466.8,4192712.596,269579455.8,12200,17.2977096,18682.3790,2.670
2019-06-23,54.75,114.06887039,328498.2,4192601.231,269616820.4,12100,16.7679108,18896.4601,2.654
2019-06-30,58.38,115.14190826,328529.6,4192489.865,269654184.9,12200,17.0929668,19117.1014,2.713
2019-07-07,57.32,115.26355744,328561.0,4192378.500,269691549.5,12300,18.3165705,19252.6464,2.743
2019-07-14,59.02,113.48611855,328603.3,4192267.135,269728914.1,12000,16.7816974,18672.4667,2.779
2019-07-21,56.74,103.28804234,328645.5,4192155.769,269766278.6,11300,17.5514929,19227.0202,2.750
2019-07-28,56.05,109.94270532,328687.8,4192044.404,269803643.2,12200,17.7516637,18336.8472,2.715
2019-08-04,56.55,108.86752020,328730.0,4191933.038,269841007.7,12300,16.7826200,19290.8821,2.688
2019-08-11,53.28,102.14482444,328771.8,4191821.673,269878372.3,12300,19.1331165,19324.7427,2.624
2019-08-18,55.31,111.81019990,328813.5,4191710.308,269915736.8,12300,18.6472131,19543.9840,2.598
2019-08-25,55.50,101.53506711,328855.3,4191598.942,269953101.4,12500,17.2895808,19292.3202,2.574
2019-09-01,55.21,101.24158282,328897.0,4191487.577,269990466.0,12400,17.2361905,19149.1158,2.563
2019-09-08,55.73,104.45144603,328928.4,4191376.212,270027830.5,12400,18.7755506,20071.9638,2.550
2019-09-15,56.16,111.04663757,328959.8,4191264.846,270065195.1,12400,17.9207031,18151.6651,2.552
2019-09-22,59.33,106.25679897,328991.2,4191153.481,270102559.6,12500,17.3834257,19399.9534,2.654
2019-09-29,56.90,109.18573784,329022.6,4191042.115,270139924.2,12400,17.0748373,18752.7260,2.642
2019-10-06,53.12,111.13178676,329054.0,4190930.750,270177288.8,12600,17.9000578,19310.0170,2.645
2019-10-13,53.27,111.58959780,329088.3,4190819.385,270214653.3,12600,19.3697167,19376.4518,2.629
2019-10-20,53.49,104.66858304,329122.5,4190708.019,270252017.9,12600,16.8746057,19516.2100,2.638
2019-10-27,55.20,109.33052555,329156.8,4190596.654,270289382.4,12600,18.2239461,19073.4334,2.596
2019-11-03,55.17,106.09428675,329191.0,4190485.288,270326747.0,12600,17.6866398,19528.1182,2.605
2019-11-10,56.69,114.79042928,329221.8,4190373.923,270364111.5,12800,17.3109794,19754.4389,2.615
2019-11-17,56.85,116.69401283,329252.5,4190262.558,270401476.1,12800,17.5526784,19405.7312,2.592
2019-11-24,56.90,108.26096053,329283.3,4190151.192,270438840.7,12900,18.3203091,19579.8665,2.579
2019-12-01,58.07,112.08470950,329314.0,4190039.827,270476205.2,12900,17.9418035,19477.3091,2.575
2019-12-08,57.64,109.47120499,329335.8,4189928.462,270513569.8,12800,14.8725286,19750.1111,2.561
2019-12-15,59.25,108.18341101,329357.6,4189817.096,270550934.3,12800,18.6165647,20106.3904,2.536
2019-12-22,60.75,108.70798824,329379.4,4189705.731,270588298.9,12900,16.9627090,20396.2701,2.532
2019-12-29,61.29,105.72584418,329401.2,4189594.365,270625663.4,12900,17.8387504,18812.8854,2.571