week,crude_oil,cpi,us_pop,public_roads,us_urban_pop,oil_production,djus_auto_index,auto_sales,us_real_gdp,usd_mex_exrate,gasoline
2009/1/4,42.4,93.26217751,306035,4059352,244607104,4935,83.77,10.5357317,14476.2498,13.65769958,1.684
2009/1/11,44.46,91.81716915,306085.5,4059506.692,244658433.9,4917,83.06,8.3471243,16075.1555,13.89949989,1.784
2009/1/18,36.73,91.12247455,306136,4059661.385,244709763.8,5052,74.02,8.5740112,15137.1916,14.02509975,1.847
2009/1/25,42.15,87.88814217,306186.5,4059816.077,244761093.7,5045,64.56,8.9619346,15155.344,14.25570011,1.838
2009/2/1,42.7,82.71526479,306237,4059970.769,244812423.6,5235,62.59,9.3488765,15538.1713,14.11919975,1.892
2009/2/8,40.78,93.36764893,306287.3,4060125.462,244863753.5,5327,68.81,9.4859761,15471.4008,14.51669979,1.926
2009/2/15,36.94,88.78971695,306337.5,4060280.154,244915083.4,5323,64.63,9.1676046,14543.0576,14.7816,1.964
2009/2/22,37.15,97.86912526,306387.8,4060434.846,244966413.3,5300,56.43,11.9039,14784.8645,15.33180046,1.909
2009/3/1,41.1,81.81577662,306438,4060589.538,245017743.2,5373,57.12,10.1117351,15104.8933,15.16699982,1.934
2009/3/8,43.18,90.42459927,306479.4,4060744.231,245069073.1,5401,47.91,9.7210142,15138.5438,14.6239996,1.941
2009/3/15,45.66,89.68480464,306520.8,4060898.923,245120403,5414,57.21,8.308458,15889.1075,14.03299999,1.91
2009/3/22,49.49,93.59348474,306562.2,4061053.615,245171732.9,5432,65.02,10.6221963,15121.949,14.33880043,1.962
2009/3/29,52.99,105.508484,306603.6,4061208.308,245223062.8,5480,71.65,7.6269498,15312.9473,13.54179955,2.046
2009/4/5,50.34,97.28367711,306645,4061363,245274392.8,5469,79.32,9.3045116,15389.4132,13.13000011,2.037
2009/4/12,50.46,79.21638417,306699.5,4061517.692,245325722.7,5482,88.05,8.4537849,14744.1587,13.09780025,2.051
2009/4/19,49.86,95.22345837,306754,4061672.385,245377052.6,5421,89.79,9.1553834,14624.3705,13.55049992,2.059
2009/4/26,47.8,90.47665312,306808.5,4061827.077,245428382.5,5269,100.31,9.9355661,15090.7143,13.72599983,2.049
2009/5/3,50.2,83.20526212,306863,4061981.769,245479712.4,5280,103.88,9.8826087,15989.9409,13.02280045,2.078
2009/5/10,55.96,85.39193122,306908.4,4062136.462,245531042.3,5306,109.85,9.6697786,15506.4052,13.23009968,2.24
2009/5/17,57.94,83.63227443,306953.8,4062291.154,245582372.2,5352,97.48,12.1496649,13937.4647,13.18200016,2.309
2009/5/24,60.32,93.41638706,306999.2,4062445.846,245633702.1,5364,97.21,9.7989866,15393.4521,13.13599968,2.435
2009/5/31,64.32,93.09397734,307044.6,4062600.538,245685032,5358,102.71,10.1651066,15139.8865,13.23859978,2.524
2009/6/7,68.11,81.71419687,307090,4062755.231,245736361.9,5358,110.96,9.3332793,14824.8775,13.39430046,2.624
2009/6/14,70.85,86.21467252,307148,4062909.923,245787691.8,5273,108.14,10.0187922,15951.949,13.35550022,2.672
2009/6/21,70.62,87.40114379,307206,4063064.615,245839021.7,5257,103.45,8.1078136,15510.0064,13.2130003,2.691
2009/6/28,68.58,101.0377775,307264,4063219.308,245890351.6,5163,103.11,11.0278534,15441.2667,13.28989983,2.642
2009/7/5,69.32,90.17048156,307322,4063374,245941681.5,5171,104.07,12.0711938,14318.1102,13.67570019,2.612
2009/7/12,61.48,90.0724046,307384,4063528.692,245993011.4,5171,100.98,10.7439899,15632.4616,13.3380003,2.528
2009/7/19,61.29,84.31702617,307446,4063683.385,246044341.3,5176,110.49,8.6067465,14560.4431,13.18700027,2.463
2009/7/26,65.28,95.57834986,307508,4063838.077,246095671.2,5107,122.9,12.8737034,15250.1881,13.17800045,2.503
2009/8/2,67.03,86.47059764,307570,4063992.769,246147001.1,5246,132.89,15.1323109,15728.7843,12.9684,2.557
2009/8/9,71.58,85.09947302,307621.2,4064147.462,246198331,5172,135.59,15.5751287,15456.0037,12.85499954,2.647
2009/8/16,69.64,96.7047074,307672.4,4064302.154,246249660.9,5169,131.37,15.1020776,15473.4785,12.82479954,2.637
2009/8/23,70.8,91.8051863,307723.6,4064456.846,246300990.8,5173,131.97,14.0140785,15673.6288,13.23950005,2.628
2009/8/30,72.37,96.10027591,307774.8,4064611.538,246352320.7,5244,129.77,15.3472252,14918.9904,13.37150002,2.613
2009/9/6,68.39,99.27969399,307826,4064766.231,246403650.6,5266,127.28,8.6323441,14657.4655,13.33199978,2.588
2009/9/13,70.91,88.77604432,307887.3,4064920.923,246454980.5,5304,131.47,9.5634503,15234.8004,13.2421999,2.577
2009/9/20,71.32,84.00207811,307948.5,4065075.615,246506310.4,5300,130.15,10.3617968,15495.1688,13.56200027,2.552
2009/9/27,68.33,98.92698663,308009.8,4065230.308,246557640.3,5375,127.01,9.5126108,15632.2362,13.60849953,2.499
2009/10/4,68.84,98.00536291,308071,4065385,246608970.3,5360,120.95,11.1480943,15510.5532,13.27540016,2.468
2009/10/11,70.8,78.29153384,308125.5,4065539.692,246660300.2,5377,130.96,11.3814092,14646.604,13.10289955,2.489
2009/10/18,75.73,92.18839483,308180,4065694.385,246711630.1,5371,133.76,12.7239323,15028.8582,13.05020046,2.574
2009/10/25,80.06,86.19722836,308234.5,4065849.077,246762960,5357,136.4,8.9956835,15541.84,13.24370003,2.674
2009/11/1,78.47,90.69360801,308289,4066003.769,246814289.9,5391,123.2,10.8825032,15609.6633,13.42479992,2.694
2009/11/8,79,87.17050164,308330.2,4066158.462,246865619.8,5506,132.82,11.5623896,14385.5843,13.02350044,2.666
2009/11/15,78.24,86.39811365,308371.4,4066313.154,246916949.7,5317,140.43,11.6743111,14891.3074,13.06309986,2.629
2009/11/22,78.37,90.57445667,308412.6,4066467.846,246968279.6,5433,141.07,10.5268881,14630.6548,12.88949966,2.639
2009/11/29,76.14,96.35268624,308453.8,4066622.538,247019609.5,5561,141.4,12.2943518,14599.422,12.6402998,2.629
2009/12/6,76.81,94.07435648,308495,4066777.231,247070939.4,5538,144.75,10.4251298,14770.9806,12.88599968,2.634
2009/12/13,71.51,88.27407449,308547.8,4066931.923,247122269.3,5524,145.64,11.5161539,15406.7716,12.84879971,2.599
2009/12/20,71.72,92.27426684,308600.5,4067086.615,247173599.2,5524,149.79,11.0092914,15081.6501,12.86699963,2.589
2009/12/27,74.76,94.0301805,308653.3,4067241.308,247224929.1,5512,153.69,10.4764817,15148.6154,13.08269978,2.607
2010/1/3,79.07,88.11499974,308706,4067396,247276259,5507,151.06,10.4250583,15534.7589,12.67399979,2.665
2010/1/10,82.34,101.191094,308745.6,4067710.846,247325663.6,5496,165.9,11.3029,14962.8161,12.72200012,2.751
2010/1/17,80.06,89.03161573,308785.2,4068025.692,247375068.1,5404,165.88,11.873948,14859.5732,12.94250011,2.739
2010/1/24,76.62,100.843667,308824.8,4068340.538,247424472.7,5421,156.84,11.0762973,15790.1681,13.06849957,2.705
2010/1/31,73.94,88.57147007,308864.4,4068655.385,247473877.2,5403,155.45,11.2681127,15429.9961,13.1619997,2.661
2010/2/7,74.57,90.52992911,308904,4068970.231,247523281.8,5475,155.32,10.4775754,15063.9954,12.9239502,2.652
2010/2/14,73.88,90.38004453,308951.8,4069285.077,247572686.3,5482,158.74,11.679417,15447.2025,12.7840004,2.608
2010/2/21,78.25,96.4859397,308999.5,4069599.923,247622090.9,5505,163.66,9.7486385,15355.1112,12.7595396,2.655
2010/2/28,79.22,88.03761984,309047.3,4069914.769,247671495.5,5510,167.98,10.4944421,15454.6339,12.61149979,2.702
2010/3/7,80.19,94.47680983,309095,4070229.615,247720900,5527,179.65,11.4662654,15151.5728,12.54819965,2.751
2010/3/14,81.76,82.39204397,309141,4070544.462,247770304.6,5540,180.99,12.5525153,15942.4203,12.5618,2.788
2010/3/21,81.44,92.72970304,309187,4070859.308,247819709.1,5536,181.22,13.1925583,15040.2432,12.48799992,2.819
2010/3/28,80.65,93.98854236,309233,4071174.154,247869113.7,5489,186.46,9.8127967,15904.2251,12.28719997,2.798
2010/4/4,83.01,88.60825216,309279,4071489,247918518.3,5473,180.7,10.4012648,15792.1749,12.18840027,2.826
2010/4/11,85.66,82.61586047,309323.5,4071803.846,247967922.8,5475,182.28,11.0185691,16018.1143,12.27350044,2.858
2010/4/18,84.34,91.38056288,309368,4072118.692,248017327.4,5466,188.53,12.3172908,15640.8484,12.17150021,2.86
2010/4/25,82.9,92.8555811,309412.5,4072433.538,248066731.9,5488,198.52,12.7137919,14976.6362,12.29304981,2.849
2010/5/2,84.22,86.77801348,309457,4072748.385,248116136.5,5522,188.55,11.4335769,15231.7161,12.72570038,2.898
2010/5/9,80.24,97.84876971,309494.2,4073063.231,248165541,5533,167.77,13.0085158,15899.9985,12.54349995,2.905
2010/5/16,74.98,106.4794299,309531.4,4073378.077,248214945.6,5516,175.81,11.2123302,16375.2879,12.94869995,2.864
2010/5/23,69.14,90.3334769,309568.6,4073692.923,248264350.2,5540,162.42,11.4734931,15988.5151,12.92539978,2.786
2010/5/30,70.62,99.78878456,309605.8,4074007.769,248313754.7,5320,167.19,13.5783524,15881.5363,12.94610023,2.728
2010/6/6,72.91,87.77526148,309643,4074322.615,248363159.3,5445,162.75,13.4240424,15583.7126,12.64789963,2.725
2010/6/13,73.44,97.01155553,309694,4074637.462,248412563.8,5503,163.04,11.9019141,16092.1281,12.46819973,2.701
2010/6/20,76.7,97.75366223,309745,4074952.308,248461968.4,5501,167.9,10.3848189,15998.8979,12.65019989,2.743
2010/6/27,77.06,89.74121947,309796,4075267.154,248511372.9,5257,159.33,10.9672036,15907.4685,13.04020023,2.757
2010/7/4,74.96,91.01551637,309847,4075582,248560777.5,5414,150.99,13.4496914,16047.5796,12.76210022,2.726
2010/7/11,74.39,95.51953626,309900.3,4075896.846,248610182.1,5352,160.44,12.4401742,15585.5447,12.89610004,2.718
2010/7/18,76.35,93.24812406,309953.5,4076211.692,248659586.6,5460,163.85,11.0977898,15979.7927,12.71749973,2.722
2010/7/25,77.56,90.79952175,310006.8,4076526.538,248708991.2,5486,178.34,11.6015996,15596.6,12.62979984,2.749
2010/8/1,78.12,102.0431123,310060,4076841.385,248758395.7,5440,177.25,12.9457135,16333.6197,12.68480015,2.735
2010/8/8,81.79,96.91661077,310104,4077156.231,248807800.3,5239,182.04,12.2118686,15276.8835,12.72900009,2.783
2010/8/15,78.17,93.30254714,310148,4077471.077,248857204.8,5352,169.95,13.0171101,15676.5751,12.75500011,2.745
2010/8/22,74.84,99.14839083,310192,4077785.923,248906609.4,5511,168.4,11.6697787,15265.5044,13.03199959,2.704
2010/8/29,72.91,87.77409114,310236,4078100.769,248956014,5602,165.12,12.2461583,16779.388,12.93500042,2.682
2010/9/5,74.02,87.38369081,310280,4078415.615,249005418.5,5603,174.57,12.3706246,16006.8378,12.92099953,2.682
2010/9/12,74.82,89.84341169,310332,4078730.462,249054823.1,5573,169.58,11.7856109,15448.046,12.77900028,2.721
2010/9/19,75.62,99.64703212,310384,4079045.308,249104227.6,5556,176.99,12.2313907,15840.9087,12.55099964,2.723
2010/9/26,73.76,93.85839075,310436,4079360.154,249153632.2,5562,180.56,10.2303625,16312.6123,12.53299999,2.694
2010/10/3,78.41,92.73808533,310488,4079675,249203036.8,5514,180.96,13.1704693,16039.4738,12.40699959,2.732
2010/10/10,82.29,92.22447223,310525.8,4079989.846,249252441.3,5528,193.45,13.1403595,15534.2244,12.43099976,2.819
2010/10/17,82.16,101.456396,310563.6,4080304.692,249301845.9,5536,198.25,11.6282874,15827.462,12.34500027,2.834
2010/10/24,81.15,98.77619314,310601.4,4080619.538,249351250.4,5540,199.92,13.4915819,15720.5772,12.34200001,2.817
2010/10/31,82.03,93.54932475,310639.2,4080934.385,249400655,5593,202.41,12.5953469,15485.6112,12.19799995,2.806
2010/11/7,84.93,91.13958834,310677,4081249.231,249450059.5,5596,220.83,12.106404,16042.6191,12.33699989,2.865
2010/11/14,86.91,105.4751429,310722.3,4081564.077,249499464.1,5597,218.54,14.3172822,15037.1392,12.26200008,2.892
2010/11/21,82.23,92.98283194,310767.5,4081878.923,249548868.7,5581,219.76,12.058846,15526.2135,12.47840023,2.876
2010/11/28,82.28,92.79205598,310812.8,4082193.769,249598273.2,5555,219.96,11.4903634,15129.0396,12.32999992,2.856
2010/12/5,86.75,92.2092891,310858,4082508.615,249647677.8,5582,231.56,10.1867698,15887.3876,12.44349957,2.958
2010/12/12,88.5,87.7376335,310899.3,4082823.462,249697082.3,5604,231.9,10.9063521,15268.5188,12.40699959,2.98
2010/12/19,88.27,91.70188198,310940.5,4083138.308,249746486.9,5598,235.21,12.7314122,15969.9734,12.35490036,2.982
2010/12/26,89.66,95.60240769,310981.8,4083453.154,249795891.4,5575,236.73,12.0889438,15611.604,12.33160019,3.052
2011/1/2,90.97,85.12385585,311023,4083768,249845296,5598,238.32,13.0808131,15384.7065,12.22999954,3.07
2011/1/9,89.54,91.61319758,311053,4083973.365,249890321,5575,252.15,11.431758,15379.6652,12.0340004,3.089
2011/1/16,91.02,95.37553391,311083,4084178.731,249935346,5205,255.04,13.1758102,14745.51,12.0539999,3.104
2011/1/23,89.75,97.67573802,311113,4084384.096,249980371,5321,245.32,11.2053923,15388.0152,12.20100021,3.11
2011/1/30,86.11,91.16231109,311143,4084589.462,250025396,5568,237.74,13.8954475,15460.6456,11.97399998,3.101
2011/2/6,89.52,98.56489158,311173,4084794.827,250070421,5597,236.25,11.2182736,15432.4585,12.02299976,3.132
2011/2/13,85.51,94.63132579,311213,4085000.192,250115446,5610,248.53,12.716731,16243.3294,12.02600002,3.14
2011/2/20,84.13,92.59325056,311253,4085205.558,250160471,5604,247.3,13.657576,15984.6669,12.11600018,3.189
2011/2/27,95.26,98.97174134,311293,4085410.923,250205496,5591,234.87,11.784543,15391.061,12,3.383
2011/3/6,101.05,88.97514462,311333,4085616.288,250250521,5593,231.25,14.3172074,15357.8434,11.9119997,3.52
2011/3/13,103.74,105.9117041,311375.3,4085821.654,250295546,5591,228.93,13.4960834,16173.7208,12.03999996,3.567
2011/3/20,99.79,89.89844163,311417.5,4086027.019,250340571,5570,226.24,13.6370158,15552.6635,11.98900032,3.562
2011/3/27,104.41,89.38224897,311459.8,4086232.385,250385596,5568,233.26,13.7672233,15547.6435,11.83399963,3.596
2011/4/3,105.08,97.53353611,311502,4086437.75,250430621,5638,237.43,12.6428915,16537.3485,11.72299957,3.684
2011/4/10,109.29,91.5369343,311546,4086643.115,250475646,5635,232.33,13.1428134,16142.5291,11.65100002,3.791
2011/4/17,107.75,96.13920112,311590,4086848.481,250520671,5625,225.37,13.0600602,15857.377,11.58899975,3.844
2011/4/24,109.11,92.36870636,311634,4087053.846,250565696,5610,235.17,13.3444301,15135.7836,11.49300003,3.879
2011/5/1,112.3,102.8306486,311678,4087259.212,250610721,5623,239.21,12.6251797,15704.5697,11.61499977,3.963
2011/5/8,105.84,94.79424379,311716.8,4087464.577,250655746,5609,234.77,11.4752336,15301.8827,11.7329998,3.965
2011/5/15,99.87,104.0617748,311755.6,4087669.942,250700771,5618,232.58,13.1765945,15545.4237,11.63599968,3.96
2011/5/22,97.99,88.29811159,311794.4,4087875.308,250745796,5583,229.78,11.4458394,15434.1135,11.60000038,3.849
2011/5/29,99.55,98.48285868,311833.2,4088080.673,250790821,5609,228.83,14.6078197,16172.618,11.65999985,3.794
2011/6/5,100.92,94.27182906,311872,4088286.038,250835846,5633,219.34,12.8979112,15806.2516,11.89299965,3.781
2011/6/12,100.05,91.18156369,311923.3,4088491.404,250880871,5643,210.91,12.6654798,15676.8018,11.90400028,3.713
2011/6/19,95.87,98.67527499,311974.5,4088696.769,250925896,5650,211.37,11.3448442,15388.931,11.89900017,3.652
2011/6/26,92.7,88.36761475,312025.8,4088902.135,250970921,5593,220.91,10.0564226,15798.2541,11.61600018,3.574
2011/7/3,93.7,89.09390787,312077,4089107.5,251015946,5520,234.31,12.0506962,15902.5329,11.62100029,3.579
2011/7/10,97.12,93.57203316,312120,4089312.865,251060971,5578,234.81,12.0862151,15060.3643,11.71800041,3.641
2011/7/17,96.72,89.16468825,312163,4089518.231,251105996,5591,225.09,12.9286176,15328.8538,11.64799976,3.682
2011/7/24,98.01,87.39012008,312206,4089723.596,251151021,5377,227.26,13.1895079,16434.0781,11.68599987,3.699
2011/7/31,97.83,90.20347671,312249,4089928.962,251196046,5523,211.15,12.791618,15718.9356,12.07190037,3.711
2011/8/7,90.85,91.45875445,312292,4090134.327,251241071,5529,188.42,14.4585685,15863.1204,12.28590012,3.674
2011/8/14,82.86,87.43479726,312346.3,4090339.692,251286096,5561,188.47,12.3741345,15767.4071,12.28899956,3.604
2011/8/21,85.36,93.81924716,312400.5,4090545.058,251331121,5591,166.96,11.9639779,16228.7979,12.44040012,3.581
2011/8/28,85.06,100.7258747,312454.8,4090750.423,251376146,5598,176.76,13.7085687,15297.2045,12.41219997,3.627
2011/9/4,88.07,91.33917123,312509,4090955.788,251421171,5642,176.71,13.0377557,16152.06,12.70199966,3.674
2011/9/11,87.91,102.554978,312558.8,4091161.154,251466196,5083,171.12,14.2153525,15755.921,13.0692997,3.661
2011/9/18,88.93,92.11425131,312608.5,4091366.519,251511221,5747,180.21,13.2431098,16194.371,13.58199978,3.601
2011/9/25,83.65,93.40241935,312658.3,4091571.885,251556246,5756,162.86,13.6937013,15958.9082,13.90699959,3.509
2011/10/2,81.18,94.40906865,312708,4091777.25,251601271,5800,161.7,13.5876353,16075.8095,13.43799973,3.433
2011/10/9,79.43,88.78584009,312744.2,4091982.615,251646296,5878,174.12,13.6525856,16417.9639,13.25699997,3.417
2011/10/16,85.35,94.50447127,312780.4,4092187.981,251691321,5891,191.07,14.4514419,15593.0872,13.6590004,3.476
2011/10/23,86.82,99.65992142,312816.6,4092393.346,251736346,5876,196.67,15.3771803,15799.3535,13.03649998,3.462
2011/10/30,92.32,106.2519762,312852.8,4092598.712,251781371,5818,202.66,13.7176366,16175.0073,13.4289999,3.452
2011/11/6,93.24,91.42697787,312889,4092804.077,251826396,5846,193.19,14.7679258,16124.0897,13.43500042,3.424
2011/11/13,96.97,103.3966155,312932.8,4093009.442,251871421,5894,189.43,12.6313796,16119.7349,13.74499989,3.436
2011/11/20,99.32,97.02781061,312976.5,4093214.808,251916446,5887,175.51,13.1201844,16476.6469,14.14500046,3.368
2011/11/27,96.89,95.8528238,313020.3,4093420.173,251961471,5864,166.98,15.4292138,17003.4185,13.50800037,3.307
2011/12/4,99.91,85.41079487,313064,4093625.538,252006496,5861,185.39,12.7191134,15246.8292,13.57999992,3.29
2011/12/11,100.08,103.8466567,313104.8,4093830.904,252051521,5862,186.03,15.3988283,15573.4213,13.80480003,3.286
2011/12/18,96.06,97.9365738,313145.5,4094036.269,252096546,5862,173.08,14.035889,15728.7424,13.84599972,3.229
2011/12/25,97.74,87.20546254,313186.3,4094241.635,252141571,5846,183.58,15.9118676,15456.5397,13.94099998,3.258
2012/1/1,99.81,100.8344293,313227,4094447,252186596,5851,181.94,14.9756859,16493.9902,13.74499989,3.299
2012/1/8,102.39,100.8576327,313258.2,4094413.981,252232556.9,5844,193.58,14.9744418,16015.6413,13.60299969,3.382
2012/1/15,100.43,94.74224494,313289.4,4094380.962,252278517.7,5726,199.82,14.5440709,16121.6768,13.1789999,3.391
2012/1/22,99.95,84.87043842,313320.6,4094347.942,252324478.6,5722,201.85,13.8141288,16108.5517,12.90970039,3.389
2012/1/29,99.35,94.1137605,313351.8,4094314.923,252370439.5,5720,200.48,12.8284472,16234.2863,12.6789999,3.439
2012/2/5,97.8,102.7415299,313383,4094281.904,252416400.3,5763,210.42,16.5591345,15537.094,12.72329998,3.482
2012/2/12,98.56,89.30503745,313423.8,4094248.885,252462361.2,5819,206.4,15.4451036,16876.8085,12.6935997,3.523
2012/2/19,101.73,95.35810782,313464.5,4094215.865,252508322.1,5817,215.1,14.7134882,16302.9858,12.89500046,3.591
2012/2/26,107.18,103.5736136,313505.3,4094182.846,252554282.9,5814,208.42,14.3985191,15517.5616,12.75370026,3.721
2012/3/4,107.52,100.4463434,313546,4094149.827,252600243.8,5806,211.48,16.2361116,16105.4307,12.65400028,3.793
2012/3/11,106.32,91.10907088,313587,4094116.808,252646204.7,5830,208.34,15.030151,16297.4069,12.64799976,3.829
2012/3/18,106.15,104.4784736,313628,4094083.788,252692165.5,5826,210.04,14.7054485,16291.0067,12.74919987,3.867
2012/3/25,106.41,85.53936338,313669,4094050.769,252738126.4,5821,206.55,14.9290147,15489.7,12.76500034,3.918
2012/4/1,105.12,91.50587306,313710,4094017.75,252784087.3,6049,208.44,15.488429,16404.6709,13.01659966,3.941
2012/4/8,103.52,96.24904544,313744.6,4093984.731,252830048.1,6040,206.05,14.9326699,16184.564,13.1789999,3.939
2012/4/15,102.55,88.27132171,313779.2,4093951.712,252876009,6043,200.71,16.1259667,15844.0428,13.10599995,3.922
2012/4/22,103.15,98.32098899,313813.8,4093918.692,252921969.8,6113,197.88,15.4152066,15580.8267,12.95269966,3.87
2012/4/29,103.78,100.8103114,313848.4,4093885.673,252967930.7,6121,202.44,17.6069161,16244.9288,13.29059982,3.83
2012/5/6,103.47,101.2428577,313883,4093852.654,253013891.6,6136,192.86,16.6085117,16246.5675,13.56260014,3.79
2012/5/13,96.98,104.5974532,313930.3,4093819.635,253059852.4,6149,190.92,14.9835073,15940.936,13.84700012,3.754
2012/5/20,93.11,102.4219233,313977.5,4093786.615,253105813.3,6239,178.58,14.4566026,16348.2457,13.99100018,3.715
2012/5/27,90.88,102.7180372,314024.8,4093753.596,253151774.2,6227,186.89,13.8118264,16047.2399,14.29349995,3.67
2012/6/3,87.06,101.4878821,314072,4093720.577,253197735,6245,178.55,17.2020856,16702.6044,13.84329987,3.613
2012/6/10,84.43,100.0710143,314122,4093687.558,253243695.9,6236,184.87,14.7751727,16280.1563,13.81890011,3.572
2012/6/17,83.27,102.4727707,314172,4093654.538,253289656.8,6353,180.24,14.8532157,16057.0153,13.82800007,3.533
2012/6/24,81.11,101.7825524,314222,4093621.519,253335617.6,6257,178.14,14.024746,15773.4179,13.25660038,3.437
2012/7/1,80.23,103.113608,314272,4093588.5,253381578.5,6094,173.15,12.5912253,16030.146,13.40970039,3.356
2012/7/8,85.74,101.9204555,314315.4,4093555.481,253427539.4,6249,172.39,15.1274327,16423.7318,13.29189968,3.411
2012/7/15,85.78,93.60803967,314358.8,4093522.462,253473500.2,6245,169.74,15.2756962,16331.9283,13.3512001,3.427
2012/7/22,90.34,103.2661353,314402.2,4093489.442,253519461.1,6364,167.28,13.6337539,16487.7803,13.22379971,3.494
2012/7/29,88.88,93.02137596,314445.6,4093456.423,253565422,6320,167.19,14.556843,15754.7608,13.10680008,3.508
2012/8/5,89.1,103.685578,314489,4093423.404,253611382.8,6218,166.98,14.7233905,15482.4177,13.09360027,3.645
2012/8/12,93.14,98.31994151,314542.5,4093390.385,253657343.7,6181,173.75,14.8946762,16216.0751,13.13210011,3.721
2012/8/19,94.43,99.89923182,314596,4093357.365,253703304.6,6246,179.54,15.1114299,15871.5569,13.17210007,3.744
2012/8/26,96.22,87.08124169,314649.5,4093324.346,253749265.4,6258,176.07,14.3985496,15686.4227,13.20330048,3.776
2012/9/2,95.68,90.86348936,314703,4093291.327,253795226.3,5486,175.76,15.4283497,16054.4157,12.96360016,3.843
2012/9/9,95.68,96.81609435,314743.4,4093258.308,253841187.2,5526,185.68,16.2437234,16624.6403,12.72019958,3.847
2012/9/16,97.56,96.40979599,314783.8,4093225.288,253887148,6277,192.27,14.8746384,15901.5808,12.85400009,3.878
2012/9/23,93.7,102.3303029,314824.2,4093192.269,253933108.9,6509,186.84,18.0530235,16040.2228,12.86149979,3.826
2012/9/30,91.35,97.29661923,314864.6,4093159.25,253979069.8,6520,178.16,13.9783394,15994.1575,12.78069973,3.804
2012/10/7,90.81,94.16000785,314905,4093126.231,254025030.6,6598,185.51,14.9290299,16831.5669,12.86130047,3.85
2012/10/14,91.42,101.9154831,314951.8,4093093.212,254070991.5,6606,180.16,14.8560664,16316.7589,12.87759972,3.819
2012/10/21,91.59,92.83504106,314998.5,4093060.192,254116952.3,6610,182.47,14.5767437,16559.6735,13.02120018,3.687
2012/10/28,86.35,94.58688,315045.3,4093027.173,254162913.2,6669,181.29,12.4627821,16548.2616,13.02560043,3.568
2012/11/4,85.87,101.969105,315092,4092994.154,254208874.1,6677,191.89,15.0374122,16344.9029,13.18939972,3.492
2012/11/11,85.98,95.76909962,315133.5,4092961.135,254254834.9,6709,187.54,16.0369013,16083.896,13.11550045,3.449
2012/11/18,85.87,97.06359921,315175,4092928.115,254300795.8,6710,182.69,15.2038351,16594.3665,12.96889973,3.429
2012/11/25,87.4,98.52213978,315216.5,4092895.096,254346756.7,6818,193.37,15.1419614,15775.3018,12.9460001,3.437
2012/12/2,87.27,100.7900293,315258,4092862.077,254392717.5,6817,197.24,16.3971614,16543.8479,12.82919979,3.394
2012/12/9,87,101.5667537,315286.4,4092829.058,254438678.4,6852,197.24,12.5037193,16383.1521,12.74349976,3.349
2012/12/16,85.71,103.5383042,315314.8,4092796.038,254484639.3,6863,194.41,16.3978249,17156.7479,12.94079971,3.254
2012/12/23,88.24,108.2947356,315343.2,4092763.019,254530600.1,6984,204.95,16.1860206,15779.4047,13.01949978,3.257
2012/12/30,90.14,88.50436053,315371.6,4092730,254576561,6985,209.94,15.6295016,15893.4696,12.72579956,3.298
2013/1/6,92.77,98.21817185,315400,4093158.906,254620394.4,7002,220.94,17.6233776,15761.321,12.64159966,3.299
2013/1/13,93.38,93.9138656,315433.8,4093587.811,254664227.8,7041,223.65,16.1669528,15900.5121,12.65460014,3.303
2013/1/20,94.58,97.47773873,315467.5,4094016.717,254708061.1,6989,224.49,15.9624459,15975.044,12.66829967,3.315
2013/1/27,95.41,97.03000495,315501.3,4094445.623,254751894.5,6993,224.49,14.9970215,16764.116,12.60499954,3.357
2013/2/3,97.33,91.68334,315535,4094874.528,254795727.9,6997,219.96,15.9618489,16765.9727,12.7258997,3.538
2013/2/10,96.18,98.83349424,315571.8,4095303.434,254839561.3,7064,222.33,15.9596229,16503.0195,12.68620014,3.611
2013/2/17,96.95,98.6156475,315608.5,4095732.34,254883394.6,7118,222.99,15.2805572,16181.6427,12.70769978,3.747
2013/2/24,94.38,103.1310421,315645.3,4096161.245,254927228,7096,216.02,16.5482322,16787.2598,12.74489975,3.784
2013/3/3,92.19,94.05895677,315682,4096590.151,254971061.4,7093,216.47,13.5386507,16724.6811,12.62370014,3.759
2013/3/10,91,95.96423485,315713.8,4097019.057,255014894.8,7159,225.25,16.5046889,16306.8079,12.50349998,3.71
2013/3/17,92.7,95.71049775,315745.6,4097447.962,255058728.2,7150,230.04,16.8991284,15623.3633,12.33679962,3.696
2013/3/24,93.05,96.58103585,315777.4,4097876.868,255102561.5,7151,226.68,14.3948279,16982.8706,12.32330036,3.68
2013/3/31,96.08,98.00065286,315809.2,4098305.774,255146394.9,7151,227.24,15.4229723,16482.5239,12.19079971,3.645
2013/4/7,95.07,95.29966728,315841,4098734.679,255190228.3,7181,218.01,16.4187117,17126.4134,12.07750034,3.608
2013/4/14,93.36,91.72503784,315884.8,4099163.585,255234061.7,7208,229.6,17.0664795,16907.3576,12.24510002,3.542
2013/4/21,88,103.5286856,315928.5,4099592.491,255277895,7326,221.1,15.7427877,16706.4485,12.14249992,3.536
2013/4/28,91,96.07586713,315972.3,4100021.396,255321728.4,7312,234.52,15.9223292,16226.3611,12.0600996,3.52
2013/5/5,93.4,101.6885153,316016,4100450.302,255365561.8,7369,239.66,16.4558959,16419.6909,12.10949993,3.538
2013/5/12,95.84,107.4929943,316062.5,4100879.208,255409395.2,7321,246.24,16.0107124,15732.8176,12.34130001,3.603
2013/5/19,94.65,91.54202997,316109,4101308.113,255453228.5,7258,260.03,16.5380678,16041.5589,12.53569984,3.673
2013/5/26,94.76,105.379898,316155.5,4101737.019,255497061.9,7292,255.06,17.2240497,16422.4228,12.8085804,3.645
2013/6/2,93.32,101.7955231,316202,4102165.925,255540895.3,7300,260.33,14.5925922,16397.4325,12.76679993,3.646
2013/6/9,94.25,99.74724324,316242.6,4102594.83,255584728.7,7224,263.01,15.3391167,16556.2395,12.72060013,3.655
2013/6/16,96.36,86.34025868,316283.2,4103023.736,255628562.1,7129,262.09,16.1888722,17265.5219,13.29389954,3.626
2013/6/23,96.65,95.03758319,316323.8,4103452.642,255672395.4,7261,252.78,17.2207335,17085.2871,12.97200012,3.577
2013/6/30,95.83,98.26545882,316364.4,4103881.547,255716228.8,7267,261.49,17.1046904,16300.845,13.06369972,3.496
2013/7/7,100.65,110.1981998,316405,4104310.453,255760062.2,7401,273.12,17.388902,16346.0782,12.80869961,3.492
2013/7/14,104.7,102.6389183,316460.5,4104739.358,255803895.6,7490,281.68,16.9371061,16279.8921,12.50889969,3.639
2013/7/21,106.88,94.0678199,316516,4105168.264,255847728.9,7555,282.65,15.7464526,16468.106,12.65530014,3.682
2013/7/28,105.88,97.11438591,316571.5,4105597.17,255891562.3,7542,284.83,14.8489753,16887.7823,12.64560032,3.646
2013/8/4,105.54,100.7449322,316627,4106026.075,255935395.7,7560,293.6,13.6523927,15741.7794,12.59130001,3.632
2013/8/11,105.17,92.13072215,316681.8,4106454.981,255979229.1,7571,291.19,13.8131258,16525.362,12.90970039,3.561
2013/8/18,106.97,104.1960011,316736.5,4106883.887,256023062.5,7518,282.94,14.6566715,16553.0908,12.99209976,3.55
2013/8/25,105.48,94.36894436,316791.3,4107312.792,256066895.8,7609,288.85,14.6439766,16653.9312,13.34687996,3.552
2013/9/1,108.33,92.02384393,316846,4107741.698,256110729.2,7621,284.27,15.4751798,16302.7904,13.21681023,3.608
2013/9/8,108.77,95.07065529,316887.8,4108170.604,256154562.6,7745,293.9,15.9165613,17501.0731,12.94048977,3.587
2013/9/15,108.36,90.61035351,316929.6,4108599.509,256198396,7827,298.47,16.0246749,16474.6294,12.85492039,3.547
2013/9/22,106.22,92.09819293,316971.4,4109028.415,256242229.3,7777,303.71,15.8702699,16157.6957,13.15013981,3.495
2013/9/29,103.1,102.451929,317013.2,4109457.321,256286062.7,7784,302.5,16.6585224,17539.744,13.08819962,3.425
2013/10/6,103.14,107.2075593,317055,4109886.226,256329896.1,7809,301.65,16.0878873,16205.964,13.03300953,3.367
2013/10/13,102.7,94.24672894,317103.3,4110315.132,256373729.5,7428,300.96,17.9511996,16699.1282,12.83742046,3.354
2013/10/20,101.51,94.40833821,317151.5,4110744.038,256417562.8,7896,307.71,15.7428999,16677.6673,12.86122036,3.36
2013/10/27,97.57,96.24124015,317199.8,4111172.943,256461396.2,7853,306.31,16.8553828,16827.8499,13.05107975,3.294
2013/11/3,96.94,103.6613174,317248,4111601.849,256505229.6,7858,303.33,16.9972392,17440.9046,13.18083954,3.265
2013/11/10,94.31,95.26131162,317293.3,4112030.755,256549063,7981,300.35,15.1897498,16827.1183,12.92298985,3.194
2013/11/17,93.94,89.45372761,317338.5,4112459.66,256592896.4,7974,308.96,15.5159867,16532.4439,12.97097969,3.219
2013/11/24,93.92,96.39615146,317383.8,4112888.566,256636729.7,8019,307.63,16.5395281,16887.9417,13.13123989,3.293
2013/12/1,92.97,99.94666136,317429,4113317.472,256680563.1,8011,311.16,17.7055532,15755.9376,12.90079975,3.272
2013/12/8,96.21,90.69010523,317462.8,4113746.377,256724396.5,8075,311.55,15.8252276,17116.3576,12.87228012,3.269
2013/12/15,97.23,97.83418291,317496.6,4114175.283,256768229.9,8058,310.81,17.6091235,16457.8309,12.95505047,3.239
2013/12/22,97.85,104.4135387,317530.4,4114604.189,256812063.2,8111,306.82,15.8208827,16447.5813,13.05457973,3.271
2013/12/29,99.15,96.26283425,317564.2,4115033.094,256855896.6,8121,309.28,14.0854538,15555.7173,13.0890398,3.331
2014/1/5,96.47,101.375409,317598,4115462,256899730,8145,306.78,15.7196173,16351.7486,12.96800041,3.332
2014/1/12,92.42,98.04241169,317638,4116977.288,256947066.2,8159,313.97,14.8726414,17925.0433,13.23359966,3.327
2014/1/19,92.98,89.03337899,317678,4118492.577,256994402.3,8052,314.06,15.027838,16562.2919,13.43010044,3.296
2014/1/26,96.19,103.6703522,317718,4120007.865,257041738.5,8044,301.13,14.4865719,16291.159,13.35663986,3.295
2014/2/2,97.29,107.3192001,317758,4121523.154,257089074.6,8044,295.31,16.0226093,16810.8167,13.27165031,3.292
2014/2/9,97.78,105.9653355,317799.5,4123038.442,257136410.8,8132,298.17,15.7192501,16151.2985,13.22000027,3.309
2014/2/16,100.21,99.92130487,317841,4124553.731,257183746.9,8148,308.11,16.6759657,17048.9419,13.2435503,3.38
2014/2/23,102.93,116.7524916,317882.5,4126069.019,257231083.1,8059,313.16,16.7181023,16871.063,13.31914997,3.444
2014/3/2,102.77,99.08737898,317924,4127584.308,257278419.2,8077,317.13,18.1964454,17161.8674,13.19244003,3.479
2014/3/9,103.07,107.6881944,317958.8,4129099.596,257325755.4,8182,321.37,15.2537545,15930.3126,13.23176003,3.512
2014/3/16,99.55,95.35213468,317993.6,4130614.885,257373091.5,8215,307.17,18.1369432,17658.0965,13.2264204,3.547
2014/3/23,99.77,94.23239185,318028.4,4132130.173,257420427.7,8190,312.8,15.164812,16765.5011,13.05914974,3.549
2014/3/30,100.66,108.359146,318063.2,4133645.462,257467763.8,8192,308.54,15.1356628,17071.099,13.00549984,3.579
2014/4/6,100.46,102.334391,318098,4135160.75,257515100,8229,315.08,16.1110741,16638.8406,13.05165005,3.596
2014/4/13,102.72,100.8584423,318144.5,4136676.038,257562436.2,8301,302.15,17.1839768,16950.1257,13.04662037,3.651
2014/4/20,103.95,93.52183682,318191,4138191.327,257609772.3,8360,311.94,16.8872533,16317.6204,13.12952042,3.683
2014/4/27,102.11,101.4863327,318237.5,4139706.615,257657108.5,8352,309.21,16.9377525,16744.8287,12.99053955,3.713
2014/5/4,100.51,100.8203017,318284,4141221.904,257704444.6,8350,314.17,17.0099807,16919.2929,12.94841003,3.684
2014/5/11,100.29,98.35054699,318332.8,4142737.192,257751780.8,8428,306.81,16.0205732,16824.8318,12.89710999,3.668
2014/5/18,101.92,94.88613225,318381.5,4144252.481,257799116.9,8434,308.02,18.3248514,17376.4842,12.85859013,3.665
2014/5/25,103.82,99.85284346,318430.3,4145767.769,257846453.1,8472,316.11,17.1783693,17485.8577,12.85282993,3.674
2014/6/1,103.95,103.9609727,318479,4147283.058,257893789.2,8383,319.88,16.8160307,17556.7739,12.93326378,3.69
2014/6/8,103.23,105.5248803,318521.6,4148798.346,257941125.4,8460,330.67,17.4455095,17620.705,13,3.674
2014/6/15,105.97,105.3606227,318564.2,4150313.635,257988461.5,8477,322.31,17.9620985,16930.2212,12.97725964,3.686
2014/6/22,107.23,96.36622953,318606.8,4151828.923,258035797.7,8446,328.55,20.1036413,17004.8187,12.97148991,3.704
2014/6/29,106.69,99.5232546,318649.4,4153344.212,258083133.8,8442,332.48,17.6908988,17638.1121,12.97002029,3.704
2014/7/6,105.52,102.4002173,318692,4154859.5,258130470,8514,336.96,16.4995489,17540.8927,12.98279953,3.678
2014/7/13,103.25,97.12345096,318749.3,4156374.788,258177806.2,8592,336.01,18.2076662,16870.4765,12.96580029,3.635
2014/7/20,102.37,93.71954036,318806.5,4157890.077,258225142.3,8565,334.33,18.3204973,17638.6704,12.94274998,3.593
2014/7/27,104.35,101.1350283,318863.8,4159405.365,258272478.5,8443,330.02,16.9024056,17664.9374,13.1993103,3.539
2014/8/3,102.19,109.1380987,318921,4160920.654,258319814.6,8453,317.1,17.4564527,16709.8754,13.25378036,3.515
2014/8/10,97.5,94.79661283,318966.6,4162435.942,258367150.8,8556,323.12,15.9569307,17534.8012,13.05126953,3.505
2014/8/17,97.17,104.0115056,319012.2,4163951.231,258414486.9,8577,325.64,17.5059454,17490.3361,13.13844013,3.472
2014/8/24,94.95,107.6259687,319057.8,4165466.519,258461823.1,8631,328.2,14.9375402,17469.9212,13.06933975,3.454
2014/8/31,96.25,98.83935223,319103.4,4166981.808,258509159.2,8630,332.08,16.2054036,16816.1731,13.03518009,3.459
2014/9/7,94.06,103.6884957,319149,4168497.096,258556495.4,8590,332.13,19.3167796,17527.4636,13.24256992,3.457
2014/9/14,92.43,104.4974849,319203.5,4170012.385,258603831.5,8838,324.75,17.9603749,16583.9414,13.20621967,3.408
2014/9/21,93.52,95.99513078,319258,4171527.673,258651167.7,8867,319.66,18.7190053,16756.1711,13.46045017,3.353
2014/9/28,93.15,93.01280982,319312.5,4173042.962,258698503.8,8837,311.61,17.9819039,17479.7966,13.48143005,3.354
2014/10/5,91.44,105.8436119,319367,4174558.25,258745840,8875,303.94,18.1264566,17155.6176,13.46930027,3.299
2014/10/12,87.63,100.7456375,319415.5,4176073.538,258793176.2,8951,284.71,15.7400644,17295.8152,13.54183006,3.207
2014/10/19,82.88,96.12066197,319464,4177588.827,258840512.3,8934,287.63,15.9190871,17494.8654,13.56099987,3.12
2014/10/26,82.12,98.79206371,319512.5,4179104.115,258887848.5,8970,295.37,18.319628,17331.0697,13.47889996,3.056
2014/11/2,81.29,101.3542704,319561,4180619.404,258935184.6,8972,306.29,18.3968568,17208.5342,13.52299976,2.993
2014/11/9,78.24,98.83268465,319597.2,4182134.692,258982520.8,9063,309.91,14.3852443,17685.1818,13.5301199,2.941
2014/11/16,76.5,92.84353906,319633.4,4183649.981,259029856.9,9004,318.16,15.9468495,18097.4767,13.62685013,2.894
2014/11/23,75.38,92.11492903,319669.6,4185165.269,259077193.1,9077,321.35,15.6406875,17012.4257,13.93400002,2.821
2014/11/30,72.36,102.8039144,319705.8,4186680.558,259124529.2,9083,325.39,17.0144596,17045.3255,14.36100006,2.778
2014/12/7,67.18,93.47211274,319742,4188195.846,259171865.4,9118,325.61,18.3818952,17450.1172,14.73707008,2.679
2014/12/14,61.14,106.422783,319782.5,4189711.135,259219201.5,9137,307.92,16.5053273,16605.5953,14.58399963,2.554
2014/12/21,55.89,96.84195701,319823,4191226.423,259266537.7,9127,317.62,14.1529276,16911.8601,14.7111702,2.403
2014/12/28,55.58,91.31771818,319863.5,4192741.712,259313873.8,9121,324.02,17.8968519,17727.3332,14.84360027,2.299
2015/1/4,53.44,95.60916794,319904,4194257,259361210,9132,322.45,17.2288071,16951.2619,14.57075977,2.214
2015/1/11,48.77,98.37789795,319941.3,4193817.769,259409378,9192,317.11,17.3837221,17182.3176,14.55733013,2.139
2015/1/18,47.07,100.6356014,319978.5,4193378.538,259457545.9,9186,305.23,16.6387127,18026.0065,14.67800045,2.066
2015/1/25,46.46,104.5487905,320015.8,4192939.308,259505713.9,9213,311.87,18.2920283,17283.4655,14.95149994,2.044
2015/2/1,45.32,104.3540247,320053,4192500.077,259553881.8,9177,305.39,17.1964314,17062.6653,14.85009956,2.068
2015/2/8,50.58,95.65686799,320093.5,4192060.846,259602049.8,9226,326.75,18.332015,17757.7035,14.90110016,2.191
2015/2/15,51.14,99.28360738,320134,4191621.615,259650217.8,9280,331.89,17.2615383,17326.1614,15.04059982,2.274
2015/2/22,51.69,104.0061779,320174.5,4191182.385,259698385.7,9285,336.79,16.3455427,16720.1202,14.9405899,2.332
2015/3/1,49.16,98.35270826,320215,4190743.154,259746553.7,9324,333,15.3608638,17228.1046,15.46127987,2.473
2015/3/8,50.38,91.77677279,320250,4190303.923,259794721.7,9366,326.93,17.6677329,17632.4676,15.48480034,2.487
2015/3/15,47.69,98.18767398,320285,4189864.692,259842889.6,9419,326.63,16.4981628,17500.7501,15.04273987,2.453
2015/3/22,44.39,98.36556767,320320,4189425.462,259891057.6,9422,335.28,19.1562626,17723.7569,15.21207047,2.457
2015/3/29,48.68,104.4996734,320355,4188986.231,259939225.5,9386,326.06,19.0363648,17027.6282,14.80700016,2.448
2015/4/5,48.91,94.48867901,320390,4188547,259987393.5,9404,329.93,17.8875119,17841.7792,15.21858978,2.413
2015/4/12,51.78,103.3804896,320436,4188107.769,260035561.5,9384,334.57,18.0295806,17324.5046,15.31284142,2.408
2015/4/19,54.78,101.0089815,320482,4187668.538,260083729.4,9366,331.87,14.8197307,17680.6113,15.3878603,2.485
2015/4/26,56.14,99.67318592,320528,4187229.308,260131897.4,9373,332.85,15.5014315,17950.0727,15.55344963,2.57
2015/5/3,57.98,99.5393766,320574,4186790.077,260180065.3,9369,332.45,17.5596399,17702.5663,15.12561035,2.664
2015/5/10,59.73,101.678288,320613,4186350.846,260228233.3,9374,334.39,16.7289816,18446.9952,15.00300026,2.691
2015/5/17,60.01,106.9097225,320652,4185911.615,260276401.3,9262,336.28,18.6666292,17428.5037,15.27183914,2.744
2015/5/24,58.95,91.99044966,320691,4185472.385,260324569.2,9566,338.57,18.3382471,18311.8892,15.37366009,2.774
2015/5/31,58.19,101.5722875,320730,4185033.154,260372737.2,9586,336.68,15.7464458,17916.608,15.70423985,2.78
2015/6/7,59.66,99.05950695,320769,4184593.923,260420905.2,9610,333.77,16.9153384,18135.767,15.39550972,2.78
2015/6/14,60.07,100.2417333,320822.3,4184154.692,260469073.1,9589,337.15,16.2011442,18238.7707,15.34130001,2.835
2015/6/21,59.89,103.5658597,320875.5,4183715.462,260517241.1,9604,339.25,16.8011438,17089.4617,15.55000019,2.812
2015/6/28,60.01,107.4422876,320928.8,4183276.231,260565409,9595,337.53,17.5856164,17648.5952,15.7156601,2.801
2015/7/5,57.92,102.1354751,320982,4182837,260613577,9604,329.82,19.139844,17272.6225,15.70048046,2.793
2015/7/12,52.38,100.7628621,321037.8,4182397.769,260661745,9562,315.79,16.544693,18069.1147,15.92082977,2.834
2015/7/19,51.68,97.59744411,321093.5,4181958.538,260709912.9,9558,316.09,18.1928778,17367.0437,16.26399994,2.802
2015/7/26,49.21,92.52973087,321149.3,4181519.308,260758080.9,9413,309.19,19.0123532,17723.3305,16.10494041,2.745
2015/8/2,47.91,103.1048194,321205,4181080.077,260806248.8,9465,315.15,19.8729932,17957.7569,16.15099907,2.689
2015/8/9,44.94,107.1667047,321249.6,4180640.846,260854416.8,9395,313.95,19.2983522,18080.696,16.36424065,2.629
2015/8/16,43.2,99.77522162,321294.2,4180201.615,260902584.8,9348,311.98,20.013872,17113.2099,16.97987938,2.716
2015/8/23,41.34,101.8318064,321338.8,4179762.385,260950752.7,9337,292.94,19.4400846,17268.5079,16.74732018,2.637
2015/8/30,40.73,96.67763589,321383.4,4179323.154,260998920.7,9218,296,17.4325171,17296.2699,16.93214035,2.51
2015/9/6,46.73,105.0441064,321428,4178883.923,261047088.7,9135,289.34,19.0387002,16878.4583,16.82831001,2.437
2015/9/13,45.16,105.0955062,321481.3,4178444.692,261095256.6,9117,297.28,19.0456543,16868.6168,16.64522934,2.375
2015/9/20,45.48,95.14467705,321534.5,4178005.462,261143424.6,9136,302.27,18.3417015,17345.2295,16.96221924,2.327
2015/9/27,45.57,101.6462559,321587.8,4177566.231,261191592.5,9096,291.68,18.8925862,16921.7765,16.74527931,2.322
2015/10/4,45,108.4385576,321641,4177127,261239760.5,9172,301.55,19.383134,17519.496,16.40884018,2.318
2015/10/11,48.36,99.38092326,321689.3,4176687.769,261287928.5,9096,312.39,17.5769874,17609.2697,16.4017601,2.337
2015/10/18,46.82,95.72596828,321737.5,4176248.538,261336096.4,9096,313.09,17.8903996,18657.1085,16.57210922,2.277
2015/10/25,45.16,95.25188416,321785.8,4175809.308,261384264.4,9112,320.96,17.5757803,16961.9303,16.50164986,2.228
2015/11/1,44.99,96.36508003,321834,4175370.077,261432432.3,9160,316.11,18.7706361,17807.7812,16.83501625,2.224
2015/11/8,45.98,103.4261119,321871.2,4174930.846,261480600.3,9185,319.26,19.495752,17520.9862,16.69449043,2.235
2015/11/15,42.7,104.6411017,321908.4,4174491.615,261528768.3,9182,304.68,17.2988149,17214.3993,16.52854919,2.178
2015/11/22,40.62,101.255669,321945.6,4174052.385,261576936.2,9165,321.36,18.5862113,18369.1814,16.63339996,2.094
2015/11/29,40.49,104.3790652,321982.8,4173613.154,261625104.2,9202,322.8,18.4197559,18156.4312,16.67222404,2.059
2015/12/6,40.4,103.9233838,322020,4173173.923,261673272.2,9164,318.18,17.8509966,17002.8596,17.41856766,2.053
2015/12/13,36.93,110.4613719,322064,4172734.692,261721440.1,9176,301.61,16.6158222,17367.1721,17.14383698,2.037
2015/12/20,35.78,99.62674662,322108,4172295.462,261769608.1,9179,300.87,15.9433279,17142.5685,17.26817513,2.026
2015/12/27,36.26,101.4711858,322152,4171856.231,261817776,9202,311.02,19.0642379,18799.2668,17.21447945,2.034
2016/1/3,36.99,107.7207389,322196,4171417,261865944,9219,308.12,17.3397315,17839.2413,17.97299957,2.028
2016/1/10,34.65,103.7957828,322227.4,4170814.904,261914026.2,9227,272.36,18.14917,18147.4378,18.28812981,1.996
2016/1/17,30.59,100.382234,322258.8,4170212.808,261962108.3,9235,262.12,18.702697,16684.4031,18.41410065,1.914
2016/1/24,29.19,97.8409164,322290.2,4169610.712,262010190.5,9221,263.19,18.1587874,16753.4629,18.13899994,1.856
2016/1/31,31.81,102.8061853,322321.6,4169008.615,262058272.6,9214,264.02,17.6776998,18260.8262,18.4073391,1.822
2016/2/7,31.26,102.5244334,322353,4168406.519,262106354.8,9186,252.2,19.3646795,17602.437,18.90600014,1.759
2016/2/14,28.14,91.23058742,322393,4167804.423,262154436.9,9135,252.82,20.5003705,17722.8206,18.20474052,1.724
2016/2/21,30.02,100.9759104,322433,4167202.327,262202519.1,9102,263.37,15.808202,17796.3983,18.27961922,1.73
2016/2/28,31.32,103.1240174,322473,4166600.231,262250601.2,9077,273.04,17.558341,17552.9239,17.76609993,1.783
2016/3/6,34.43,93.93382834,322513,4165998.135,262298683.4,9078,289.79,13.5657882,17280.1136,17.69300079,1.841
2016/3/13,37.69,104.565296,322556,4165396.038,262346765.5,9068,290.31,18.3514096,17526.8181,17.42041016,1.961
2016/3/20,38.32,106.5455449,322599,4164793.942,262394847.7,9038,299.53,16.4511872,17680.4372,17.57431984,2.007
2016/3/27,39.45,98.89335792,322642,4164191.846,262442929.8,9022,292.65,18.303062,18246.5916,17.33334923,2.066
2016/4/3,36.82,109.5053976,322685,4163589.75,262491012,9008,296.28,16.5442975,17885.071,17.77000046,2.083
2016/4/10,36.72,99.75235294,322730.5,4162987.654,262539094.2,8977,287.43,18.477759,17486.5887,17.7098999,2.069
2016/4/17,41.23,99.23434725,322776,4162385.558,262587176.3,8953,297.97,17.2384387,16993.4097,17.45840073,2.137
2016/4/24,41.86,95.63441231,322821.5,4161783.462,262635258.5,8938,306.44,18.0269414,18067.0196,17.17766953,2.162
2016/5/1,44.3,94.42645449,322867,4161181.365,262683340.6,8825,301.72,16.3253092,17477.5729,17.86544037,2.24
2016/5/8,44.22,97.58266035,322905.8,4160579.269,262731422.8,8802,293.8,15.0389438,17488.6235,18.18650055,2.22
2016/5/15,45.44,104.2411333,322944.6,4159977.173,262779504.9,8791,289.14,15.408015,17981.8741,18.36730003,2.242
2016/5/22,47.99,95.06155566,322983.4,4159375.077,262827587.1,8767,289.93,17.0403381,18198.8266,18.45070076,2.3
2016/5/29,48.72,104.5829439,323022.2,4158772.981,262875669.2,8735,297.33,18.3275795,18011.2309,18.63232994,2.339
2016/6/5,49,99.7431375,323061,4158170.885,262923751.4,8745,291.55,18.5852361,16607.9411,18.61264992,2.381
2016/6/12,50.18,96.88125342,323112,4157568.788,262971833.5,8716,290.05,19.3799228,17534.9025,18.73238945,2.399
2016/6/19,47.89,111.3400873,323163,4156966.692,263019915.7,8677,290.03,14.6615545,18311.8521,18.97114944,2.353
2016/6/26,48.71,116.2030295,323214,4156364.596,263067997.8,8622,274.73,17.6820291,18449.1265,18.38892937,2.329
2016/7/3,48.17,94.17109721,323265,4155762.5,263116080,8428,283.31,18.4685818,17505.7044,18.4983902,2.291
2016/7/10,46.17,109.3044621,323306.6,4155160.404,263164162.2,8485,286.75,19.6413897,18394.4197,18.54706001,2.253
2016/7/17,45.6,106.3664374,323348.2,4154558.308,263212244.3,8494,293.38,17.9646998,17724.8917,18.53989983,2.23
2016/7/24,44.44,95.69653923,323389.8,4153956.212,263260326.5,8515,300.44,19.2856477,17831.7647,18.75528908,2.182
2016/7/31,41.83,104.5224114,323431.4,4153354.115,263308408.6,8460,298.16,16.3564728,18051.6997,18.75411987,2.159
2016/8/7,40.82,98.66619027,323473,4152752.019,263356490.8,8445,293.67,18.3645274,17398.3169,18.22260094,2.15
2016/8/14,43.11,99.83124883,323524.8,4152149.923,263404572.9,8597,293.83,16.5864455,17654.9682,18.24740028,2.149
2016/8/21,47.16,100.8047178,323576.5,4151547.827,263452655.1,8548,296.65,19.1440009,17962.4582,18.57929993,2.193
2016/8/28,47.05,104.42997,323628.3,4150945.731,263500737.2,8488,295.64,19.1459685,17882.5825,18.55050087,2.237
2016/9/4,45.11,108.8594073,323680,4150343.635,263548819.4,8458,296.69,17.8140817,17399.4805,18.87229919,2.223
2016/9/11,45.96,107.6707274,323729,4149741.538,263596901.5,8493,287.41,18.165823,17899.3117,19.58482933,2.202
2016/9/18,44.34,108.2642963,323778,4149139.442,263644983.7,8512,289.75,17.8139598,17637.1566,19.79110909,2.225
2016/9/25,44.59,89.69585572,323827,4148537.346,263693065.8,8497,293.32,17.9148819,17167.3776,19.39450073,2.224
2016/10/2,46.55,99.10455506,323876,4147935.25,263741148,8467,295.33,18.2079897,17541.9293,18.9831295,2.245
2016/10/9,49.48,100.4805319,323911.2,4147333.154,263789230.2,8450,292.87,15.8760191,18064.2667,19.00621033,2.272
2016/10/16,50.29,93.62533618,323946.4,4146731.058,263837312.3,8464,285.32,17.8017567,16979.539,18.61212921,2.257
2016/10/23,50.56,93.69436052,323981.6,4146128.962,263885394.5,8504,285.47,17.8518141,17903.0182,19.00522041,2.243
2016/10/30,49.36,101.1317923,324016.8,4145526.865,263933476.6,8522,281.8,17.1606078,17872.024,18.5835495,2.23
2016/11/6,45.51,109.3545122,324052,4144924.769,263981558.8,8692,277.86,16.5677151,18341.4276,20.8607502,2.233
2016/11/13,44.61,94.34899153,324093,4144322.673,264029640.9,8681,291.51,17.2764209,18040.6766,20.64653015,2.184
2016/11/20,45.15,102.3399303,324134,4143720.577,264077723.1,8690,290.52,17.801178,17762.1717,20.6352005,2.155
2016/11/27,47.25,110.7241795,324175,4143118.481,264125805.2,8699,299.32,19.4628596,17976.6083,20.70364952,2.154
2016/12/4,48.63,109.9309391,324216,4142516.385,264173887.4,8697,297.31,18.0315792,17619.2947,20.31481934,2.208
2016/12/11,50.97,98.79612359,324252.5,4141914.288,264221969.5,8796,318.69,17.8909191,18226.1402,20.43874931,2.236
2016/12/18,51.91,104.3616988,324289,4141312.192,264270051.7,8786,310.78,18.5315886,18477.6994,20.58772087,2.264
2016/12/25,51.95,104.0229599,324325.5,4140710.096,264318133.8,8766,309.51,17.9012413,17886.7943,20.63484955,2.309
2017/1/1,53.6,107.1854023,324362,4140108,264366216,8770,305.52,18.169739,18106.7128,21.24279976,2.377
2017/1/8,53.34,100.8821459,324388.4,4140961.135,264410647.1,8946,316.12,18.242426,18351.0496,21.50510979,2.388
2017/1/15,52.07,100.1712788,324414.8,4141814.269,264455078.2,8944,321.66,21.3127951,18127.7393,21.51429939,2.358
2017/1/22,51.82,102.6369661,324441.2,4142667.404,264499509.3,8961,320.76,17.8551489,17449.3723,20.90870094,2.326
2017/1/29,52.74,105.9786626,324467.6,4143520.538,264543940.5,8915,323.21,17.0295065,17992.1701,20.38360023,2.296
2017/2/5,53.33,103.7769178,324494,4144373.673,264588371.6,8978,321.74,18.538408,18252.3005,20.32247925,2.293
2017/2/12,52.88,100.9181224,324528.5,4145226.808,264632802.7,8977,323.85,18.419766,18131.4901,20.44639969,2.307
2017/2/19,53.22,105.5914966,324563,4146079.942,264677233.8,9001,330.77,17.8754731,16698.2064,19.90309906,2.302
2017/2/26,54.03,105.144081,324597.5,4146933.077,264721664.9,9032,326.29,19.2299761,17485.9312,19.56236076,2.314
2017/3/5,53.56,101.1082875,324632,4147786.212,264766096,9088,330.3,16.6189077,18506.3788,19.60124969,2.341
2017/3/12,50.5,98.79856273,324669.8,4148639.346,264810527.2,9109,324.9,17.4836103,17851.7895,19.07290077,2.323
2017/3/19,48.03,104.8838865,324707.5,4149492.481,264854958.3,9129,331.11,16.2552361,17783.9718,18.77909088,2.321
2017/3/26,47.28,102.2001202,324745.3,4150345.615,264899389.4,9147,318.58,15.2870888,16785.3275,18.70590973,2.315
2017/4/2,49.14,106.1103252,324783,4151198.75,264943820.5,9199,324.69,16.1992675,18680.6043,18.65654945,2.36
2017/4/9,51.26,106.4710011,324815.2,4152051.885,264988251.6,9235,316.36,18.6321351,18316.8263,18.50374985,2.424
2017/4/16,53.19,116.6888278,324847.4,4152905.019,265032682.7,9252,313.32,17.8238818,18362.339,18.62520027,2.436
2017/4/23,51.09,106.1201773,324879.6,4153758.154,265077113.8,9265,319.42,17.2984775,18210.9151,18.81575966,2.449
2017/4/30,49.12,103.5898079,324911.8,4154611.288,265121545,9293,328.02,16.7997131,17470.0782,18.94450951,2.411
2017/5/7,47.21,108.6074176,324944,4155464.423,265165976.1,9314,325.65,16.9043169,18288.4234,18.77555084,2.372
2017/5/14,47.04,91.53464959,324987.3,4156317.558,265210407.2,9305,325.53,14.9816615,18866.4595,18.71710014,2.369
2017/5/21,49.24,98.11326699,325030.5,4157170.692,265254838.3,9320,318.59,15.3009711,17617.1094,18.48913956,2.399
2017/5/28,50.21,104.840475,325073.8,4158023.827,265299269.4,9342,324.34,18.1618807,18567.8127,18.7166996,2.406
2017/6/4,48.48,110.8594592,325117,4158876.962,265343700.5,9318,336.31,18.7071757,18165.2379,18.13973045,2.414
2017/6/11,46.57,101.8792603,325161.8,4159730.096,265388131.7,9330,334.2,18.0653733,18276.3884,17.92725945,2.366
2017/6/18,45.3,98.8598218,325206.5,4160583.231,265432562.8,9350,334.42,16.4968232,18581.027,18.00250053,2.318
2017/6/25,43.09,113.5200831,325251.3,4161436.365,265476993.9,9250,335.05,16.7710746,18239.1484,18.0883503,2.288
2017/7/2,44.63,108.9110641,325296,4162289.5,265521425,9338,337.03,16.8796235,17877.0619,18.0813694,2.26
2017/7/9,44.96,103.2099878,325332,4163142.635,265565856.1,9397,329.8,18.9041908,18361.6845,17.57366943,2.297
2017/7/16,45.51,100.04797,325368,4163995.769,265610287.2,9429,338.95,17.2987086,17384.1127,17.6368103,2.278
2017/7/23,46.41,107.8717262,325404,4164848.904,265654718.3,9410,335.4,16.3393652,17890.002,17.75959969,2.312
2017/7/30,48.27,108.3640772,325440,4165702.038,265699149.5,9430,334,15.8459591,18007.1977,17.85713005,2.352
2017/8/6,49.52,94.85718702,325476,4166555.173,265743580.6,9423,335.73,17.1122608,18039.1759,17.81459999,2.378
2017/8/13,49.08,104.0185781,325520.3,4167408.308,265788011.7,9502,332.11,16.4822757,17934.4431,17.7184391,2.384
2017/8/20,47.52,100.552365,325564.5,4168261.442,265832442.8,9528,327.9,16.8471558,17886.2793,17.61630058,2.36
2017/8/27,47.68,107.1500669,325608.8,4169114.577,265876873.9,9530,333.15,17.1499793,18740.8948,17.81296921,2.399
2017/9/3,46.68,108.0971635,325653,4169967.712,265921305,8781,344.97,20.8184128,17888.8643,17.73035049,2.679
2017/9/10,48.58,95.55726638,325694.8,4170820.846,265965736.2,9353,341.83,18.5271319,18023.1615,17.62199974,2.685
2017/9/17,49.07,105.0256722,325736.5,4171673.981,266010167.3,9510,361.05,19.3758821,18692.5912,17.73690033,2.634
2017/9/24,50.12,100.6772987,325778.3,4172527.115,266054598.4,9547,361.32,20.3522823,17874.2226,18.12639999,2.583
2017/10/1,51.77,103.2269405,325820,4173380.25,266099029.5,9561,363.29,18.2291612,18181.9979,18.56889915,2.565
2017/10/8,50.23,113.2764439,325849.6,4174233.385,266143460.6,9480,377.15,18.9392741,18612.4545,18.92604065,2.504
2017/10/15,50.77,97.63793535,325879.2,4175086.519,266187891.7,8406,375.85,18.7450422,19141.2786,18.99080086,2.489
2017/10/22,51.74,105.6468096,325908.8,4175939.654,266232322.8,9507,373.88,18.1126519,18424.344,19.15549088,2.479
2017/10/29,52.51,100.0098156,325938.4,4176792.788,266276754,9553,366.92,17.8959989,18070.9784,19.16699982,2.488
2017/11/5,54.59,108.8636266,325968,4177645.923,266321185.1,9620,360.18,15.921254,18720.8959,19.10588074,2.561
2017/11/12,57.05,99.10971049,326001,4178499.058,266365616.2,9645,355.78,18.3127707,18752.635,18.9425106,2.592
2017/11/19,55.81,105.372984,326034,4179352.192,266410047.3,9658,361.6,17.5069124,18368.3602,18.54879951,2.568
2017/11/26,57.47,102.2340144,326067,4180205.327,266454478.4,9682,365.86,18.387917,19008.4118,18.65320015,2.533
2017/12/3,57.81,103.2677289,326100,4181058.462,266498909.5,9707,369.84,16.0504608,19125.1939,18.94915009,2.5
2017/12/10,56.92,103.0600602,326123.2,4181911.596,266543340.7,9780,369.46,17.8173846,18257.7188,19.12096977,2.485
2017/12/17,57.17,101.5874996,326146.4,4182764.731,266587771.8,9789,369.09,19.5380042,18995.5023,19.69985008,2.45
2017/12/24,57.87,99.87644157,326169.6,4183617.865,266632202.9,9754,371.51,15.6792764,19065.5548,19.63999939,2.472
2017/12/31,59.88,97.08103327,326192.8,4184471,266676634,9782,365.89,19.2440818,17718.147,19.1830101,2.52
2018/1/7,61.36,106.0402681,326216,4184674.83,266715189.4,9492,385.3,17.0642691,18267.8501,18.97929955,2.522
2018/1/14,63.26,94.33708952,326242.8,4184878.66,266753744.8,9750,394.31,18.5499297,18236.432,18.58536911,2.557
2018/1/21,63.77,108.5932057,326269.5,4185082.491,266792300.2,9878,387.14,18.0888811,18925.4586,18.47559929,2.567
2018/1/28,65.14,101.547388,326296.3,4185286.321,266830855.7,9919,387.34,18.2246302,18246.491,18.63509941,2.607
2018/2/4,65.32,110.311218,326323,4185490.151,266869411.1,10251,370.3,19.0087349,18881.1816,18.69050026,2.637
2018/2/11,62.01,103.1759615,326351.5,4185693.981,266907966.5,10271,355.97,17.5235416,18415.6933,18.47430038,2.607
2018/2/18,60.56,106.5766896,326380,4185897.811,266946521.9,10270,363.63,18.1006982,19019.4009,18.56204987,2.557
2018/2/25,62.47,101.7014643,326408.5,4186101.642,266985077.3,10283,365.68,17.9675299,18325.4978,18.8246994,2.548
2018/3/4,62.07,108.0375124,326437,4186305.472,267023632.7,10369,347.68,17.8903973,18592.8943,18.60840034,2.56
2018/3/11,61.65,104.4980485,326468.5,4186509.302,267062188.2,10381,354.64,18.0941271,18580.8023,18.69000053,2.559
2018/3/18,61.28,96.49760967,326500,4186713.132,267100743.6,10407,353.48,17.5397413,18561.5828,18.4904995,2.598
2018/3/25,64.11,110.530155,326531.5,4186916.962,267139299,10433,331.86,18.5900147,18998.2593,18.18379974,2.648
2018/4/1,64.97,110.7222782,326563,4187120.792,267177854.4,10460,334.74,16.0587566,19305.5506,18.27400017,2.7
2018/4/8,63.07,103.0273961,326590.2,4187324.623,267216409.8,10525,344.53,19.9831425,17377.3369,18.03039932,2.694
2018/4/15,66.02,101.4824258,326617.4,4187528.453,267254965.2,10540,349.47,16.7241107,19365.9593,18.51510048,2.747
2018/4/22,67.55,106.936124,326644.6,4187732.283,267293520.6,10586,341.46,16.1719232,17774.8284,18.60169983,2.798
2018/4/29,67.91,94.4146847,326671.8,4187936.113,267332076.1,10619,342.96,18.4802654,18487.7412,19.04590034,2.846
2018/5/6,68.38,101.3616894,326699,4188139.943,267370631.5,10703,341.55,17.7437925,19639.7504,19.40740013,2.845
2018/5/13,70.56,97.22412756,326736,4188343.774,267409186.9,10723,345.87,16.8362531,18025.3257,19.93779945,2.873
2018/5/20,71.3,103.9103649,326773,4188547.604,267447742.3,10725,347.79,18.5293326,18867.5384,19.52799988,2.923
2018/5/27,70.98,102.1260265,326810,4188751.434,267486297.7,10769,347.56,18.4944787,18911.8709,19.92510033,2.962
2018/6/3,66.96,108.835194,326847,4188955.264,267524853.1,10800,359.01,16.4214596,18618.2736,20.27540016,2.94
2018/6/10,65.35,104.5763554,326886.5,4189159.094,267563408.5,10900,372.65,18.7170516,18686.6277,20.61300087,2.911
2018/6/17,66.21,109.4495563,326926,4189362.925,267601964,10900,377.51,18.5108665,18564.3498,20.31030083,2.879
2018/6/24,66.32,114.9094772,326965.5,4189566.755,267640519.4,10900,360.5,18.7289729,18134.2876,19.89730072,2.833
2018/7/1,74.03,102.8254469,327005,4189770.585,267679074.8,10900,349.29,18.6558523,18936.1973,19.03000069,2.844
2018/7/8,73.73,105.3865982,327037.4,4189974.415,267717630.2,10900,344.83,17.1240067,18529.5764,18.87229919,2.857
2018/7/15,71.96,104.1178656,327069.8,4190178.245,267756185.6,11000,347.44,17.9283126,18380.1276,19.00839996,2.865
2018/7/22,68.95,103.0889348,327102.2,4190382.075,267794741,11000,343.11,18.3710903,17966.099,18.61330032,2.831
2018/7/29,70.01,109.8639864,327134.6,4190585.906,267833296.5,10900,333.68,14.5755181,18798.9745,18.54100037,2.846
2018/8/5,69.46,105.5629764,327167,4190789.736,267871851.9,10800,347.15,17.3668343,18759.8945,18.89620018,2.852
2018/8/12,67.9,109.6440377,327207.3,4190993.566,267910407.3,10900,341.05,18.3784677,18967.1524,18.87849998,2.843
2018/8/19,66.15,113.359202,327247.5,4191197.396,267948962.7,11000,330.45,16.2185293,19542.0624,19.00620079,2.821
2018/8/26,68.1,105.288353,327287.8,4191401.226,267987518.1,11000,329.21,18.0030892,19570.1903,19.06909943,2.827
2018/9/2,69.66,104.3076246,327328,4191605.057,268026073.5,11000,322.78,16.8882535,19063.8441,19.3076992,2.824
2018/9/9,68.51,104.4285882,327357.8,4191808.887,268064628.9,10900,309.45,17.8743723,18289.0908,18.83009911,2.833
2018/9/16,68.96,104.7301206,327387.6,4192012.717,268103184.4,11000,319.18,17.0926265,19233.9023,18.81410027,2.841
2018/9/23,70.28,107.6051462,327417.4,4192216.547,268141739.8,11100,326.51,15.7778497,19493.1853,18.70289993,2.844
2018/9/30,72.84,115.8087768,327447.2,4192420.377,268180295.2,11100,305.36,16.2632851,18860.8207,18.80879974,2.866
2018/10/7,75.13,114.5033321,327477,4192624.208,268218850.6,11200,297.98,16.7987685,19158.9423,18.97596931,2.903
2018/10/14,72.96,102.1636852,327509.5,4192828.038,268257406,10900,281.42,19.6324793,19478.4272,19.14049911,2.879
2018/10/21,70.24,115.077337,327542,4193031.868,268295961.4,10900,279.89,16.5616648,18614.7266,19.3465004,2.841
2018/10/28,67.43,102.9898785,327574.5,4193235.698,268334516.8,11200,295.58,19.8527445,18968.2953,19.99810028,2.811
2018/11/4,65.06,105.1525402,327607,4193439.528,268373072.3,11600,313.59,16.8096659,19468.3849,20.12439919,2.753
2018/11/11,61.57,109.634358,327635.8,4193643.358,268411627.7,11700,309.8,17.7122925,19497.7577,20.15460014,2.686
2018/11/18,56.92,114.609645,327664.5,4193847.189,268450183.1,11700,309.94,17.8336842,17875.7452,20.39649963,2.611
2018/11/25,54.99,101.7854323,327693.3,4194051.019,268488738.5,11700,304.79,17.9621335,19270.55,20.38220024,2.539
2018/12/2,51.01,105.2154057,327722,4194254.849,268527293.9,11700,315.16,18.0802149,19010.7937,20.33359909,2.451
2018/12/9,52.63,107.5290046,327742.4,4194458.679,268565849.3,11600,298.23,16.4186349,18821.0911,20.27269936,2.421
2018/12/16,51.54,97.44173732,327762.8,4194662.509,268604404.8,11600,293.74,18.3302991,18570.0561,19.92749977,2.369
2018/12/23,46.98,102.9023688,327783.2,4194866.34,268642960.2,11700,273.26,20.8068117,17973.3654,19.65200043,2.321
2018/12/30,45.22,103.2575816,327803.6,4195070.17,268681515.6,11700,278.06,19.6432159,18982.0841,19.40660095,2.266
2019/1/6,47,105.0444063,327824,4195274,268720071,11700,277.3,17.4196729,18379.0867,19.12470055,2.237
2019/1/13,50.78,107.753429,327848.3,4195162.635,268757435.6,11900,303.07,15.3860848,19307.2772,18.99539948,2.247
2019/1/20,51.92,106.3747747,327872.5,4195051.269,268794800.1,11900,301.44,16.1896225,18224.1721,19.01329994,2.251
2019/1/27,52.88,104.7215269,327896.8,4194939.904,268832164.7,11900,302.27,17.5343552,18026.7771,19.08580017,2.256
2019/2/3,53.63,106.9062678,327921,4194828.538,268869529.2,11900,306.49,17.1999205,18414.4313,19.0741806,2.254
2019/2/10,53.53,105.8212911,327947,4194717.173,268906893.8,11900,297.97,18.7070463,18449.1124,19.22780037,2.276
2019/2/17,53.88,99.66828087,327973,4194605.808,268944258.3,12000,307.87,20.4197186,18325.9153,19.13030052,2.317
2019/2/24,56.74,95.66984602,327999,4194494.442,268981622.9,12100,310.83,18.1357482,18967.1303,19.25219917,2.39
2019/3/3,56.12,109.419057,328025,4194383.077,269018987.5,12100,311.64,16.9278007,18324.0293,19.47839928,2.422
2019/3/10,56.35,116.6033502,328048,4194271.712,269056352,12000,298.6,18.3616925,18927.3807,19.29859924,2.471
2019/3/17,57.81,105.7294469,328071,4194160.346,269093716.6,12100,296.25,18.1811638,19380.8605,18.85000038,2.548
2019/3/24,59.44,104.5627224,328094,4194048.981,269131081.1,12100,286.38,19.8330555,18395.2259,19.4151001,2.623
2019/3/31,59.49,111.8563336,328117,4193937.615,269168445.7,12200,294.5,19.4778883,19236.6542,19.14679909,2.691
2019/4/7,62.36,107.149498,328140,4193826.25,269205810.3,12200,309.29,16.9193493,18883.0618,18.74160004,2.745
2019/4/14,64.1,98.91873838,328171.8,4193714.885,269243174.8,12100,315.41,16.5729899,18619.0337,18.78709984,2.828
2019/4/21,63.8,101.1974467,328203.5,4193603.519,269280539.4,12200,318.25,18.2611399,18843.6272,19.02268028,2.841
2019/4/28,65.28,101.9048284,328235.3,4193492.154,269317903.9,12300,307.85,17.6614373,18560.9799,19.11319923,2.887
2019/5/5,62.9,104.6491025,328267,4193380.788,269355268.5,12200,305.76,18.6245925,19549.742,19.22551918,2.897
2019/5/12,61.81,106.7311609,328301.3,4193269.423,269392633,12100,294.88,18.5812564,18708.5699,19.0991993,2.866
2019/5/19,62.1,108.4432357,328335.5,4193158.058,269429997.6,12200,281.51,19.8713453,18134.7686,19.02669907,2.852
2019/5/26,60.72,110.7435308,328369.8,4193046.692,269467362.2,12300,267.25,17.8448257,18930.3781,19.52503967,2.822
2019/6/2,56.93,109.0218156,328404,4192935.327,269504726.7,12400,257.04,16.1399885,19653.1354,19.67428017,2.807
2019/6/9,52.97,105.3550492,328435.4,4192823.962,269542091.3,12300,275.95,18.3969314,19269.8355,19.18110085,2.732
2019/6/16,52.52,113.8768957,328466.8,4192712.596,269579455.8,12200,280.58,17.2977096,18682.379,18.98889923,2.67
2019/6/23,54.75,114.0688704,328498.2,4192601.231,269616820.4,12100,287.94,16.7679108,18896.4601,19.17284966,2.654
2019/6/30,58.38,115.1419083,328529.6,4192489.865,269654184.9,12200,294.75,17.0929668,19117.1014,18.99679947,2.713
2019/7/7,57.32,115.2635574,328561,4192378.5,269691549.5,12300,294.25,18.3165705,19252.6464,18.97330093,2.743
2019/7/14,59.02,113.4861186,328603.3,4192267.135,269728914.1,12000,299.08,16.7816974,18672.4667,18.95669937,2.779
2019/7/21,56.74,103.2880423,328645.5,4192155.769,269766278.6,11300,298.77,17.5514929,19227.0202,19.02619934,2.75
2019/7/28,56.05,109.9427053,328687.8,4192044.404,269803643.2,12200,295.12,17.7516637,18336.8472,19.21030045,2.715
2019/8/4,56.55,108.8675202,328730,4191933.038,269841007.7,12300,286.83,16.78262,19290.8821,19.42765045,2.688
2019/8/11,53.28,102.1448244,328771.8,4191821.673,269878372.3,12300,285.85,19.1331165,19324.7427,19.59860039,2.624
2019/8/18,55.31,111.8101999,328813.5,4191710.308,269915736.8,12300,272.06,18.6472131,19543.984,19.79969978,2.598
2019/8/25,55.5,101.5350671,328855.3,4191598.942,269953101.4,12500,264.16,17.2895808,19292.3202,20.12080002,2.574
2019/9/1,55.21,101.2415828,328897,4191487.577,269990466,12400,275.1,17.2361905,19149.1158,19.70569992,2.563
2019/9/8,55.73,104.451446,328928.4,4191376.212,270027830.5,12400,286.73,18.7755506,20071.9638,19.55550003,2.55
2019/9/15,56.16,111.0466376,328959.8,4191264.846,270065195.1,12400,297.82,17.9207031,18151.6651,19.52530003,2.552
2019/9/22,59.33,106.256799,328991.2,4191153.481,270102559.6,12500,287.8,17.3834257,19399.9534,19.49510002,2.654
2019/9/29,56.9,109.1857378,329022.6,4191042.115,270139924.2,12400,287.7,17.0748373,18752.726,19.46490002,2.642
2019/10/6,53.12,111.1317868,329054,4190930.75,270177288.8,12600,274.83,17.9000578,19310.017,19.43470001,2.645
2019/10/13,53.27,111.5895978,329088.3,4190819.385,270214653.3,12600,283.15,19.3697167,19376.4518,19.17980003,2.629
2019/10/20,53.49,104.668583,329122.5,4190708.019,270252017.9,12600,293.12,16.8746057,19516.21,19.04669952,2.638
2019/10/27,55.2,109.3305256,329156.8,4190596.654,270289382.4,12600,307.96,18.2239461,19073.4334,19.09670067,2.596
2019/11/3,55.17,106.0942868,329191,4190485.288,270326747,12600,310.12,17.6866398,19528.1182,19.1215992,2.605
2019/11/10,56.69,114.7904293,329221.8,4190373.923,270364111.5,12800,322.43,17.3109794,19754.4389,19.17989922,2.615
2019/11/17,56.85,116.6940128,329252.5,4190262.558,270401476.1,12800,316.52,17.5526784,19405.7312,19.36660004,2.592
2019/11/24,56.9,108.2609605,329283.3,4190151.192,270438840.7,12900,307.74,18.3203091,19579.8665,19.53520012,2.579
2019/12/1,58.07,112.0847095,329314,4190039.827,270476205.2,12900,310.32,17.9418035,19477.3091,19.2866993,2.575
2019/12/8,57.64,109.471205,329335.8,4189928.462,270513569.8,12800,311.68,14.8725286,19750.1111,18.99749947,2.561
2019/12/15,59.25,108.183411,329357.6,4189817.096,270550934.3,12800,318.41,18.6165647,20106.3904,18.93849945,2.536
2019/12/22,60.75,108.7079882,329379.4,4189705.731,270588298.9,12900,334.78,16.962709,20396.2701,18.84469986,2.532
2019/12/29,61.29,105.7258442,329401.2,4189594.365,270625663.4,12900,337.4,17.8387504,18812.8854,18.91130066,2.571
