Date,U.S. Natural Gas Total Consumption (MMcf),U.S. Natural Gas Lease and Plant Fuel Consumption (MMcf),U.S. Natural Gas Pipeline & Distribution Use (MMcf),Natural Gas Delivered to Consumers in the U.S. (MMcf),U.S. Natural Gas Residential Consumption (MMcf),Natural Gas Deliveries to Commercial Consumers (Including Vehicle Fuel through 1996) in the U.S. (MMcf),U.S. Natural Gas Industrial Consumption (MMcf),U.S. Natural Gas Vehicle Fuel Consumption (MMcf),U.S. Natural Gas Deliveries to Electric Power Consumers (MMcf),
Jan-1973,,,,,843900,392315,,,,
Feb-1973,,,,,747331,394281,,,,
Mar-1973,,,,,648504,310799,,,,
Apr-1973,,,,,465867,231943,,,,
May-1973,,,,,326313,174258,,,,
Jun-1973,,,,,207172,135165,,,,
Jul-1973,,,,,150349,107728,,,,
Aug-1973,,,,,142498,105681,,,,
Sep-1973,,,,,159378,103831,,,,
Oct-1973,,,,,205013,126540,,,,
Nov-1973,,,,,392459,216762,,,,
Dec-1973,,,,,590602,297734,,,,
Jan-1974,,,,,816943,406440,,,,
Feb-1974,,,,,688478,335562,,,,
Mar-1974,,,,,597641,301588,,,,
Apr-1974,,,,,482013,243041,,,,
May-1974,,,,,315920,165233,,,,
Jun-1974,,,,,215382,128032,,,,
Jul-1974,,,,,166289,109694,,,,
Aug-1974,,,,,142086,107828,,,,
Sep-1974,,,,,154824,106510,,,,
Oct-1974,,,,,235176,143295,,,,
Nov-1974,,,,,358546,199514,,,,
Dec-1974,,,,,612830,308879,,,,
Jan-1975,,,,,750713,346998,,,,
Feb-1975,,,,,732408,345520,,,,
Mar-1975,,,,,677687,312362,,,,
Apr-1975,,,,,596831,289341,,,,
May-1975,,,,,337326,164629,,,,
Jun-1975,,,,,203708,119960,,,,
Jul-1975,,,,,167293,107077,,,,
Aug-1975,,,,,143604,104332,,,,
Sep-1975,,,,,153980,106655,,,,
Oct-1975,,,,,223383,133055,,,,
Nov-1975,,,,,329397,179518,,,,
Dec-1975,,,,,607794,298845,,,,
Jan-1976,,,,,843235,405483,,,,
Feb-1976,,,,,739592,364339,,,,
Mar-1976,,,,,578491,285912,,,,
Apr-1976,,,,,442648,221383,,,,
May-1976,,,,,315760,169209,,,,
Jun-1976,,,,,220871,129058,,,,
Jul-1976,,,,,170257,112070,,,,
Aug-1976,,,,,140774,113174,,,,
Sep-1976,,,,,152346,113284,,,,
Oct-1976,,,,,241902,145824,,,,
Nov-1976,,,,,471326,252710,,,,
Dec-1976,,,,,734158,355294,,,,
Jan-1977,,,,,936793,413377,,,,
Feb-1977,,,,,823439,366311,,,,
Mar-1977,,,,,560779,263862,,,,
Apr-1977,,,,,401258,202477,,,,
May-1977,,,,,251756,142460,,,,
Jun-1977,,,,,182212,121297,,,,
Jul-1977,,,,,146064,113400,,,,
Aug-1977,,,,,131330,108977,,,,
Sep-1977,,,,,140661,108977,,,,
Oct-1977,,,,,223663,139407,,,,
Nov-1977,,,,,371888,200897,,,,
Dec-1977,,,,,651640,319351,,,,
Jan-1978,,,,,816411,390741,,,,
Feb-1978,,,,,837768,400991,,,,
Mar-1978,,,,,680825,345141,,,,
Apr-1978,,,,,445702,224969,,,,
May-1978,,,,,307604,166190,,,,
Jun-1978,,,,,184388,119963,,,,
Jul-1978,,,,,146989,106471,,,,
Aug-1978,,,,,130270,100928,,,,
Sep-1978,,,,,135489,102915,,,,
Oct-1978,,,,,209515,133873,,,,
Nov-1978,,,,,376411,196207,,,,
Dec-1978,,,,,631636,312718,,,,
Jan-1979,,,,,867301,431943,,,,
Feb-1979,,,,,892145,444867,,,,
Mar-1979,,,,,659720,349164,,,,
Apr-1979,,,,,463492,256024,,,,
May-1979,,,,,287548,170571,,,,
Jun-1979,,,,,189143,126564,,,,
Jul-1979,,,,,147607,106844,,,,
Aug-1979,,,,,133244,103167,,,,
Sep-1979,,,,,137611,106175,,,,
Oct-1979,,,,,215151,142161,,,,
Nov-1979,,,,,378577,222712,,,,
Dec-1979,,,,,593825,325768,,,,
Jan-1980,,93000,,,722000,356000,,,,
Feb-1980,,87000,,,774000,380000,,,,
Mar-1980,,93000,,,673000,344000,,,,
Apr-1980,,85000,,,451000,239000,,,,
May-1980,,86000,,,279000,155000,,,,
Jun-1980,,81000,,,191000,123000,,,,
Jul-1980,,82000,,,145000,103000,,,,
Aug-1980,,80000,,,129000,101000,,,,
Sep-1980,,80000,,,135000,106000,,,,
Oct-1980,,84000,,,214000,140000,,,,
Nov-1980,,84000,,,392000,224000,,,,
Dec-1980,,91000,,,646000,340000,,,,
Jan-1981,,81000,,,831000,406000,,,,
Feb-1981,,73000,,,740000,355000,,,,
Mar-1981,,81000,,,585000,304000,,,,
Apr-1981,,78000,,,372000,204000,,,,
May-1981,,79000,,,260000,151000,,,,
Jun-1981,,76000,,,168000,116000,,,,
Jul-1981,,77000,,,136000,99000,,,,
Aug-1981,,79000,,,123000,107000,,,,
Sep-1981,,73000,,,133000,107000,,,,
Oct-1981,,76000,,,232000,148000,,,,
Nov-1981,,74000,,,364000,205000,,,,
Dec-1981,,80000,,,601000,318000,,,,
Jan-1982,,104000,,,866000,443000,,,,
Feb-1982,,95000,,,786000,404000,,,,
Mar-1982,,100000,,,602000,321000,,,,
Apr-1982,,95000,,,451000,236000,,,,
May-1982,,93000,,,233000,139000,,,,
Jun-1982,,90000,,,165000,107000,,,,
Jul-1982,,91000,,,138000,101000,,,,
Aug-1982,,89000,,,123000,105000,,,,
Sep-1982,,86000,,,136000,105000,,,,
Oct-1982,,87000,,,204000,130000,,,,
Nov-1982,,88000,,,372000,217000,,,,
Dec-1982,,90000,,,557000,298000,,,,
Jan-1983,,92648,,,849621,418467,,,,
Feb-1983,,79931,,,671628,340171,,,,
Mar-1983,,82656,,,580985,298259,,,,
Apr-1983,,80840,,,444247,233811,,,,
May-1983,,80840,,,276395,154185,,,,
Jun-1983,,78115,,,164337,105380,,,,
Jul-1983,,80840,,,124457,94574,,,,
Aug-1983,,79931,,,114458,95494,,,,
Sep-1983,,76298,,,122538,98798,,,,
Oct-1983,,79931,,,175875,124366,,,,
Nov-1983,,79931,,,310895,185922,,,,
Dec-1983,,86289,,,545164,283120,,,,
Jan-1984,,101989,,,886307,436748,,,,
Feb-1984,,87990,,,699925,354468,,,,
Mar-1984,,90990,,,605372,310657,,,,
Apr-1984,,88990,,,462950,243353,,,,
May-1984,,88990,,,286928,159502,,,,
Jun-1984,,85990,,,169942,108290,,,,
Jul-1984,,88990,,,128314,96951,,,,
Aug-1984,,87990,,,118045,98111,,,,
Sep-1984,,83991,,,126625,101386,,,,
Oct-1984,,87990,,,182438,127912,,,,
Nov-1984,,87990,,,322693,193132,,,,
Dec-1984,,94990,,,565927,293733,,,,
Jan-1985,,90910,,,743223,372046,,,,
Feb-1985,,83917,,,837245,411603,,,,
Mar-1985,,82918,,,566386,290467,,,,
Apr-1985,,78922,,,396625,205742,,,,
May-1985,,77923,,,212164,127540,,,,
Jun-1985,,74926,,,156549,99871,,,,
Jul-1985,,76924,,,129851,95738,,,,
Aug-1985,,76924,,,118932,93478,,,,
Sep-1985,,74926,,,129314,98139,,,,
Oct-1985,,77923,,,189799,124697,,,,
Nov-1985,,78922,,,306427,179784,,,,
Dec-1985,,90910,,,646863,333279,,,,
Jan-1986,,88954,,,790569,391955,,,,
Feb-1986,,76960,,,684541,344992,,,,
Mar-1986,,81958,,,579901,291178,,,,
Apr-1986,,72962,,,363277,189136,,,,
May-1986,,74961,,,236207,130876,,,,
Jun-1986,,70963,,,154889,98627,,,,
Jul-1986,,73962,,,126494,88824,,,,
Aug-1986,,73962,,,117487,88740,,,,
Sep-1986,,69964,,,130597,90880,,,,
Oct-1986,,73962,,,185265,115656,,,,
Nov-1986,,78959,,,345659,188912,,,,
Dec-1986,,84956,,,599085,298559,,,,
Jan-1987,,107628,,,741338,384495,,,,
Feb-1987,,96459,,,688699,363047,,,,
Mar-1987,,101536,,,575299,304877,,,,
Apr-1987,,95443,,,401848,214317,,,,
May-1987,,94428,,,222779,133011,,,,
Jun-1987,,90367,,,146812,97398,,,,
Jul-1987,,92397,,,125625,93805,,,,
Aug-1987,,94428,,,117471,90264,,,,
Sep-1987,,90367,,,126348,100591,,,,
Oct-1987,,95443,,,222825,141124,,,,
Nov-1987,,100520,,,354076,202137,,,,
Dec-1987,,90367,,,591715,304998,,,,
Jan-1988,,101989,,,852076,424341,,,,
Feb-1988,,92990,,,754526,391828,,,,
Mar-1988,,96990,,,596846,320198,,,,
Apr-1988,,87991,,,400177,223056,,,,
May-1988,,90990,,,257781,157765,,,,
Jun-1988,,85991,,,152204,117552,,,,
Jul-1988,,86991,,,122908,109305,,,,
Aug-1988,,87991,,,114411,113303,,,,
Sep-1988,,82991,,,124739,112517,,,,
Oct-1988,,90990,,,232157,155784,,,,
Nov-1988,,91990,,,391420,224664,,,,
Dec-1988,,97990,,,631086,320153,,,,
Jan-1989,,94991,,,751166,375898,,,,
Feb-1989,,87992,,,743050,379810,,,,
Mar-1989,,92991,,,645859,341517,,,,
Apr-1989,,87992,,,414487,233397,,,,
May-1989,,88992,,,256551,158788,,,,
Jun-1989,,85992,,,155449,120834,,,,
Jul-1989,,87992,,,128662,110171,,,,
Aug-1989,,86992,,,121009,110208,,,,
Sep-1989,,81992,,,139486,113108,,,,
Oct-1989,,86992,,,228672,152020,,,,
Nov-1989,,89992,,,405314,231274,,,,
Dec-1989,,96991,,,790934,390699,,,,
Jan-1990,,111693,,,788596,400003,,,,
Feb-1990,,99214,,,642665,335911,,,,
Mar-1990,,105906,,,551987,302022,,,,
Apr-1990,,100651,,,399624,236272,,,,
May-1990,,102105,,,248272,157645,,,,
Jun-1990,,98543,,,160823,124086,,,,
Jul-1990,,100824,,,126501,123219,,,,
Aug-1990,,101239,,,121276,115333,,,,
Sep-1990,,96983,,,132115,121352,,,,
Oct-1990,,105580,,,213538,151052,,,,
Nov-1990,,104916,,,375652,223632,,,,
Dec-1990,,108738,,,630275,332196,,,,
Jan-1991,,102082,,,843832,433714,,,,
Feb-1991,,90299,,,664218,358854,,,,
Mar-1991,,98018,,,573093,310496,,,,
Apr-1991,,93388,,,372922,225466,,,,
May-1991,,92740,,,228742,153549,,,,
Jun-1991,,88701,,,147839,118635,,,,
Jul-1991,,89912,,,126156,125161,,,,
Aug-1991,,90072,,,117851,112561,,,,
Sep-1991,,89133,,,137994,121019,,,,
Oct-1991,,96573,,,225108,163164,,,,
Nov-1991,,97063,,,459455,255612,,,,
Dec-1991,,101287,,,658449,350349,,,,
Jan-1992,,103579,,,785718,410424,,,,
Feb-1992,,92195,,,696082,365815,,,,
Mar-1992,,97047,,,573979,314629,,,,
Apr-1992,,95172,,,431401,250136,,,,
May-1992,,97425,,,251416,169759,,,,
Jun-1992,,95038,,,162378,124881,,,,
Jul-1992,,97586,,,131801,122339,,,,
Aug-1992,,95201,,,125580,121186,,,,
Sep-1992,,94431,,,137106,120899,,,,
Oct-1992,,100507,,,240662,166151,,,,
Nov-1992,,99122,,,436771,255758,,,,
Dec-1992,,103519,,,717170,380772,,,,
Jan-1993,,101491,,,830874,415438,,,,
Feb-1993,,91261,,,768365,403019,,,,
Mar-1993,,100277,,,703183,370788,,,,
Apr-1993,,95107,,,449738,254393,,,,
May-1993,,96856,,,232154,152402,,,,
Jun-1993,,92938,,,163642,123135,,,,
Jul-1993,,95468,,,129719,119050,,,,
Aug-1993,,96583,,,120331,111340,,,,
Sep-1993,,94613,,,141580,119631,,,,
Oct-1993,,100375,,,254494,168895,,,,
Nov-1993,,100979,,,457330,260158,,,,
Dec-1993,,105992,,,705034,363319,,,,
Jan-1994,,96391,,,952520,475911,,,,
Feb-1994,,86464,,,841815,435978,,,,
Mar-1994,,96684,,,630616,348766,,,,
Apr-1994,,91773,,,392153,236771,,,,
May-1994,,94765,,,246872,163049,,,,
Jun-1994,,90075,,,154411,132096,,,,
Jul-1994,,93139,,,126805,129282,,,,
Aug-1994,,94119,,,121952,120768,,,,
Sep-1994,,89553,,,130370,117432,,,,
Oct-1994,,93954,,,220553,159507,,,,
Nov-1994,,96538,,,391460,235500,,,,
Dec-1994,,100264,,,638175,339951,,,,
Jan-1995,,104954,,,815547,427172,,,,
Feb-1995,,93599,,,754491,410900,,,,
Mar-1995,,104004,,,600034,342484,,,,
Apr-1995,,100073,,,418820,253763,,,,
May-1995,,102792,,,260367,184318,,,,
Jun-1995,,98559,,,158908,132746,,,,
Jul-1995,,101373,,,130717,132500,,,,
Aug-1995,,101272,,,114415,130493,,,,
Sep-1995,,98557,,,133951,129530,,,,
Oct-1995,,101675,,,216412,170849,,,,
Nov-1995,,104598,,,488812,296702,,,,
Dec-1995,,108714,,,757844,419620,,,,
Jan-1996,,105874,,,933642,480207,,,,
Feb-1996,,100100,,,830912,442962,,,,
Mar-1996,,105982,,,705207,387264,,,,
Apr-1996,,103753,,,473842,283635,,,,
May-1996,,105150,,,271486,182859,,,,
Jun-1996,,102023,,,162277,133356,,,,
Jul-1996,,104504,,,124371,125522,,,,
Aug-1996,,105225,,,118296,122985,,,,
Sep-1996,,101963,,,137556,124490,,,,
Oct-1996,,104965,,,243121,171277,,,,
Nov-1996,,103868,,,502981,294522,,,,
Dec-1996,,106254,,,737722,409165,,,,
Jan-1997,,102977,,,902399,473868,,707,,
Feb-1997,,93301,,,757457,419698,,639,,
Mar-1997,,103593,,,605856,359595,,707,,
Apr-1997,,98734,,,433073,268912,,684,,
May-1997,,102506,,,283739,203684,,707,,
Jun-1997,,97083,,,163591,154097,,684,,
Jul-1997,,100851,,,127805,144040,,707,,
Aug-1997,,100660,,,117900,139686,,707,,
Sep-1997,,98348,,,129388,141730,,684,,
Oct-1997,,101652,,,234223,189614,,707,,
Nov-1997,,98467,,,497310,305569,,684,,
Dec-1997,,100271,,,731030,414419,,707,,
Jan-1998,,102264,,,812108,450690,,793,,
Feb-1998,,91025,,,691819,392573,,717,,
Mar-1998,,101614,,,647619,366881,,793,,
Apr-1998,,98122,,,407752,255821,,768,,
May-1998,,101749,,,220830,169645,,793,,
Jun-1998,,97533,,,152708,137688,,768,,
Jul-1998,,99336,,,132390,142313,,793,,
Aug-1998,,100027,,,116631,144498,,793,,
Sep-1998,,90805,,,121417,139737,,768,,
Oct-1998,,97983,,,202996,173381,,793,,
Nov-1998,,94934,,,398094,264170,,768,,
Dec-1998,,97338,,,615913,362095,,793,,
Jan-1999,,93156,,,911162,475945,,987,,
Feb-1999,,83973,,,689687,400207,,892,,
Mar-1999,,92958,,,669270,388912,,987,,
Apr-1999,,88809,,,420192,259432,,955,,
May-1999,,90478,,,234764,176232,,987,,
Jun-1999,,88321,,,158235,143702,,955,,
Jul-1999,,90886,,,126561,132204,,987,,
Aug-1999,,90693,,,116231,137009,,987,,
Sep-1999,,87781,,,134861,137366,,955,,
Oct-1999,,90965,,,233508,180508,,987,,
Nov-1999,,89424,,,371595,245152,,955,,
Dec-1999,,91919,,,659606,367989,,987,,
Jan-2000,,97358,,,862900,451876,,1080,,
Feb-2000,,89676,,,775235,420754,,1010,,
Mar-2000,,98137,,,550261,347668,,1080,,
Apr-2000,,92790,,,400886,255390,,1045,,
May-2000,,96400,,,228439,180659,,1080,,
Jun-2000,,94095,,,154183,147135,,1045,,
Jul-2000,,97199,,,128363,136910,,1080,,
Aug-2000,,97934,,,122408,150288,,1080,,
Sep-2000,,94771,,,140766,148609,,1045,,
Oct-2000,,99714,,,235799,181030,,1080,,
Nov-2000,,94863,,,482600,290024,,1045,,
Dec-2000,,97918,,,914339,472125,,1080,,
Jan-2001,2676998,95602,76386,2505011,976677,500267,686540,1235,340292,
Feb-2001,2309464,86821,65770,2156873,780482,422407,640026,1115,312843,
Mar-2001,2246633,96438,63626,2086568,681884,375688,664918,1235,362843,
Apr-2001,1807170,92602,50736,1663832,400728,255361,622054,1195,384494,
May-2001,1522382,94981,42238,1385163,209327,164146,576532,1235,433923,
Jun-2001,1444378,91218,40041,1313119,146837,135449,536820,1195,492819,
Jul-2001,1598071,93635,44518,1459919,123777,130415,570067,1235,634425,
Aug-2001,1669178,94087,46609,1528483,116934,133687,589875,1235,686753,
Sep-2001,1494128,91760,41497,1360871,127482,143342,578590,1195,510262,
Oct-2001,1649073,95679,45967,1507428,237466,185356,617291,1235,466080,
Nov-2001,1700950,91351,47630,1561970,360721,230554,618950,1195,350549,
Dec-2001,2120198,94379,59946,1965873,609025,346038,642556,1235,367018,
Jan-2002,2487638,95508,72857,2319273,815227,435234,686108,1270,381434,
Feb-2002,2242427,86015,65626,2090786,712863,399911,632621,1147,344243,
Mar-2002,2258431,95646,65870,2096915,660430,372845,655854,1270,406516,
Apr-2002,1880985,91995,54441,1734549,415196,267206,646534,1229,404384,
May-2002,1611453,94802,46147,1470504,255083,192070,611973,1270,410108,
Jun-2002,1591373,91805,45601,1453967,159973,146151,595674,1229,550941,
Jul-2002,1748435,95227,50359,1602849,125065,136841,605786,1270,733887,
Aug-2002,1725712,93998,49635,1582079,115678,135717,611822,1270,717592,
Sep-2002,1542170,89315,44256,1408599,123904,141457,573310,1229,568699,
Oct-2002,1645873,91673,47265,1506936,250573,199288,613448,1270,442357,
Nov-2002,1913629,91840,55394,1766395,483192,298091,632273,1229,351612,
Dec-2002,2378895,95259,69469,2214167,771634,419358,661782,1270,360123,
Jan-2003,2700545,94993,72816,2532736,945975,514945,687821,1552,382443,
Feb-2003,2500315,86364,67462,2346489,884238,482485,643666,1402,334698,
Mar-2003,2197936,97721,58692,2041522,674582,388190,615956,1552,361243,
Apr-2003,1743530,93569,46108,1603853,414495,261069,574624,1502,352164,
May-2003,1514697,95542,39657,1379497,247693,179065,557167,1552,394021,
Jun-2003,1368369,92521,35652,1240196,157454,134302,511339,1502,435598,
Jul-2003,1600484,93673,42107,1464704,126624,131884,574374,1552,630270,
Aug-2003,1651580,95576,43482,1512522,115852,130829,580776,1552,683513,
Sep-2003,1428554,92079,37347,1299128,128621,136088,564407,1502,468510,
Oct-2003,1553189,95213,40742,1417234,231558,176727,598581,1552,408817,
Nov-2003,1753642,91026,46462,1616154,413663,256260,596599,1502,348129,
Dec-2003,2263659,94005,60963,2108690,738596,387647,645086,1552,335810,
Jan-2004,2675834,94386,68605,2512844,962910,506719,680076,1737,361401,
Feb-2004,2511097,87746,64405,2358946,857450,477627,648777,1625,373466,
Mar-2004,2100921,95007,53307,1952607,591428,357088,627150,1737,375203,
Apr-2004,1745171,91478,43947,1609746,379642,253143,585952,1681,389328,
May-2004,1573043,92131,39356,1441557,213645,172982,568079,1737,485114,
Jun-2004,1483684,90387,37031,1356266,144885,138786,562774,1681,508140,
Jul-2004,1584933,92943,39651,1452339,124882,128669,570650,1737,626401,
Aug-2004,1577962,92594,39477,1445892,119809,128662,583113,1737,612571,
Sep-2004,1482150,87371,37067,1357712,124924,132058,569609,1681,529440,
Oct-2004,1557224,91736,38942,1426546,216417,175142,593409,1737,439841,
Nov-2004,1782796,89828,44990,1647979,407202,256336,606591,1681,376169,
Dec-2004,2327730,92299,59411,2176020,725603,401760,660229,1737,386690,
Jan-2005,2561858,96256,68889,2396713,892345,466725,650989,1944,384710,
Feb-2005,2242986,88430,60200,2094357,759126,411963,590965,1755,330547,
Mar-2005,2205787,98748,58871,2048169,678019,377031,604866,1944,386309,
Apr-2005,1724877,94125,45564,1585188,384163,242656,566130,1881,390358,
May-2005,1522613,95833,39863,1386917,247525,173748,540722,1944,422978,
Jun-2005,1534122,93862,40242,1400018,152020,135458,516522,1881,594137,
Jul-2005,1686609,94516,44485,1547608,122282,124649,521733,1944,777000,
Aug-2005,1695102,94493,44721,1555887,112600,123903,526148,1944,791293,
Sep-2005,1422495,83252,37415,1301829,118261,126731,477413,1881,577543,
Oct-2005,1428227,88025,37443,1302758,202172,162077,501875,1944,434692,
Nov-2005,1663400,89739,43968,1529693,387025,240134,527303,1881,373351,
Dec-2005,2326360,94239,62367,2169754,771237,413844,576502,1944,406226,
Jan-2006,2165268,95508,58834,2010926,713698,396993,579855,2016,318364,
Feb-2006,2144378,86529,58490,1999359,702280,390067,559052,1821,346138,
Mar-2006,2126369,96527,57677,1972165,625925,352874,584380,2016,406970,
Apr-2006,1681005,92558,45145,1543302,355496,225687,534140,1951,426027,
May-2006,1526297,95279,40665,1390353,203512,160316,520100,2016,504409,
Jun-2006,1550879,94355,41391,1415134,141157,134267,508098,1951,629660,
Jul-2006,1758733,96237,47255,1615241,115586,121913,512194,2016,863531,
Aug-2006,1751683,96815,47038,1607830,108439,126396,530783,2016,840197,
Sep-2006,1462070,94660,38844,1328565,124922,133020,520351,1951,548321,
Oct-2006,1644231,98383,43924,1501925,240448,187618,544311,2016,527532,
Nov-2006,1765375,95560,47451,1622364,413409,256210,554208,1951,396586,
Dec-2006,2122784,99566,57501,1965718,623595,346668,579073,2016,414365,
Jan-2007,2475594,100343,67439,2306943,803075,431711,621914,2094,448149,
Feb-2007,2566993,91902,70273,2403778,899461,477253,599687,1891,425485,
Mar-2007,2128845,103417,57526,1967388,616531,354274,578474,2094,416015,
Apr-2007,1810079,98777,48595,1662412,407708,259849,539684,2026,453144,
May-2007,1559080,104599,41342,1414428,215724,168349,521172,2094,507089,
Jun-2007,1555226,101193,41310,1413254,137169,134769,510823,2026,628467,
Jul-2007,1659882,103426,44231,1513157,117616,122408,510518,2094,760521,
Aug-2007,1896137,104005,50914,1741755,112015,127081,531132,2094,969433,
Sep-2007,1590484,101696,42286,1446674,116439,127320,517561,2026,683327,
Oct-2007,1627791,105256,43236,1479110,174272,157691,540961,2094,604092,
Nov-2007,1834529,103977,49140,1681149,405477,257247,568218,2026,448180,
Dec-2007,2399154,107796,65072,2225994,716871,394952,614573,2094,497505,
Jan-2008,2733970,101995,77313,2554281,883643,477148,659829,2201,531460,
Feb-2008,2503421,96255,70698,2335770,818272,458833,617738,2059,438868,
Mar-2008,2278151,104226,63850,2109623,656262,380467,609930,2201,460763,
Apr-2008,1823867,100538,50623,1672724,388459,255171,557357,2130,469607,
May-2008,1576387,103871,43282,1430242,230229,179744,542602,2201,475467,
Jun-2008,1604249,101738,44156,1459015,144313,133735,513401,2130,665436,
Jul-2008,1708641,107037,47092,1556011,118416,127749,525607,2201,782039,
Aug-2008,1682924,105516,46361,1531863,111287,126688,528741,2201,762946,
Sep-2008,1460924,90069,40239,1329726,118100,129153,477778,2130,602565,
Oct-2008,1635827,101348,45052,1488645,218058,185477,537665,2201,545244,
Nov-2008,1868947,101561,51903,1714971,433370,275603,546277,2130,457591,
Dec-2008,2399702,105549,67386,2226478,771868,422761,553255,2201,476394,
Jan-2009,2729715,110186,81144,2538368,947740,517891,582995,2315,487426,
Feb-2009,2332539,100434,69119,2162215,756341,426622,523688,2091,453472,
Mar-2009,2170709,110456,63814,1996245,600328,358253,535671,2315,499678,
Apr-2009,1741293,105047,50684,1585512,390344,249120,492412,2241,451395,
May-2009,1504000,108587,43256,1353150,201447,166233,467679,2315,515476,
Jun-2009,1527833,105563,44075,1378772,141121,133503,459110,2241,642797,
Jul-2009,1657997,107672,48056,1503321,118624,128095,476270,2315,778017,
Aug-2009,1736462,108525,50455,1578354,111479,128831,495412,2315,840317,
Sep-2009,1574975,102145,45621,1427135,119681,131405,483796,2241,690011,
Oct-2009,1666520,106913,48298,1510867,251028,198631,521880,2315,537013,
Nov-2009,1776171,103532,51782,1619852,376488,251343,532696,2241,457085,
Dec-2009,2491864,106179,73871,2310875,764286,428665,595763,2315,519846,
Jan-2010,2809788,105622,79950,2624217,932605,499107,644259,2434,545811,
Feb-2010,2480950,97743,70460,2312746,794779,440859,595295,2199,479615,
Mar-2010,2142925,108557,60147,1974222,579243,337183,598498,2434,456864,
Apr-2010,1691813,104763,46922,1540128,313171,215375,537745,2356,471481,
May-2010,1617274,107550,44635,1465089,197513,161154,544323,2434,559665,
Jun-2010,1649515,102824,45728,1500962,134038,129712,529191,2356,705665,
Jul-2010,1825828,106759,50825,1668244,111307,120183,537138,2434,897182,
Aug-2010,1878926,108019,52357,1718550,107074,126673,539366,2434,943002,
Sep-2010,1637491,107186,45244,1485061,117299,132944,535739,2356,696723,
Oct-2010,1664938,112815,45889,1506234,201580,185337,546520,2434,570363,
Nov-2010,1973294,109026,55118,1809151,446801,286696,576758,2356,496539,
Dec-2010,2714054,114763,76849,2522442,847001,467371,641361,2434,564274,
Jan-2011,2888640,106975,82626,2699039,969775,527999,658927,2546,539792,
Feb-2011,2452403,96973,69965,2285465,767994,431732,599754,2299,483686,
Mar-2011,2230493,111445,62944,2056105,594929,360938,615767,2546,481926,
Apr-2011,1825023,108766,50979,1665278,340552,232006,568804,2464,521453,
May-2011,1667396,111897,46204,1509295,205399,166250,563102,2546,571998,
Jun-2011,1657334,107452,46037,1503845,132672,133856,535440,2464,699414,
Jul-2011,1890515,109606,52900,1728010,114187,130147,542556,2546,938575,
Aug-2011,1891783,110980,52896,1727907,112280,137962,553670,2546,921449,
Sep-2011,1655634,109465,45927,1500242,122751,141634,549196,2464,684198,
Oct-2011,1744454,116320,48362,1579772,225506,206142,570646,2546,574932,
Nov-2011,2031872,114768,56945,1860159,434502,286449,594199,2464,542546,
Dec-2011,2541878,117941,72000,2351937,693232,400205,642060,2546,613894,
Jan-2012,2756180,118883,79832,2557465,794368,445861,665876,2538,648823,
Feb-2012,2500654,109038,72395,2319221,662056,387045,623215,2375,644530,
Mar-2012,2127761,117005,60866,1949890,403150,261564,608538,2538,674099,
Apr-2012,1953071,112909,55702,1784460,279211,208940,579515,2457,714338,
May-2012,1873835,117153,53175,1703507,163083,149137,576282,2538,812467,
Jun-2012,1868356,112654,53145,1702557,123336,131071,565812,2457,879881,
Jul-2012,2069773,119418,59038,1891318,107517,124496,575079,2538,1081688,
Aug-2012,2008815,118830,57210,1832775,105604,133475,587219,2538,1003938,
Sep-2012,1807208,115658,51204,1640347,118611,141657,575034,2457,802588,
Oct-2012,1901084,119771,53921,1727393,240105,212768,602786,2538,669195,
Nov-2012,2167841,116074,62107,1989660,482134,308076,617247,2457,579745,
Dec-2012,2503907,118880,72195,2312832,670344,390835,649613,2538,599502,
Jan-2013,2878785,123951,93018,2661816,872291,478984,676303,2552,631685,
Feb-2013,2567155,112282,82890,2371983,750082,429014,622193,2305,568388,
Mar-2013,2521108,123977,80940,2316191,662262,393457,654009,2552,603910,
Apr-2013,1967458,121527,62329,1783603,366420,249295,600591,2469,564827,
May-2013,1752469,125149,54947,1572373,193222,168850,592942,2552,614808,
Jun-2013,1742917,120934,54767,1567216,127659,136047,563890,2469,737150,
Jul-2013,1926330,127432,60741,1738157,111509,135057,577915,2552,911124,
Aug-2013,1927379,127158,60785,1739436,107731,137019,591603,2552,900530,
Sep-2013,1766973,122736,55518,1588718,117803,141926,575038,2469,751482,
Oct-2013,1866762,127212,58737,1680814,222668,206671,611884,2552,637038,
Nov-2013,2316909,124369,74032,2118508,517529,345132,652358,2469,601019,
Dec-2013,2920826,126358,94357,2700111,848195,473848,706724,2552,668792,
Jan-2014,3204129,120915,86069,2997145,1037197,571744,722327,2997,662881,
Feb-2014,2741240,111800,73402,2556038,852927,490105,659190,2707,551109,
Mar-2014,2557890,124673,67924,2365293,699921,420934,680634,2997,560808,
Apr-2014,1961678,123603,51310,1786764,356142,251038,627785,2900,548899,
May-2014,1810222,127034,46987,1636202,203456,176753,606067,2997,646929,
Jun-2014,1745351,123570,45272,1576508,125596,141451,585811,2900,720750,
Jul-2014,1881017,130405,48869,1701744,112785,137609,605051,2997,843303,
Aug-2014,1933061,131115,50302,1751644,105187,137122,608533,2997,897806,
Sep-2014,1809291,126840,46966,1635485,121736,148913,590989,2900,770947,
Oct-2014,1912810,132368,49702,1730740,212079,202359,609917,2997,703390,
Nov-2014,2357521,127279,62258,2167984,543538,361530,659624,2900,600392,
Dec-2014,2679165,132541,71090,2475535,716907,426751,690112,2997,638769,
Jan-2015,3114982,132608,78800,2903574,937954,532631,718319,3345,711324,
Feb-2015,2925172,120370,74108,2730693,902364,517341,659623,3022,648343,
Mar-2015,2591329,133856,64931,2392542,633081,385772,661612,3345,708731,
Apr-2015,2007922,131408,49581,1826933,319285,232201,607933,3238,664276,
May-2015,1858149,133834,45560,1678755,177570,160511,602843,3345,734486,
Jun-2015,1899906,129215,46785,1723906,124066,135446,574682,3238,886475,
Jul-2015,2067714,133945,51094,1882675,108160,133728,591900,3345,1045542,
Aug-2015,2052728,134098,50694,1867936,102855,135279,599867,3345,1026590,
Sep-2015,1901337,130591,46786,1723960,108491,138126,579061,3238,895044,
Oct-2015,1987310,133961,48969,1804380,201540,194961,612994,3345,791541,
Nov-2015,2249140,129096,56016,2064029,406610,283231,638537,3238,732413,
Dec-2015,2588168,133407,64859,2389902,590911,352506,674532,3345,768606,
Jan-2016,3091695,132516,78465,2880714,878936,503093,721171,3560,773954,
Feb-2016,2652260,125722,66993,2459545,690077,413548,662790,3330,689800,
Mar-2016,2356298,132875,58956,2164467,455001,298447,662694,3560,744765,
Apr-2016,2083848,128499,51848,1903501,328059,233059,620045,3445,718893,
May-2016,1965799,131270,48644,1785885,193922,171297,612675,3560,804431,
Jun-2016,2000656,125818,49713,1825125,122640,138340,590392,3445,970308,
Jul-2016,2186616,131076,54504,2001036,106420,134609,616480,3560,1139968,
Aug-2016,2208375,130037,55109,2023229,100455,140436,627541,3560,1151236,
Sep-2016,1947752,125008,48332,1774412,109782,142031,603868,3445,915286,
Oct-2016,1925203,128669,47637,1748897,187385,191437,622720,3560,743796,
Nov-2016,2159445,125558,53930,1979957,379746,280600,654119,3445,662046,
Dec-2016,2866273,128282,72600,2665391,794164,462687,734194,3560,670787,
Jan-2017,2913823,126894,78712,2708217,830917,479371,734212,4094,659623,
Feb-2017,2340217,116217,62816,2161185,579458,359436,649811,3698,568781,
Mar-2017,2523331,131579,67554,2324198,579941,371668,696319,4094,672176,
Apr-2017,1932042,127491,50973,1753578,278972,211971,631624,3962,627049,
May-2017,1892010,131738,49723,1710548,199486,178502,628407,4094,700059,
Jun-2017,1910441,128725,50330,1731387,124057,138039,614294,3962,851035,
Jul-2017,2141595,134387,56698,1950510,107443,133651,623497,4094,1081826,
Aug-2017,2093773,134312,55349,1904112,103835,137228,636935,4094,1022019,
Sep-2017,1920466,132252,50513,1737701,114508,144828,615144,3962,859260,
Oct-2017,2031510,139089,53456,1838965,205087,200683,656558,4094,772543,
Nov-2017,2357258,138792,62661,2155805,467729,322432,695526,3962,666156,
Dec-2017,3086015,144427,83080,2858509,821890,486806,760689,4094,785029,
Jan-2018,3340935,134390,98811,3107734,981276,553970,782206,4282,786001,
Feb-2018,2710719,123921,79713,2507085,689887,424203,699106,3867,690022,
Mar-2018,2796708,138799,81905,2576005,659389,417944,737863,4282,756528,
Apr-2018,2350481,134093,68299,2148089,440848,301841,697338,4144,703919,
May-2018,2055019,140156,59007,1855856,169019,163748,670722,4282,848085,
Jun-2018,2063144,136321,59376,1867447,119244,142401,649104,4144,952554,
Jul-2018,2350719,143671,68011,2139037,105918,137574,667748,4282,1223514,
Aug-2018,2313836,146569,66785,2100482,99781,142976,667914,4282,1185530,
Sep-2018,2156063,144167,61997,1949898,112317,146602,657035,4144,1029799,
Oct-2018,2285854,150862,65791,2069201,255318,237370,684417,4282,887814,
Nov-2018,2715942,148545,79115,2488282,598977,386256,735954,4144,762951,
Dec-2018,2999510,152744,87724,2759042,765580,459067,767892,4282,762221,
Jan-2019,3409295,150706,105186,3153403,953171,554061,801290,4344,840537,
Feb-2019,3010255,136965,92749,2780541,808724,472073,719482,3924,776339,
Mar-2019,2906919,152672,88906,2665341,688144,424050,750667,4344,798136,
Apr-2019,2204996,148340,66388,1990267,328421,246441,675503,4204,735698,
May-2019,2126139,154497,63644,1907998,212341,184799,675280,4344,831234,
Jun-2019,2119425,150102,63569,1905754,129157,144568,634573,4204,993253,
Jul-2019,2409508,155928,72745,2180835,111629,141651,649985,4344,1273225,
Aug-2019,2440706,159752,73628,2207326,101840,140705,672136,4344,1288300,
Sep-2019,2217254,154403,66588,1996263,109775,143062,644435,4204,1094787,
Oct-2019,2327959,161804,69923,2096233,231622,215982,684410,4344,959873,
Nov-2019,2778553,157739,84599,2536215,588674,388610,735260,4204,819468,
Dec-2019,3148053,163446,96342,2888266,752105,456605,778634,4344,896577,
Jan-2020,3295974,160870,100076,3035028,820510,486910,791385,4996,931227,
Feb-2020,3032619,149600,92080,2790939,732603,443357,731678,4673,878627,
Mar-2020,2708378,160092,82235,2466052,524858,337078,720293,4996,878828,
Apr-2020,2245121,151786,68169,2025166,375432,236913,644030,4835,763956,
May-2020,2070883,148337,62878,1859668,235016,161109,624852,4996,833696,
Jun-2020,2135119,145435,64829,1924855,135813,131603,607213,4835,1045391,
Jul-2020,2494326,152878,75736,2265712,117990,128560,641264,4996,1372903,
Aug-2020,2406672,153551,73074,2180047,109639,131356,653509,4996,1280547,
Sep-2020,2173850,147496,66005,1960349,125365,142167,650665,4835,1037317,
Oct-2020,2328918,151504,70713,2106701,244108,207541,696217,4996,953839,
,,,,,,,,,,
