Date,"Weekly Cushing, OK WTI Spot Price FOB  (Dollars per Barrel)"
1986/1/3,25.78
1986/1/10,25.99
1986/1/17,24.57
1986/1/24,20.31
1986/1/31,19.69
1986/2/7,16.72
1986/2/14,16.25
1986/2/21,14.39
1986/2/28,14.25
1986/3/7,12.27
1986/3/14,13.07
1986/3/21,13.45
1986/3/28,12
1986/4/4,11.44
1986/4/11,13.46
1986/4/18,12.16
1986/4/25,13.44
1986/5/2,13.76
1986/5/9,15.08
1986/5/16,15.74
1986/5/23,16.37
1986/5/30,14.64
1986/6/6,13.25
1986/6/13,13.21
1986/6/20,13.82
1986/6/27,13.56
1986/7/4,12.23
1986/7/11,11.13
1986/7/18,12.17
1986/7/25,11.31
1986/8/1,11.45
1986/8/8,14.63
1986/8/15,15.39
1986/8/22,15.3
1986/8/29,15.77
1986/9/5,16.07
1986/9/12,15.13
1986/9/19,14.23
1986/9/26,14.3
1986/10/3,15.02
1986/10/10,15.16
1986/10/17,14.69
1986/10/24,15.01
1986/10/31,14.53
1986/11/7,14.98
1986/11/14,15.45
1986/11/21,15.4
1986/11/28,15.01
1986/12/5,15.2
1986/12/12,15.34
1986/12/19,16.23
1986/12/26,17.05
1987/1/2,17.86
1987/1/9,18.38
1987/1/16,19.04
1987/1/23,18.68
1987/1/30,18.62
1987/2/6,18.45
1987/2/13,18.14
1987/2/20,17.63
1987/2/27,16.75
1987/3/6,17.47
1987/3/13,18.31
1987/3/20,18.72
1987/3/27,18.59
1987/4/3,18.77
1987/4/10,18.6
1987/4/17,18.3
1987/4/24,18.94
1987/5/1,18.76
1987/5/8,19.14
1987/5/15,19.52
1987/5/22,19.85
1987/5/29,19.34
1987/6/5,19.73
1987/6/12,19.88
1987/6/19,20.38
1987/6/26,20.21
1987/7/3,20.46
1987/7/10,21.06
1987/7/17,22.03
1987/7/24,21.5
1987/7/31,21.25
1987/8/7,21.52
1987/8/14,20.8
1987/8/21,19.61
1987/8/28,19.42
1987/9/4,19.56
1987/9/11,19.38
1987/9/18,19.63
1987/9/25,19.57
1987/10/2,19.64
1987/10/9,19.65
1987/10/16,19.82
1987/10/23,19.98
1987/10/30,20.03
1987/11/6,19.17
1987/11/13,18.88
1987/11/20,18.6
1987/11/27,18.83
1987/12/4,18.62
1987/12/11,18.34
1987/12/18,16.35
1987/12/25,16.23
1988/1/1,16.78
1988/1/8,17.6
1988/1/15,16.79
1988/1/22,17.2
1988/1/29,16.92
1988/2/5,17.08
1988/2/12,17.24
1988/2/19,16.7
1988/2/26,16.33
1988/3/4,15.64
1988/3/11,15.74
1988/3/18,16.08
1988/3/25,16.58
1988/4/1,17.07
1988/4/8,16.89
1988/4/15,18.15
1988/4/22,18.16
1988/4/29,18.25
1988/5/6,17.34
1988/5/13,17.51
1988/5/20,17.53
1988/5/27,17.29
1988/6/3,17.55
1988/6/10,17.15
1988/6/17,16.58
1988/6/24,15.95
1988/7/1,15.47
1988/7/8,15.45
1988/7/15,14.64
1988/7/22,15.86
1988/7/29,16.14
1988/8/5,15.45
1988/8/12,15.67
1988/8/19,15.58
1988/8/26,15.54
1988/9/2,15.13
1988/9/9,14.4
1988/9/16,14.75
1988/9/23,14.9
1988/9/30,13.94
1988/10/7,12.85
1988/10/14,14.08
1988/10/21,14.76
1988/10/28,13.44
1988/11/4,13.75
1988/11/11,13.93
1988/11/18,13.75
1988/11/25,14.43
1988/12/2,15.33
1988/12/9,15.61
1988/12/16,16.31
1988/12/23,17.04
1988/12/30,16.99
1989/1/6,17.35
1989/1/13,18.06
1989/1/20,19.05
1989/1/27,17.85
1989/2/3,17.41
1989/2/10,17.39
1989/2/17,18.08
1989/2/24,18.46
1989/3/3,18.4
1989/3/10,18.5
1989/3/17,19.71
1989/3/24,20
1989/3/31,20.4
1989/4/7,20.11
1989/4/14,20.56
1989/4/21,22.73
1989/4/28,20.87
1989/5/5,20.23
1989/5/12,19.75
1989/5/19,20.42
1989/5/26,20.28
1989/6/2,19.89
1989/6/9,20.08
1989/6/16,19.94
1989/6/23,19.95
1989/6/30,20.25
1989/7/7,20.59
1989/7/14,20.42
1989/7/21,20.06
1989/7/28,18.34
1989/8/4,18.15
1989/8/11,18.25
1989/8/18,18.77
1989/8/25,18.96
1989/9/1,18.77
1989/9/8,19.31
1989/9/15,19.8
1989/9/22,19.63
1989/9/29,19.77
1989/10/6,20.03
1989/10/13,20.37
1989/10/20,20.46
1989/10/27,19.65
1989/11/3,19.99
1989/11/10,19.89
1989/11/17,19.74
1989/11/24,20.02
1989/12/1,19.7
1989/12/8,20.36
1989/12/15,20.81
1989/12/22,21.76
1989/12/29,21.78
1990/1/5,23.29
1990/1/12,22.62
1990/1/19,22.71
1990/1/26,23.08
1990/2/2,22.7
1990/2/9,22.23
1990/2/16,22.27
1990/2/23,21.81
1990/3/2,21.51
1990/3/9,21.01
1990/3/16,20.19
1990/3/23,19.73
1990/3/30,20.26
1990/4/6,19.83
1990/4/13,17.96
1990/4/20,17.6
1990/4/27,18.2
1990/5/4,18.37
1990/5/11,18.71
1990/5/18,19.19
1990/5/25,16.83
1990/6/1,17.72
1990/6/8,16.77
1990/6/15,17.11
1990/6/22,15.9
1990/6/29,16.84
1990/7/6,16.68
1990/7/13,17.64
1990/7/20,18.83
1990/7/27,19.89
1990/8/3,21.98
1990/8/10,27.32
1990/8/17,27.27
1990/8/24,30.08
1990/8/31,27.13
1990/9/7,29.67
1990/9/14,30.99
1990/9/21,34.21
1990/9/28,39.16
1990/10/5,36.64
1990/10/12,39.88
1990/10/19,36.84
1990/10/26,31.32
1990/11/2,34.95
1990/11/9,33.89
1990/11/16,31.5
1990/11/23,30.69
1990/11/30,32.32
1990/12/7,27.72
1990/12/14,26.39
1990/12/21,27.56
1990/12/28,27.21
1991/1/4,26.38
1991/1/11,27.55
1991/1/18,26.85
1991/1/25,24.08
1991/2/1,21.41
1991/2/8,21.3
1991/2/15,22.12
1991/2/22,19.38
1991/3/1,18.73
1991/3/8,19.86
1991/3/15,19.89
1991/3/22,20.3
1991/3/29,19.58
1991/4/5,19.63
1991/4/12,20.89
1991/4/19,21.48
1991/4/26,21.19
1991/5/3,21.23
1991/5/10,21.69
1991/5/17,20.95
1991/5/24,21.04
1991/5/31,21.21
1991/6/7,20.63
1991/6/14,19.84
1991/6/21,20.08
1991/6/28,20.21
1991/7/5,20.8
1991/7/12,21.43
1991/7/19,21.91
1991/7/26,21.4
1991/8/2,21.46
1991/8/9,21.5
1991/8/16,21.44
1991/8/23,21.99
1991/8/30,21.98
1991/9/6,21.84
1991/9/13,21.54
1991/9/20,21.85
1991/9/27,22.24
1991/10/4,22.41
1991/10/11,23.08
1991/10/18,23.82
1991/10/25,23.46
1991/11/1,23.32
1991/11/8,23.47
1991/11/15,22.57
1991/11/22,22.04
1991/11/29,21.49
1991/12/6,20.55
1991/12/13,19.64
1991/12/20,19.2
1991/12/27,18.68
1992/1/3,19.11
1992/1/10,18.41
1992/1/17,18.81
1992/1/24,18.66
1992/1/31,19.05
1992/2/7,19.42
1992/2/14,19.49
1992/2/21,18.62
1992/2/28,18.51
1992/3/6,18.55
1992/3/13,18.76
1992/3/20,19.1
1992/3/27,19.09
1992/4/3,19.73
1992/4/10,20.43
1992/4/17,20.06
1992/4/24,20.06
1992/5/1,20.63
1992/5/8,20.86
1992/5/15,20.8
1992/5/22,20.49
1992/5/29,21.98
1992/6/5,22.38
1992/6/12,22.35
1992/6/19,22.26
1992/6/26,22.68
1992/7/3,22.03
1992/7/10,21.48
1992/7/17,21.58
1992/7/24,21.95
1992/7/31,21.95
1992/8/7,21.34
1992/8/14,21.18
1992/8/21,21.39
1992/8/28,21.43
1992/9/4,21.66
1992/9/11,21.94
1992/9/18,22.21
1992/9/25,21.71
1992/10/2,21.81
1992/10/9,21.9
1992/10/16,22.25
1992/10/23,21.58
1992/10/30,20.95
1992/11/6,20.52
1992/11/13,20.37
1992/11/20,20.35
1992/11/27,20.16
1992/12/4,19.38
1992/12/11,19.01
1992/12/18,19.38
1992/12/25,19.91
1993/1/1,19.63
1993/1/8,19
1993/1/15,18.62
1993/1/22,18.61
1993/1/29,19.9
1993/2/5,20.22
1993/2/12,20.13
1993/2/19,19.51
1993/2/26,20.4
1993/3/5,20.69
1993/3/12,20.45
1993/3/19,20.14
1993/3/26,20
1993/4/2,20.44
1993/4/9,20.37
1993/4/16,20.28
1993/4/23,19.95
1993/4/30,20.3
1993/5/7,20.47
1993/5/14,20.06
1993/5/21,19.43
1993/5/28,19.84
1993/6/4,19.95
1993/6/11,19.43
1993/6/18,18.76
1993/6/25,18.52
1993/7/2,18.61
1993/7/9,18.02
1993/7/16,17.72
1993/7/23,17.54
1993/7/30,18.18
1993/8/6,17.67
1993/8/13,17.87
1993/8/20,17.84
1993/8/27,18.49
1993/9/3,18.1
1993/9/10,16.96
1993/9/17,16.94
1993/9/24,17.67
1993/10/1,18.33
1993/10/8,18.46
1993/10/15,18.57
1993/10/22,18.12
1993/10/29,17.37
1993/11/5,17.29
1993/11/12,16.71
1993/11/19,16.75
1993/11/26,16.08
1993/12/3,15.21
1993/12/10,14.68
1993/12/17,14.31
1993/12/24,14.4
1993/12/31,14.21
1994/1/7,15.03
1994/1/14,14.67
1994/1/21,15.02
1994/1/28,15.34
1994/2/4,15.76
1994/2/11,14.87
1994/2/18,14.13
1994/2/25,14.44
1994/3/4,14.68
1994/3/11,14.24
1994/3/18,14.82
1994/3/25,15.15
1994/4/1,14.44
1994/4/8,15.65
1994/4/15,16.07
1994/4/22,17.02
1994/4/29,16.93
1994/5/6,17.2
1994/5/13,17.93
1994/5/20,18.21
1994/5/27,18.14
1994/6/3,18.24
1994/6/10,18.26
1994/6/17,19.61
1994/6/24,19.8
1994/7/1,19.16
1994/7/8,19.39
1994/7/15,20.16
1994/7/22,19.39
1994/7/29,19.66
1994/8/5,20.09
1994/8/12,18.88
1994/8/19,17.85
1994/8/26,17.23
1994/9/2,17.52
1994/9/9,17.65
1994/9/16,16.93
1994/9/23,17.38
1994/9/30,17.83
1994/10/7,18.13
1994/10/14,17.37
1994/10/21,17.35
1994/10/28,17.93
1994/11/4,18.69
1994/11/11,18.25
1994/11/18,17.51
1994/11/25,17.73
1994/12/2,17.78
1994/12/9,16.99
1994/12/16,16.86
1994/12/23,17.1
1994/12/30,17.71
1995/1/6,17.62
1995/1/13,17.55
1995/1/20,18.45
1995/1/27,18.34
1995/2/3,18.5
1995/2/10,18.42
1995/2/17,18.55
1995/2/24,18.75
1995/3/3,18.5
1995/3/10,18.27
1995/3/17,18.13
1995/3/24,18.69
1995/3/31,19.12
1995/4/7,19.43
1995/4/14,19.53
1995/4/21,20.26
1995/4/28,20.29
1995/5/5,20.24
1995/5/12,19.74
1995/5/19,19.98
1995/5/26,19.37
1995/6/2,18.92
1995/6/9,19.05
1995/6/16,18.91
1995/6/23,17.88
1995/6/30,17.71
1995/7/7,17.28
1995/7/14,17.34
1995/7/21,17.21
1995/7/28,17.41
1995/8/4,17.72
1995/8/11,17.81
1995/8/18,17.6
1995/8/25,19.02
1995/9/1,17.88
1995/9/8,18.37
1995/9/15,18.72
1995/9/22,18.32
1995/9/29,17.55
1995/10/6,17.29
1995/10/13,17.28
1995/10/20,17.51
1995/10/27,17.56
1995/11/3,17.79
1995/11/10,17.76
1995/11/17,18.06
1995/11/24,17.99
1995/12/1,18.32
1995/12/8,18.74
1995/12/15,19.02
1995/12/22,19.12
1995/12/29,19.44
1996/1/5,19.99
1996/1/12,19.43
1996/1/19,18.64
1996/1/26,18.35
1996/2/2,17.64
1996/2/9,17.72
1996/2/16,18.8
1996/2/23,21.45
1996/3/1,19.49
1996/3/8,19.72
1996/3/15,20.8
1996/3/22,23.16
1996/3/29,22.03
1996/4/5,22.49
1996/4/12,23.95
1996/4/19,24.34
1996/4/26,23.8
1996/5/3,21.16
1996/5/10,20.98
1996/5/17,21.06
1996/5/24,22.24
1996/5/31,20.37
1996/6/7,20.04
1996/6/14,20.15
1996/6/21,20.95
1996/6/28,20.55
1996/7/5,21.4
1996/7/12,21.65
1996/7/19,21.8
1996/7/26,20.96
1996/8/2,20.66
1996/8/9,21.35
1996/8/16,22.25
1996/8/23,22.5
1996/8/30,21.82
1996/9/6,23.48
1996/9/13,24.42
1996/9/20,23.52
1996/9/27,24.33
1996/10/4,24.44
1996/10/11,24.93
1996/10/18,25.45
1996/10/25,25.15
1996/11/1,23.91
1996/11/8,22.92
1996/11/15,23.9
1996/11/22,24.03
1996/11/29,24.21
1996/12/6,25.14
1996/12/13,24.2
1996/12/20,26.02
1996/12/27,25.44
1997/1/3,25.59
1997/1/10,26.3
1997/1/17,25.42
1997/1/24,24.4
1997/1/31,24.24
1997/2/7,23.49
1997/2/14,22.21
1997/2/21,22.18
1997/2/28,20.83
1997/3/7,20.77
1997/3/14,20.64
1997/3/21,21.72
1997/3/28,20.83
1997/4/4,19.76
1997/4/11,19.38
1997/4/18,19.65
1997/4/25,19.85
1997/5/2,19.99
1997/5/9,19.94
1997/5/16,21.45
1997/5/23,21.43
1997/5/30,20.9
1997/6/6,20.12
1997/6/13,18.88
1997/6/20,18.93
1997/6/27,19
1997/7/4,19.95
1997/7/11,19.44
1997/7/18,19.49
1997/7/25,19.52
1997/8/1,20.13
1997/8/8,20.35
1997/8/15,19.99
1997/8/22,19.92
1997/8/29,19.5
1997/9/5,19.61
1997/9/12,19.44
1997/9/19,19.44
1997/9/26,20.12
1997/10/3,21.62
1997/10/10,22.01
1997/10/17,21.03
1997/10/24,21
1997/10/31,20.92
1997/11/7,20.65
1997/11/14,20.66
1997/11/21,19.81
1997/11/28,19.3
1997/12/5,18.69
1997/12/12,18.44
1997/12/19,18.31
1997/12/26,18.31
1998/1/2,17.58
1998/1/9,16.83
1998/1/16,16.47
1998/1/23,16.02
1998/1/30,17.3
1998/2/6,16.65
1998/2/13,16.25
1998/2/20,16.03
1998/2/27,15.3
1998/3/6,15.23
1998/3/13,14.4
1998/3/20,14.04
1998/3/27,16.42
1998/4/3,15.98
1998/4/10,15.55
1998/4/17,15.53
1998/4/24,14.5
1998/5/1,15.71
1998/5/8,15.48
1998/5/15,15.03
1998/5/22,13.91
1998/5/29,14.99
1998/6/5,15.02
1998/6/12,13.42
1998/6/19,12.04
1998/6/26,14.17
1998/7/3,14.41
1998/7/10,13.94
1998/7/17,14.48
1998/7/24,13.89
1998/7/31,14.24
1998/8/7,13.83
1998/8/14,13.12
1998/8/21,13.33
1998/8/28,13.65
1998/9/4,13.98
1998/9/11,14.45
1998/9/18,14.88
1998/9/25,15.78
1998/10/2,15.83
1998/10/9,15.02
1998/10/16,14.21
1998/10/23,13.81
1998/10/30,14.34
1998/11/6,14.13
1998/11/13,13.63
1998/11/20,12.4
1998/11/27,11.62
1998/12/4,11.28
1998/12/11,11.16
1998/12/18,11.5
1998/12/25,11
1999/1/1,11.83
1999/1/8,12.67
1999/1/15,12.62
1999/1/22,12.26
1999/1/29,12.46
1999/2/5,12.16
1999/2/12,11.81
1999/2/19,11.66
1999/2/26,12.36
1999/3/5,12.9
1999/3/12,14.19
1999/3/19,14.91
1999/3/26,15.55
1999/4/2,16.61
1999/4/9,16.45
1999/4/16,16.77
1999/4/23,17.93
1999/4/30,18.23
1999/5/7,18.62
1999/5/14,18
1999/5/21,17.18
1999/5/28,17.07
1999/6/4,16.77
1999/6/11,17.96
1999/6/18,18.21
1999/6/25,18.05
1999/7/2,19.04
1999/7/9,19.87
1999/7/16,20.21
1999/7/23,19.89
1999/7/30,20.62
1999/8/6,20.54
1999/8/13,21.44
1999/8/20,21.62
1999/8/27,21.21
1999/9/3,21.88
1999/9/10,23
1999/9/17,24.28
1999/9/24,24.53
1999/10/1,24.58
1999/10/8,22.72
1999/10/15,22.54
1999/10/22,22.65
1999/10/29,22.5
1999/11/5,22.72
1999/11/12,24.22
1999/11/19,26.05
1999/11/26,27.35
1999/12/3,25.46
1999/12/10,26.19
1999/12/17,26.2
1999/12/24,26.07
1999/12/31,26.34
2000/1/7,24.95
2000/1/14,26.27
2000/1/21,29.37
2000/1/28,28.34
2000/2/4,28.08
2000/2/11,28.83
2000/2/18,29.87
2000/2/25,30.1
2000/3/3,31.07
2000/3/10,32.14
2000/3/17,31.29
2000/3/24,27.99
2000/3/31,26.92
2000/4/7,25.6
2000/4/14,24.87
2000/4/21,26.66
2000/4/28,25.95
2000/5/5,26.75
2000/5/12,28.7
2000/5/19,29.88
2000/5/26,29.46
2000/6/2,29.98
2000/6/9,29.79
2000/6/16,32.45
2000/6/23,33.55
2000/6/30,32.12
2000/7/7,30.4
2000/7/14,30.44
2000/7/21,30.65
2000/7/28,28.02
2000/8/4,28.5
2000/8/11,30.14
2000/8/18,31.82
2000/8/25,32.46
2000/9/1,33.08
2000/9/8,34.42
2000/9/15,34.7
2000/9/22,35.49
2000/9/29,31.13
2000/10/6,31.27
2000/10/13,33.9
2000/10/20,33.48
2000/10/27,33.92
2000/11/3,32.78
2000/11/10,33.46
2000/11/17,35
2000/11/24,35.91
2000/12/1,34.1
2000/12/8,29.69
2000/12/15,29.05
2000/12/22,27.38
2000/12/29,26.52
2001/1/5,27.8
2001/1/12,28.81
2001/1/19,30.63
2001/1/26,31.35
2001/2/2,29.59
2001/2/9,30.92
2001/2/16,29.67
2001/2/23,28.65
2001/3/2,27.91
2001/3/9,28.45
2001/3/16,27.02
2001/3/23,26.42
2001/3/30,26.86
2001/4/6,26.76
2001/4/13,28.27
2001/4/20,27.89
2001/4/27,26.99
2001/5/4,28.36
2001/5/11,28.12
2001/5/18,29.08
2001/5/25,28.92
2001/6/1,28.44
2001/6/8,27.98
2001/6/15,28.9
2001/6/22,27.09
2001/6/29,26.37
2001/7/6,26.87
2001/7/13,27.07
2001/7/20,25.26
2001/7/27,26.5
2001/8/3,27.1
2001/8/10,27.87
2001/8/17,27.52
2001/8/24,27.25
2001/8/31,26.84
2001/9/7,27.38
2001/9/14,28.22
2001/9/21,27.09
2001/9/28,22.35
2001/10/5,22.6
2001/10/12,22.66
2001/10/19,21.92
2001/10/26,21.78
2001/11/2,21.17
2001/11/9,20.7
2001/11/16,19.61
2001/11/23,18.28
2001/11/30,19.13
2001/12/7,19.47
2001/12/14,18.45
2001/12/21,19.2
2001/12/28,20.94
2002/1/4,20.8
2002/1/11,20.54
2002/1/18,18.61
2002/1/25,19.21
2002/2/1,19.71
2002/2/8,19.97
2002/2/15,21.18
2002/2/22,20.7
2002/3/1,21.43
2002/3/8,23.31
2002/3/15,24.4
2002/3/22,25.25
2002/3/29,25.86
2002/4/5,26.99
2002/4/12,25.24
2002/4/19,25.54
2002/4/26,26.46
2002/5/3,26.88
2002/5/10,27.27
2002/5/17,28.43
2002/5/24,27.18
2002/5/31,25.22
2002/6/7,25.01
2002/6/14,24.94
2002/6/21,25.61
2002/6/28,26.52
2002/7/5,26.81
2002/7/12,26.7
2002/7/19,27.62
2002/7/26,26.64
2002/8/2,26.87
2002/8/9,26.77
2002/8/16,28.52
2002/8/23,30.09
2002/8/30,28.84
2002/9/6,28.65
2002/9/13,29.59
2002/9/20,29.39
2002/9/27,30.63
2002/10/4,30.25
2002/10/11,29.37
2002/10/18,29.65
2002/10/25,27.88
2002/11/1,27.03
2002/11/8,25.97
2002/11/15,25.68
2002/11/22,26.98
2002/11/29,26.83
2002/12/6,27.14
2002/12/13,27.82
2002/12/20,30.35
2002/12/27,32.38
2003/1/3,31.96
2003/1/10,31.54
2003/1/17,33.04
2003/1/24,34.46
2003/1/31,33.19
2003/2/7,33.95
2003/2/14,35.79
2003/2/21,36.78
2003/2/28,36.98
2003/3/7,36.98
2003/3/14,36.66
2003/3/21,30.46
2003/3/28,30.43
2003/4/4,29.33
2003/4/11,28.03
2003/4/18,29.28
2003/4/25,28.43
2003/5/2,25.69
2003/5/9,26.58
2003/5/16,28.54
2003/5/23,29.29
2003/5/30,29.1
2003/6/6,30.68
2003/6/13,31.46
2003/6/20,30.6
2003/6/27,30.01
2003/7/4,30.31
2003/7/11,30.73
2003/7/18,31.48
2003/7/25,30.61
2003/8/1,30.73
2003/8/8,32.11
2003/8/15,31.31
2003/8/22,31.19
2003/8/29,31.56
2003/9/5,29.2
2003/9/12,28.92
2003/9/19,27.39
2003/9/26,27.73
2003/10/3,29.43
2003/10/10,30.69
2003/10/17,31.49
2003/10/24,30.17
2003/10/31,29.28
2003/11/7,29.79
2003/11/14,31.56
2003/11/21,32.58
2003/11/28,30.11
2003/12/5,30.63
2003/12/12,32.16
2003/12/19,33.2
2003/12/26,32.24
2004/1/2,32.68
2004/1/9,33.89
2004/1/16,34.51
2004/1/23,35.45
2004/1/30,33.61
2004/2/6,33.41
2004/2/13,33.88
2004/2/20,35.54
2004/2/27,36.08
2004/3/5,36.67
2004/3/12,36.44
2004/3/19,37.78
2004/3/26,36.65
2004/4/2,35.23
2004/4/9,35.7
2004/4/16,37.39
2004/4/23,37.32
2004/4/30,37.31
2004/5/7,39.24
2004/5/14,40.37
2004/5/21,40.84
2004/5/28,40.65
2004/6/4,40.01
2004/6/11,37.99
2004/6/18,37.86
2004/6/25,37.7
2004/7/2,37.14
2004/7/9,39.73
2004/7/16,40.33
2004/7/23,41.27
2004/7/30,42.5
2004/8/6,43.81
2004/8/13,45.24
2004/8/20,47.28
2004/8/27,44.34
2004/9/3,43.28
2004/9/10,43.33
2004/9/17,44.39
2004/9/24,47.82
2004/10/1,49.71
2004/10/8,51.77
2004/10/15,54.12
2004/10/22,54.43
2004/10/29,53.43
2004/11/5,49.81
2004/11/12,48
2004/11/19,47.02
2004/11/26,48.79
2004/12/3,46.06
2004/12/10,41.91
2004/12/17,43.5
2004/12/24,44.39
2004/12/31,42.52
2005/1/7,44.07
2005/1/14,46.79
2005/1/21,47.85
2005/1/28,48.56
2005/2/4,46.97
2005/2/11,46.08
2005/2/18,47.82
2005/2/25,51.75
2005/3/4,52.74
2005/3/11,54.22
2005/3/18,55.93
2005/3/25,52.95
2005/4/1,54.97
2005/4/8,55.24
2005/4/15,51.44
2005/4/22,52.39
2005/4/29,52
2005/5/6,50.64
2005/5/13,50.33
2005/5/20,47.77
2005/5/27,50.15
2005/6/3,53.76
2005/6/10,53.74
2005/6/17,56.18
2005/6/24,59.04
2005/7/1,58.21
2005/7/8,60.36
2005/7/15,59.18
2005/7/22,57.3
2005/7/29,59.39
2005/8/5,61.64
2005/8/12,64.85
2005/8/19,64.92
2005/8/26,66.34
2005/9/2,68.47
2005/9/9,64.81
2005/9/16,63.84
2005/9/23,66.43
2005/9/30,66.06
2005/10/7,63.06
2005/10/14,62.87
2005/10/21,62.28
2005/10/28,61.33
2005/11/4,60.34
2005/11/11,58.8
2005/11/18,57
2005/11/25,58.13
2005/12/2,57.78
2005/12/9,59.83
2005/12/16,60.32
2005/12/23,57.97
2005/12/30,59.82
2006/1/6,63.39
2006/1/13,63.74
2006/1/20,66.79
2006/1/27,66.82
2006/2/3,66.59
2006/2/10,63.06
2006/2/17,59.37
2006/2/24,59.93
2006/3/3,62.27
2006/3/10,60.89
2006/3/17,62.64
2006/3/24,61.36
2006/3/31,65.67
2006/4/7,66.56
2006/4/14,68.85
2006/4/21,71.87
2006/4/28,70.38
2006/5/5,72.14
2006/5/12,71.5
2006/5/19,69.07
2006/5/26,70.35
2006/6/2,71.53
2006/6/9,71.54
2006/6/16,69.48
2006/6/23,69.94
2006/6/30,72.65
2006/7/7,74.65
2006/7/14,75.21
2006/7/21,73.98
2006/7/28,73.87
2006/8/4,75.2
2006/8/11,75.63
2006/8/18,71.79
2006/8/25,72.12
2006/9/1,70.01
2006/9/8,67.53
2006/9/15,63.98
2006/9/22,61.4
2006/9/29,61.94
2006/10/6,59.77
2006/10/13,58.58
2006/10/20,58.48
2006/10/27,58.88
2006/11/3,58.55
2006/11/10,59.96
2006/11/17,57.56
2006/11/24,57.24
2006/12/1,62.02
2006/12/8,62.32
2006/12/15,61.91
2006/12/22,62.4
2006/12/29,60.66
2007/1/5,57.76
2007/1/12,54.11
2007/1/19,51.51
2007/1/26,53.57
2007/2/2,57.11
2007/2/9,58.99
2007/2/16,58.41
2007/2/23,59.57
2007/3/2,61.64
2007/3/9,60.85
2007/3/16,57.94
2007/3/23,58.26
2007/3/30,64.18
2007/4/6,64.82
2007/4/13,62.58
2007/4/20,63.06
2007/4/27,65.26
2007/5/4,63.82
2007/5/11,61.9
2007/5/18,63.61
2007/5/25,64.89
2007/6/1,63.94
2007/6/8,65.9
2007/6/15,66.62
2007/6/22,68.78
2007/6/29,69.13
2007/7/6,71.78
2007/7/13,72.79
2007/7/20,74.92
2007/7/27,75.15
2007/8/3,76.75
2007/8/10,71.92
2007/8/17,72.05
2007/8/24,70.19
2007/8/31,72.93
2007/9/7,75.96
2007/9/14,78.95
2007/9/21,82.26
2007/9/28,81.7
2007/10/5,80.59
2007/10/12,81.46
2007/10/19,87.8
2007/10/26,89.23
2007/11/2,93.46
2007/11/9,95.81
2007/11/16,93.56
2007/11/23,97.93
2007/11/30,92.47
2007/12/7,88.71
2007/12/14,91.18
2007/12/21,91.16
2007/12/28,95.64
2008/1/4,98.17
2008/1/11,94.76
2008/1/18,91.51
2008/1/25,89.41
2008/2/1,91.14
2008/2/8,89.08
2008/2/15,94.13
2008/2/22,99.61
2008/2/29,100.84
2008/3/7,103.44
2008/3/14,109.35
2008/3/21,105.28
2008/3/28,104.49
2008/4/4,103.46
2008/4/11,109.71
2008/4/18,114.33
2008/4/25,118.53
2008/5/2,115.42
2008/5/9,123.01
2008/5/16,124.96
2008/5/23,130.14
2008/5/30,128.47
2008/6/6,128.16
2008/6/13,134.8
2008/6/20,134.34
2008/6/27,137
2008/7/4,142.52
2008/7/11,139.95
2008/7/18,135.37
2008/7/25,125.92
2008/8/1,124.57
2008/8/8,118.8
2008/8/15,114.4
2008/8/22,115.7
2008/8/29,116.09
2008/9/5,108.37
2008/9/12,102.88
2008/9/19,97.19
2008/9/26,111.12
2008/10/3,96.59
2008/10/10,86.24
2008/10/17,75.19
2008/10/24,68.56
2008/10/31,65.21
2008/11/7,64.31
2008/11/14,58.6
2008/11/21,52.26
2008/11/28,53.27
2008/12/5,45.6
2008/12/12,44.57
2008/12/19,39.7
2008/12/26,32.98
2009/1/2,42.4
2009/1/9,44.46
2009/1/16,36.73
2009/1/23,42.15
2009/1/30,42.7
2009/2/6,40.78
2009/2/13,36.94
2009/2/20,37.15
2009/2/27,41.1
2009/3/6,43.18
2009/3/13,45.66
2009/3/20,49.49
2009/3/27,52.99
2009/4/3,50.34
2009/4/10,50.46
2009/4/17,49.86
2009/4/24,47.8
2009/5/1,50.2
2009/5/8,55.96
2009/5/15,57.94
2009/5/22,60.32
2009/5/29,64.32
2009/6/5,68.11
2009/6/12,70.85
2009/6/19,70.62
2009/6/26,68.58
2009/7/3,69.32
2009/7/10,61.48
2009/7/17,61.29
2009/7/24,65.28
2009/7/31,67.03
2009/8/7,71.58
2009/8/14,69.64
2009/8/21,70.8
2009/8/28,72.37
2009/9/4,68.39
2009/9/11,70.91
2009/9/18,71.32
2009/9/25,68.33
2009/10/2,68.84
2009/10/9,70.8
2009/10/16,75.73
2009/10/23,80.06
2009/10/30,78.47
2009/11/6,79
2009/11/13,78.24
2009/11/20,78.37
2009/11/27,76.14
2009/12/4,76.81
2009/12/11,71.51
2009/12/18,71.72
2009/12/25,74.76
2010/1/1,79.07
2010/1/8,82.34
2010/1/15,80.06
2010/1/22,76.62
2010/1/29,73.94
2010/2/5,74.57
2010/2/12,73.88
2010/2/19,78.25
2010/2/26,79.22
2010/3/5,80.19
2010/3/12,81.76
2010/3/19,81.44
2010/3/26,80.65
2010/4/2,83.01
2010/4/9,85.66
2010/4/16,84.34
2010/4/23,82.9
2010/4/30,84.22
2010/5/7,80.24
2010/5/14,74.98
2010/5/21,69.14
2010/5/28,70.62
2010/6/4,72.91
2010/6/11,73.44
2010/6/18,76.7
2010/6/25,77.06
2010/7/2,74.96
2010/7/9,74.39
2010/7/16,76.35
2010/7/23,77.56
2010/7/30,78.12
2010/8/6,81.79
2010/8/13,78.17
2010/8/20,74.84
2010/8/27,72.91
2010/9/3,74.02
2010/9/10,74.82
2010/9/17,75.62
2010/9/24,73.76
2010/10/1,78.41
2010/10/8,82.29
2010/10/15,82.16
2010/10/22,81.15
2010/10/29,82.03
2010/11/5,84.93
2010/11/12,86.91
2010/11/19,82.23
2010/11/26,82.28
2010/12/3,86.75
2010/12/10,88.5
2010/12/17,88.27
2010/12/24,89.66
2010/12/31,90.97
2011/1/7,89.54
2011/1/14,91.02
2011/1/21,89.75
2011/1/28,86.11
2011/2/4,89.52
2011/2/11,85.51
2011/2/18,84.13
2011/2/25,95.26
2011/3/4,101.05
2011/3/11,103.74
2011/3/18,99.79
2011/3/25,104.41
2011/4/1,105.08
2011/4/8,109.29
2011/4/15,107.75
2011/4/22,109.11
2011/4/29,112.3
2011/5/6,105.84
2011/5/13,99.87
2011/5/20,97.99
2011/5/27,99.55
2011/6/3,100.92
2011/6/10,100.05
2011/6/17,95.87
2011/6/24,92.7
2011/7/1,93.7
2011/7/8,97.12
2011/7/15,96.72
2011/7/22,98.01
2011/7/29,97.83
2011/8/5,90.85
2011/8/12,82.86
2011/8/19,85.36
2011/8/26,85.06
2011/9/2,88.07
2011/9/9,87.91
2011/9/16,88.93
2011/9/23,83.65
2011/9/30,81.18
2011/10/7,79.43
2011/10/14,85.35
2011/10/21,86.82
2011/10/28,92.32
2011/11/4,93.24
2011/11/11,96.97
2011/11/18,99.32
2011/11/25,96.89
2011/12/2,99.91
2011/12/9,100.08
2011/12/16,96.06
2011/12/23,97.74
2011/12/30,99.81
2012/1/6,102.39
2012/1/13,100.43
2012/1/20,99.95
2012/1/27,99.35
2012/2/3,97.8
2012/2/10,98.56
2012/2/17,101.73
2012/2/24,107.18
2012/3/2,107.52
2012/3/9,106.32
2012/3/16,106.15
2012/3/23,106.41
2012/3/30,105.12
2012/4/6,103.52
2012/4/13,102.55
2012/4/20,103.15
2012/4/27,103.78
2012/5/4,103.47
2012/5/11,96.98
2012/5/18,93.11
2012/5/25,90.88
2012/6/1,87.06
2012/6/8,84.43
2012/6/15,83.27
2012/6/22,81.11
2012/6/29,80.23
2012/7/6,85.74
2012/7/13,85.78
2012/7/20,90.34
2012/7/27,88.88
2012/8/3,89.1
2012/8/10,93.14
2012/8/17,94.43
2012/8/24,96.22
2012/8/31,95.68
2012/9/7,95.68
2012/9/14,97.56
2012/9/21,93.7
2012/9/28,91.35
2012/10/5,90.81
2012/10/12,91.42
2012/10/19,91.59
2012/10/26,86.35
2012/11/2,85.87
2012/11/9,85.98
2012/11/16,85.87
2012/11/23,87.4
2012/11/30,87.27
2012/12/7,87
2012/12/14,85.71
2012/12/21,88.24
2012/12/28,90.14
2013/1/4,92.77
2013/1/11,93.38
2013/1/18,94.58
2013/1/25,95.41
2013/2/1,97.33
2013/2/8,96.18
2013/2/15,96.95
2013/2/22,94.38
2013/3/1,92.19
2013/3/8,91
2013/3/15,92.7
2013/3/22,93.05
2013/3/29,96.08
2013/4/5,95.07
2013/4/12,93.36
2013/4/19,88
2013/4/26,91
2013/5/3,93.4
2013/5/10,95.84
2013/5/17,94.65
2013/5/24,94.76
2013/5/31,93.32
2013/6/7,94.25
2013/6/14,96.36
2013/6/21,96.65
2013/6/28,95.83
2013/7/5,100.65
2013/7/12,104.7
2013/7/19,106.88
2013/7/26,105.88
2013/8/2,105.54
2013/8/9,105.17
2013/8/16,106.97
2013/8/23,105.48
2013/8/30,108.33
2013/9/6,108.77
2013/9/13,108.36
2013/9/20,106.22
2013/9/27,103.1
2013/10/4,103.14
2013/10/11,102.7
2013/10/18,101.51
2013/10/25,97.57
2013/11/1,96.94
2013/11/8,94.31
2013/11/15,93.94
2013/11/22,93.92
2013/11/29,92.97
2013/12/6,96.21
2013/12/13,97.23
2013/12/20,97.85
2013/12/27,99.15
2014/1/3,96.47
2014/1/10,92.42
2014/1/17,92.98
2014/1/24,96.19
2014/1/31,97.29
2014/2/7,97.78
2014/2/14,100.21
2014/2/21,102.93
2014/2/28,102.77
2014/3/7,103.07
2014/3/14,99.55
2014/3/21,99.77
2014/3/28,100.66
2014/4/4,100.46
2014/4/11,102.72
2014/4/18,103.95
2014/4/25,102.11
2014/5/2,100.51
2014/5/9,100.29
2014/5/16,101.92
2014/5/23,103.82
2014/5/30,103.95
2014/6/6,103.23
2014/6/13,105.97
2014/6/20,107.23
2014/6/27,106.69
2014/7/4,105.52
2014/7/11,103.25
2014/7/18,102.37
2014/7/25,104.35
2014/8/1,102.19
2014/8/8,97.5
2014/8/15,97.17
2014/8/22,94.95
2014/8/29,96.25
2014/9/5,94.06
2014/9/12,92.43
2014/9/19,93.52
2014/9/26,93.15
2014/10/3,91.44
2014/10/10,87.63
2014/10/17,82.88
2014/10/24,82.12
2014/10/31,81.29
2014/11/7,78.24
2014/11/14,76.5
2014/11/21,75.38
2014/11/28,72.36
2014/12/5,67.18
2014/12/12,61.14
2014/12/19,55.89
2014/12/26,55.58
2015/1/2,53.44
2015/1/9,48.77
2015/1/16,47.07
2015/1/23,46.46
2015/1/30,45.32
2015/2/6,50.58
2015/2/13,51.14
2015/2/20,51.69
2015/2/27,49.16
2015/3/6,50.38
2015/3/13,47.69
2015/3/20,44.39
2015/3/27,48.68
2015/4/3,48.91
2015/4/10,51.78
2015/4/17,54.78
2015/4/24,56.14
2015/5/1,57.98
2015/5/8,59.73
2015/5/15,60.01
2015/5/22,58.95
2015/5/29,58.19
2015/6/5,59.66
2015/6/12,60.07
2015/6/19,59.89
2015/6/26,60.01
2015/7/3,57.92
2015/7/10,52.38
2015/7/17,51.68
2015/7/24,49.21
2015/7/31,47.91
2015/8/7,44.94
2015/8/14,43.2
2015/8/21,41.34
2015/8/28,40.73
2015/9/4,46.73
2015/9/11,45.16
2015/9/18,45.48
2015/9/25,45.57
2015/10/2,45
2015/10/9,48.36
2015/10/16,46.82
2015/10/23,45.16
2015/10/30,44.99
2015/11/6,45.98
2015/11/13,42.7
2015/11/20,40.62
2015/11/27,40.49
2015/12/4,40.4
2015/12/11,36.93
2015/12/18,35.78
2015/12/25,36.26
2016/1/1,36.99
2016/1/8,34.65
2016/1/15,30.59
2016/1/22,29.19
2016/1/29,31.81
2016/2/5,31.26
2016/2/12,28.14
2016/2/19,30.02
2016/2/26,31.32
2016/3/4,34.43
2016/3/11,37.69
2016/3/18,38.32
2016/3/25,39.45
2016/4/1,36.82
2016/4/8,36.72
2016/4/15,41.23
2016/4/22,41.86
2016/4/29,44.3
2016/5/6,44.22
2016/5/13,45.44
2016/5/20,47.99
2016/5/27,48.72
2016/6/3,49
2016/6/10,50.18
2016/6/17,47.89
2016/6/24,48.71
2016/7/1,48.17
2016/7/8,46.17
2016/7/15,45.6
2016/7/22,44.44
2016/7/29,41.83
2016/8/5,40.82
2016/8/12,43.11
2016/8/19,47.16
2016/8/26,47.05
2016/9/2,45.11
2016/9/9,45.96
2016/9/16,44.34
2016/9/23,44.59
2016/9/30,46.55
2016/10/7,49.48
2016/10/14,50.29
2016/10/21,50.56
2016/10/28,49.36
2016/11/4,45.51
2016/11/11,44.61
2016/11/18,45.15
2016/11/25,47.25
2016/12/2,48.63
2016/12/9,50.97
2016/12/16,51.91
2016/12/23,51.95
2016/12/30,53.6
2017/1/6,53.34
2017/1/13,52.07
2017/1/20,51.82
2017/1/27,52.74
2017/2/3,53.33
2017/2/10,52.88
2017/2/17,53.22
2017/2/24,54.03
2017/3/3,53.56
2017/3/10,50.5
2017/3/17,48.03
2017/3/24,47.28
2017/3/31,49.14
2017/4/7,51.26
2017/4/14,53.19
2017/4/21,51.09
2017/4/28,49.12
2017/5/5,47.21
2017/5/12,47.04
2017/5/19,49.24
2017/5/26,50.21
2017/6/2,48.48
2017/6/9,46.57
2017/6/16,45.3
2017/6/23,43.09
2017/6/30,44.63
2017/7/7,44.96
2017/7/14,45.51
2017/7/21,46.41
2017/7/28,48.27
2017/8/4,49.52
2017/8/11,49.08
2017/8/18,47.52
2017/8/25,47.68
2017/9/1,46.68
2017/9/8,48.58
2017/9/15,49.07
2017/9/22,50.12
2017/9/29,51.77
2017/10/6,50.23
2017/10/13,50.77
2017/10/20,51.74
2017/10/27,52.51
2017/11/3,54.59
2017/11/10,57.05
2017/11/17,55.81
2017/11/24,57.47
2017/12/1,57.81
2017/12/8,56.92
2017/12/15,57.17
2017/12/22,57.87
2017/12/29,59.88
2018/1/5,61.36
2018/1/12,63.26
2018/1/19,63.77
2018/1/26,65.14
2018/2/2,65.32
2018/2/9,62.01
2018/2/16,60.56
2018/2/23,62.47
2018/3/2,62.07
2018/3/9,61.65
2018/3/16,61.28
2018/3/23,64.11
2018/3/30,64.97
2018/4/6,63.07
2018/4/13,66.02
2018/4/20,67.55
2018/4/27,67.91
2018/5/4,68.38
2018/5/11,70.56
2018/5/18,71.3
2018/5/25,70.98
2018/6/1,66.96
2018/6/8,65.35
2018/6/15,66.21
2018/6/22,66.32
2018/6/29,74.03
2018/7/6,73.73
2018/7/13,71.96
2018/7/20,68.95
2018/7/27,70.01
2018/8/3,69.46
2018/8/10,67.9
2018/8/17,66.15
2018/8/24,68.1
2018/8/31,69.66
2018/9/7,68.51
2018/9/14,68.96
2018/9/21,70.28
2018/9/28,72.84
2018/10/5,75.13
2018/10/12,72.96
2018/10/19,70.24
2018/10/26,67.43
2018/11/2,65.06
2018/11/9,61.57
2018/11/16,56.92
2018/11/23,54.99
2018/11/30,51.01
2018/12/7,52.63
2018/12/14,51.54
2018/12/21,46.98
2018/12/28,45.22
2019/1/4,47
2019/1/11,50.78
2019/1/18,51.92
2019/1/25,52.88
2019/2/1,53.63
2019/2/8,53.53
2019/2/15,53.88
2019/2/22,56.74
2019/3/1,56.12
2019/3/8,56.35
2019/3/15,57.81
2019/3/22,59.44
2019/3/29,59.49
2019/4/5,62.36
2019/4/12,64.1
2019/4/19,63.8
2019/4/26,65.28
2019/5/3,62.9
2019/5/10,61.81
2019/5/17,62.1
2019/5/24,60.72
2019/5/31,56.93
2019/6/7,52.97
2019/6/14,52.52
2019/6/21,54.75
2019/6/28,58.38
2019/7/5,57.32
2019/7/12,59.02
2019/7/19,56.74
2019/7/26,56.05
2019/8/2,56.55
2019/8/9,53.28
2019/8/16,55.31
2019/8/23,55.5
2019/8/30,55.21
2019/9/6,55.73
2019/9/13,56.16
2019/9/20,59.33
2019/9/27,56.9
2019/10/4,53.12
2019/10/11,53.27
2019/10/18,53.49
2019/10/25,55.2
2019/11/1,55.17
2019/11/8,56.69
2019/11/15,56.85
2019/11/22,56.9
2019/11/29,58.07
2019/12/6,57.64
2019/12/13,59.25
2019/12/20,60.75
2019/12/27,61.29
2020/1/3,62.09
2020/1/10,60.84
2020/1/17,58.29
2020/1/24,56.15
2020/1/31,52.7
2020/2/7,50.36
2020/2/14,50.83
2020/2/21,53.14
2020/2/28,48.36
2020/3/6,45.57
2020/3/13,32.39
2020/3/20,24.19
2020/3/27,19.44
2020/4/3,21.69
2020/4/10,24.41
2020/4/17,20.12
2020/4/24,3.32
2020/5/1,15.71
2020/5/8,23.46
2020/5/15,26.4
2020/5/22,33.1
2020/5/29,34.19
2020/6/5,37.32
2020/6/12,37.87
2020/6/19,38.35
2020/6/26,39.22
2020/7/3,39.85
2020/7/10,40.44
2020/7/17,40.57
2020/7/24,41.34
2020/7/31,40.69
2020/8/7,41.57
2020/8/14,42.08
2020/8/21,42.73
2020/8/28,42.93
2020/9/4,41.84
2020/9/11,37.38
2020/9/18,39.55
2020/9/25,39.78
2020/10/2,38.99
2020/10/9,40.19
2020/10/16,40.33
2020/10/23,40.43
2020/10/30,37.32
2020/11/6,37.71
2020/11/13,40.66
2020/11/20,41.52
2020/11/27,44.4
2020/12/4,45.37
2020/12/11,46.04
2020/12/18,47.97
2020/12/25,47.73
2021/1/1,47.98
2021/1/8,50.09
2021/1/15,52.75
2021/1/22,52.82
